gender,SeniorCitizen,Partner,Dependents,tenure,PhoneService,MultipleLines,InternetService,OnlineSecurity,OnlineBackup,DeviceProtection,TechSupport,StreamingTV,StreamingMovies,Contract,PaperlessBilling,PaymentMethod,MonthlyCharges,TotalCharges,Churn,tenure_bucket,num_active_services,has_internet,avg_monthly_spend,charge_per_service,is_month_to_month,contract_risk_score
Male,No,No,No,2,Yes,No,Fiber optic,No,No,No,No,No,No,Month-to-month,No,Credit card (automatic),70.7,140.7,1,New(0-12mo),1,1,70.35,35.35,1,0
Female,No,No,No,15,Yes,Yes,Fiber optic,Yes,No,Yes,No,No,No,Month-to-month,Yes,Credit card (automatic),84.35,1302.65,0,Established(1-2yr),4,1,86.84333333333333,16.869999999999997,1,0
Male,No,Yes,Yes,67,Yes,Yes,Fiber optic,No,Yes,No,No,No,Yes,Month-to-month,Yes,Bank transfer (automatic),89.55,6373.1,0,VIP(4yr+),4,1,95.12089552238807,17.91,1,0
Male,No,No,No,5,Yes,No,DSL,No,Yes,No,Yes,No,Yes,Month-to-month,Yes,Bank transfer (automatic),65.6,339.9,0,New(0-12mo),4,1,67.97999999999999,13.12,1,0
Male,No,No,No,26,Yes,No,No,No internet service,No internet service,No internet service,No internet service,No internet service,No internet service,Month-to-month,Yes,Electronic check,20.3,511.25,0,Loyal(2-4yr),1,0,19.66346153846154,10.15,1,0
Female,No,No,No,4,Yes,Yes,DSL,No,No,No,Yes,Yes,No,Month-to-month,Yes,Mailed check,64.4,253.0,0,New(0-12mo),4,1,63.25,12.88,1,0
Male,No,Yes,Yes,23,Yes,No,No,No internet service,No internet service,No internet service,No internet service,No internet service,No internet service,Two year,No,Credit card (automatic),19.6,426.65,0,Established(1-2yr),1,0,18.55,9.8,0,2
Male,Yes,No,No,2,Yes,No,Fiber optic,No,Yes,No,No,No,No,Month-to-month,Yes,Electronic check,74.7,165.4,1,New(0-12mo),2,1,82.7,24.900000000000002,1,0
Male,No,No,No,51,Yes,No,No,No internet service,No internet service,No internet service,No internet service,No internet service,No internet service,One year,No,Electronic check,19.1,1007.8,0,VIP(4yr+),1,0,19.76078431372549,9.55,0,1
Male,No,Yes,Yes,29,Yes,Yes,DSL,No,Yes,Yes,No,Yes,Yes,Month-to-month,No,Credit card (automatic),80.1,2211.8,0,Loyal(2-4yr),6,1,76.26896551724138,11.442857142857141,1,0
Male,No,No,No,4,Yes,Yes,Fiber optic,No,No,No,No,No,Yes,Month-to-month,Yes,Electronic check,85.65,338.9,1,New(0-12mo),3,1,84.725,21.4125,1,0
Male,No,No,No,7,Yes,Yes,Fiber optic,No,No,No,No,No,Yes,Month-to-month,Yes,Electronic check,86.8,620.35,1,New(0-12mo),3,1,88.62142857142858,21.7,1,0
Female,No,No,Yes,11,Yes,No,No,No internet service,No internet service,No internet service,No internet service,No internet service,No internet service,Month-to-month,No,Credit card (automatic),20.1,221.35,1,New(0-12mo),1,0,20.12272727272727,10.05,1,0
Female,No,No,No,48,Yes,Yes,No,No internet service,No internet service,No internet service,No internet service,No internet service,No internet service,One year,No,Bank transfer (automatic),24.55,1203.95,0,Loyal(2-4yr),2,0,25.082291666666666,8.183333333333334,0,1
Male,No,No,No,1,Yes,Yes,DSL,No,Yes,No,No,No,No,Month-to-month,No,Electronic check,54.3,54.3,0,New(0-12mo),3,1,54.3,13.575,1,0
Male,No,Yes,Yes,72,Yes,Yes,DSL,Yes,Yes,Yes,Yes,Yes,Yes,Two year,No,Credit card (automatic),89.7,6339.3,0,VIP(4yr+),8,1,88.04583333333333,9.966666666666667,0,2
Female,No,Yes,Yes,71,Yes,No,DSL,Yes,No,Yes,No,Yes,Yes,Two year,No,Credit card (automatic),77.55,5574.35,0,VIP(4yr+),5,1,78.51197183098591,12.924999999999999,0,2
Female,Yes,Yes,No,69,Yes,Yes,Fiber optic,No,Yes,No,Yes,Yes,Yes,Two year,No,Credit card (automatic),105.4,6998.95,0,VIP(4yr+),6,1,101.4340579710145,15.057142857142859,0,2
Male,No,No,No,1,Yes,No,No,No internet service,No internet service,No internet service,No internet service,No internet service,No internet service,Month-to-month,No,Mailed check,20.0,20.0,0,New(0-12mo),1,0,20.0,10.0,1,0
Female,No,No,No,15,Yes,No,Fiber optic,Yes,No,Yes,Yes,Yes,Yes,Month-to-month,No,Electronic check,105.1,1582.75,1,Established(1-2yr),6,1,105.51666666666667,15.014285714285714,1,0
Female,No,No,No,70,No,No phone service,DSL,Yes,Yes,Yes,Yes,No,No,Two year,Yes,Bank transfer (automatic),44.6,3058.15,0,VIP(4yr+),4,1,43.68785714285715,8.92,0,2
Female,No,Yes,Yes,5,Yes,No,Fiber optic,No,Yes,No,No,No,Yes,Month-to-month,Yes,Electronic check,83.6,404.2,1,New(0-12mo),3,1,80.84,20.9,1,0
Female,No,Yes,Yes,32,Yes,Yes,Fiber optic,Yes,No,No,No,Yes,No,Month-to-month,No,Electronic check,89.6,2901.8,0,Loyal(2-4yr),4,1,90.68125,17.919999999999998,1,0
Female,Yes,Yes,Yes,46,Yes,Yes,Fiber optic,Yes,Yes,No,Yes,Yes,Yes,Month-to-month,Yes,Electronic check,110.2,4972.1,0,Loyal(2-4yr),7,1,108.08913043478262,13.775,1,0
Male,No,No,No,10,Yes,Yes,No,No internet service,No internet service,No internet service,No internet service,No internet service,No internet service,Two year,No,Bank transfer (automatic),25.7,251.6,0,New(0-12mo),2,0,25.16,8.566666666666666,0,2
Male,No,Yes,Yes,28,Yes,Yes,DSL,No,Yes,No,No,No,Yes,Month-to-month,No,Electronic check,64.4,1802.15,0,Loyal(2-4yr),4,1,64.3625,12.88,1,0
Male,Yes,Yes,No,35,Yes,Yes,Fiber optic,No,No,Yes,No,Yes,Yes,Month-to-month,Yes,Electronic check,100.8,3437.5,0,Loyal(2-4yr),5,1,98.21428571428571,16.8,1,0
Male,Yes,Yes,No,34,Yes,No,Fiber optic,No,No,Yes,No,Yes,No,Month-to-month,Yes,Credit card (automatic),85.2,2874.45,0,Loyal(2-4yr),3,1,84.54264705882352,21.3,1,0
Female,No,Yes,Yes,30,Yes,No,No,No internet service,No internet service,No internet service,No internet service,No internet service,No internet service,Two year,No,Mailed check,19.3,602.9,0,Loyal(2-4yr),1,0,20.096666666666668,9.65,0,2
Female,No,Yes,No,45,Yes,No,Fiber optic,No,No,No,Yes,Yes,Yes,Two year,Yes,Credit card (automatic),95.2,4285.8,0,Loyal(2-4yr),4,1,95.24000000000001,19.04,0,2
Male,No,Yes,Yes,10,Yes,Yes,No,No internet service,No internet service,No internet service,No internet service,No internet service,No internet service,Month-to-month,Yes,Mailed check,24.4,253.9,0,New(0-12mo),2,0,25.39,8.133333333333333,1,0
Female,No,Yes,No,5,Yes,Yes,DSL,No,No,Yes,Yes,Yes,No,Month-to-month,No,Bank transfer (automatic),67.95,350.3,1,New(0-12mo),5,1,70.06,11.325000000000001,1,0
Male,No,No,No,5,No,No phone service,DSL,No,Yes,No,No,Yes,Yes,Month-to-month,Yes,Mailed check,51.0,305.95,1,New(0-12mo),3,1,61.19,12.75,1,0
Female,No,No,No,12,Yes,No,No,No internet service,No internet service,No internet service,No internet service,No internet service,No internet service,One year,No,Electronic check,20.15,260.7,0,New(0-12mo),1,0,21.724999999999998,10.075,0,1
Male,No,No,No,31,Yes,No,No,No internet service,No internet service,No internet service,No internet service,No internet service,No internet service,Two year,No,Bank transfer (automatic),20.4,609.1,0,Loyal(2-4yr),1,0,19.648387096774194,10.2,0,2
Female,Yes,No,No,1,Yes,No,Fiber optic,No,No,No,No,Yes,No,Month-to-month,Yes,Electronic check,79.2,79.2,1,New(0-12mo),2,1,79.2,26.400000000000002,1,0
Female,No,No,No,1,Yes,No,Fiber optic,No,No,No,No,No,No,Month-to-month,No,Mailed check,70.9,70.9,1,New(0-12mo),1,1,70.9,35.45,1,0
Male,No,No,No,32,Yes,No,Fiber optic,No,No,No,No,Yes,Yes,Month-to-month,No,Electronic check,91.05,2871.5,0,Loyal(2-4yr),3,1,89.734375,22.7625,1,0
Male,No,Yes,Yes,15,Yes,No,No,No internet service,No internet service,No internet service,No internet service,No internet service,No internet service,Month-to-month,Yes,Electronic check,20.0,288.05,1,Established(1-2yr),1,0,19.203333333333333,10.0,1,0
Male,No,No,No,18,Yes,No,Fiber optic,No,No,No,Yes,No,No,Month-to-month,Yes,Bank transfer (automatic),75.9,1373.05,0,Established(1-2yr),2,1,76.28055555555555,25.3,1,0
Male,No,No,No,46,Yes,Yes,Fiber optic,No,Yes,Yes,No,Yes,No,One year,Yes,Credit card (automatic),94.9,4422.95,0,Loyal(2-4yr),5,1,96.15108695652174,15.816666666666668,0,1
Female,No,No,No,1,Yes,No,DSL,No,No,No,No,No,No,Month-to-month,No,Bank transfer (automatic),44.15,44.15,0,New(0-12mo),1,1,44.15,22.075,1,0
Female,No,Yes,No,42,Yes,No,No,No internet service,No internet service,No internet service,No internet service,No internet service,No internet service,Month-to-month,No,Credit card (automatic),20.35,869.9,0,Loyal(2-4yr),1,0,20.711904761904762,10.175,1,0
Male,No,No,No,22,Yes,Yes,Fiber optic,Yes,No,No,No,Yes,Yes,Month-to-month,Yes,Electronic check,100.75,2095.0,1,Established(1-2yr),5,1,95.22727272727273,16.791666666666668,1,0
Female,No,Yes,Yes,11,No,No phone service,DSL,Yes,No,No,No,Yes,Yes,Month-to-month,No,Electronic check,50.55,565.35,0,New(0-12mo),3,1,51.39545454545455,12.6375,1,0
Female,Yes,No,No,2,Yes,Yes,Fiber optic,No,No,Yes,No,No,No,Month-to-month,Yes,Electronic check,78.55,149.55,1,New(0-12mo),3,1,74.775,19.6375,1,0
Male,Yes,No,No,39,Yes,Yes,Fiber optic,No,No,No,No,Yes,Yes,Month-to-month,Yes,Bank transfer (automatic),95.65,3759.05,1,Loyal(2-4yr),4,1,96.38589743589743,19.130000000000003,1,0
Female,No,No,Yes,11,No,No phone service,DSL,Yes,No,No,Yes,No,No,One year,Yes,Mailed check,36.05,402.6,0,New(0-12mo),2,1,36.6,12.016666666666666,0,1
Female,Yes,Yes,No,27,Yes,Yes,DSL,No,Yes,Yes,Yes,Yes,Yes,Month-to-month,No,Electronic check,83.85,2310.2,0,Loyal(2-4yr),7,1,85.56296296296296,10.48125,1,0
Female,No,No,No,2,Yes,No,No,No internet service,No internet service,No internet service,No internet service,No internet service,No internet service,Month-to-month,Yes,Mailed check,20.55,33.6,0,New(0-12mo),1,0,16.8,10.275,1,0
Male,No,No,No,3,Yes,No,Fiber optic,No,No,Yes,Yes,Yes,Yes,Month-to-month,Yes,Electronic check,98.7,293.65,1,New(0-12mo),5,1,97.88333333333333,16.45,1,0
Female,No,Yes,No,72,Yes,No,No,No internet service,No internet service,No internet service,No internet service,No internet service,No internet service,Two year,No,Credit card (automatic),20.5,1502.25,0,VIP(4yr+),1,0,20.864583333333332,10.25,0,2
Female,No,Yes,Yes,72,Yes,Yes,Fiber optic,No,Yes,Yes,Yes,Yes,Yes,Two year,Yes,Bank transfer (automatic),109.2,7711.45,0,VIP(4yr+),7,1,107.10347222222222,13.65,0,2
Male,No,Yes,Yes,70,Yes,Yes,Fiber optic,Yes,Yes,No,No,Yes,Yes,Month-to-month,Yes,Electronic check,106.05,7554.05,0,VIP(4yr+),6,1,107.915,15.15,1,0
Male,No,No,No,48,Yes,No,No,No internet service,No internet service,No internet service,No internet service,No internet service,No internet service,Two year,No,Credit card (automatic),20.15,982.95,0,Loyal(2-4yr),1,0,20.478125000000002,10.075,0,2
Female,No,Yes,Yes,72,Yes,Yes,Fiber optic,Yes,Yes,No,No,Yes,No,Two year,Yes,Electronic check,95.1,6843.15,0,VIP(4yr+),5,1,95.04374999999999,15.85,0,2
Female,No,No,No,11,Yes,No,DSL,Yes,No,No,No,No,No,Month-to-month,No,Credit card (automatic),48.55,501.0,1,New(0-12mo),2,1,45.54545454545455,16.183333333333334,1,0
Female,No,Yes,Yes,51,Yes,No,DSL,Yes,Yes,No,Yes,No,Yes,One year,Yes,Credit card (automatic),69.75,3562.5,0,VIP(4yr+),5,1,69.8529411764706,11.625,0,1
Male,No,No,No,2,Yes,No,No,No internet service,No internet service,No internet service,No internet service,No internet service,No internet service,Month-to-month,No,Mailed check,20.75,44.2,0,New(0-12mo),1,0,22.1,10.375,1,0
Male,No,No,No,69,Yes,Yes,Fiber optic,Yes,Yes,Yes,No,Yes,Yes,Two year,Yes,Credit card (automatic),110.05,7430.75,0,VIP(4yr+),7,1,107.69202898550725,13.75625,0,2
Female,No,Yes,No,71,No,No phone service,DSL,Yes,Yes,Yes,Yes,Yes,Yes,One year,No,Bank transfer (automatic),66.8,4689.15,0,VIP(4yr+),6,1,66.0443661971831,9.542857142857143,0,1
Female,Yes,Yes,Yes,29,No,No phone service,DSL,No,Yes,Yes,No,No,No,Month-to-month,Yes,Mailed check,35.65,1025.15,0,Loyal(2-4yr),2,1,35.35,11.883333333333333,1,0
Male,No,Yes,No,34,Yes,Yes,Fiber optic,No,Yes,No,No,No,Yes,Month-to-month,No,Mailed check,88.85,3000.25,0,Loyal(2-4yr),4,1,88.24264705882354,17.77,1,0
Female,No,No,No,10,Yes,No,DSL,No,Yes,No,No,No,No,Month-to-month,No,Electronic check,51.2,498.25,0,New(0-12mo),2,1,49.825,17.066666666666666,1,0
Female,No,Yes,Yes,13,Yes,No,No,No internet service,No internet service,No internet service,No internet service,No internet service,No internet service,Two year,No,Mailed check,20.85,272.35,0,Established(1-2yr),1,0,20.950000000000003,10.425,0,2
Female,Yes,No,No,1,Yes,Yes,Fiber optic,No,No,No,No,No,No,Month-to-month,Yes,Mailed check,74.45,74.45,1,New(0-12mo),2,1,74.45,24.816666666666666,1,0
Female,No,No,No,45,Yes,Yes,Fiber optic,No,No,Yes,No,No,Yes,Month-to-month,Yes,Credit card (automatic),89.3,4192.15,0,Loyal(2-4yr),4,1,93.15888888888888,17.86,1,0
Male,Yes,No,No,8,Yes,No,Fiber optic,Yes,No,No,Yes,Yes,Yes,Month-to-month,No,Credit card (automatic),100.3,832.35,1,New(0-12mo),5,1,104.04375,16.716666666666665,1,0
Female,No,Yes,No,61,Yes,Yes,No,No internet service,No internet service,No internet service,No internet service,No internet service,No internet service,Two year,No,Bank transfer (automatic),25.3,1554.9,0,VIP(4yr+),2,0,25.49016393442623,8.433333333333334,0,2
Male,No,Yes,Yes,11,Yes,No,No,No internet service,No internet service,No internet service,No internet service,No internet service,No internet service,Two year,No,Mailed check,19.65,225.75,0,New(0-12mo),1,0,20.522727272727273,9.825,0,2
Female,No,Yes,No,63,Yes,Yes,Fiber optic,No,Yes,Yes,Yes,Yes,Yes,Month-to-month,Yes,Electronic check,108.75,6871.7,0,VIP(4yr+),7,1,109.07460317460317,13.59375,1,0
Female,No,No,No,41,Yes,No,DSL,No,No,No,Yes,No,No,One year,No,Bank transfer (automatic),50.05,2029.05,0,Loyal(2-4yr),2,1,49.4890243902439,16.683333333333334,0,1
Female,No,No,No,9,Yes,Yes,Fiber optic,No,No,No,No,No,No,Month-to-month,Yes,Credit card (automatic),75.2,633.85,0,New(0-12mo),2,1,70.42777777777778,25.066666666666666,1,0
Female,No,No,No,27,Yes,No,DSL,Yes,Yes,No,No,No,No,Month-to-month,Yes,Mailed check,56.7,1652.95,0,Loyal(2-4yr),3,1,61.220370370370375,14.175,1,0
Male,No,No,No,7,Yes,Yes,Fiber optic,No,Yes,No,No,Yes,Yes,Month-to-month,Yes,Electronic check,99.8,673.25,1,New(0-12mo),5,1,96.17857142857143,16.633333333333333,1,0
Female,No,No,No,2,Yes,Yes,Fiber optic,No,Yes,No,No,No,No,Month-to-month,No,Electronic check,79.55,151.75,0,New(0-12mo),3,1,75.875,19.8875,1,0
Male,No,No,No,21,Yes,No,No,No internet service,No internet service,No internet service,No internet service,No internet service,No internet service,One year,Yes,Mailed check,20.35,422.7,0,Established(1-2yr),1,0,20.128571428571426,10.175,0,1
Male,No,No,Yes,56,Yes,Yes,No,No internet service,No internet service,No internet service,No internet service,No internet service,No internet service,Two year,Yes,Mailed check,24.8,1424.2,0,VIP(4yr+),2,0,25.432142857142857,8.266666666666667,0,2
Female,No,No,Yes,43,Yes,No,DSL,Yes,Yes,No,No,No,Yes,Month-to-month,Yes,Electronic check,63.95,2737.05,0,Loyal(2-4yr),4,1,63.65232558139535,12.790000000000001,1,0
Female,Yes,No,No,40,Yes,No,Fiber optic,No,No,No,No,Yes,Yes,Month-to-month,Yes,Electronic check,91.55,3673.6,0,Loyal(2-4yr),3,1,91.84,22.8875,1,0
Female,Yes,No,No,4,Yes,Yes,Fiber optic,No,No,Yes,No,No,Yes,Month-to-month,Yes,Electronic check,88.85,372.45,1,New(0-12mo),4,1,93.1125,17.77,1,0
Male,No,Yes,Yes,14,Yes,No,DSL,Yes,Yes,No,No,Yes,No,Month-to-month,Yes,Electronic check,65.45,937.6,1,Established(1-2yr),4,1,66.97142857142858,13.09,1,0
Male,No,No,No,65,Yes,Yes,No,No internet service,No internet service,No internet service,No internet service,No internet service,No internet service,Two year,No,Mailed check,25.75,1654.75,0,VIP(4yr+),2,0,25.45769230769231,8.583333333333334,0,2
Female,No,No,No,3,Yes,Yes,Fiber optic,No,No,No,No,No,No,Month-to-month,Yes,Electronic check,74.95,212.4,0,New(0-12mo),2,1,70.8,24.983333333333334,1,0
Female,Yes,Yes,No,42,Yes,No,Fiber optic,Yes,No,No,No,No,No,Month-to-month,Yes,Credit card (automatic),74.15,3229.4,1,Loyal(2-4yr),2,1,76.89047619047619,24.71666666666667,1,0
Female,No,No,No,28,Yes,No,DSL,Yes,No,No,Yes,No,No,One year,No,Mailed check,54.3,1546.3,0,Loyal(2-4yr),3,1,55.225,13.575,0,1
Female,No,No,No,41,Yes,No,No,No internet service,No internet service,No internet service,No internet service,No internet service,No internet service,Two year,Yes,Mailed check,19.85,810.45,0,Loyal(2-4yr),1,0,19.76707317073171,9.925,0,2
Female,Yes,No,No,32,Yes,No,Fiber optic,No,No,No,No,Yes,Yes,Month-to-month,No,Electronic check,90.95,2897.95,0,Loyal(2-4yr),3,1,90.5609375,22.7375,1,0
Male,No,No,Yes,68,Yes,Yes,DSL,Yes,Yes,No,Yes,Yes,Yes,Two year,Yes,Bank transfer (automatic),86.5,5882.75,0,VIP(4yr+),7,1,86.51102941176471,10.8125,0,2
Male,No,Yes,Yes,59,Yes,Yes,Fiber optic,No,No,Yes,No,Yes,Yes,Two year,Yes,Credit card (automatic),99.5,5861.75,0,VIP(4yr+),5,1,99.35169491525424,16.583333333333332,0,2
Male,No,Yes,No,61,Yes,Yes,Fiber optic,No,Yes,Yes,Yes,Yes,Yes,Month-to-month,Yes,Electronic check,114.1,7132.15,0,VIP(4yr+),7,1,116.92049180327868,14.2625,1,0
Female,No,No,No,6,Yes,No,Fiber optic,No,No,Yes,Yes,No,Yes,Month-to-month,Yes,Electronic check,89.25,487.05,0,New(0-12mo),4,1,81.175,17.85,1,0
Female,No,Yes,No,33,Yes,No,Fiber optic,Yes,No,Yes,Yes,Yes,Yes,One year,Yes,Electronic check,103.75,3361.05,1,Loyal(2-4yr),6,1,101.85000000000001,14.821428571428571,0,1
Female,No,Yes,No,14,Yes,Yes,DSL,Yes,No,No,No,Yes,No,Month-to-month,Yes,Bank transfer (automatic),64.7,941.0,1,Established(1-2yr),4,1,67.21428571428571,12.940000000000001,1,0
Male,No,Yes,No,60,Yes,Yes,Fiber optic,No,No,Yes,No,Yes,Yes,Two year,No,Credit card (automatic),101.15,6067.4,0,VIP(4yr+),5,1,101.12333333333332,16.858333333333334,0,2
Male,No,Yes,No,72,Yes,Yes,Fiber optic,No,Yes,No,No,Yes,Yes,Two year,Yes,Electronic check,99.4,7285.7,0,VIP(4yr+),5,1,101.19027777777778,16.566666666666666,0,2
Female,No,No,No,2,Yes,No,DSL,No,Yes,No,No,Yes,No,Month-to-month,Yes,Electronic check,59.0,114.15,0,New(0-12mo),3,1,57.075,14.75,1,0
Male,No,No,No,8,Yes,No,DSL,No,No,No,No,No,No,Month-to-month,Yes,Mailed check,45.15,438.4,1,New(0-12mo),1,1,54.8,22.575,1,0
Female,No,Yes,Yes,48,Yes,No,No,No internet service,No internet service,No internet service,No internet service,No internet service,No internet service,Two year,No,Mailed check,20.0,935.9,0,Loyal(2-4yr),1,0,19.497916666666665,10.0,0,2
Female,No,Yes,No,69,Yes,No,DSL,No,Yes,No,No,No,Yes,Two year,Yes,Credit card (automatic),61.45,4131.2,0,VIP(4yr+),3,1,59.87246376811594,15.3625,0,2
Male,Yes,Yes,No,72,Yes,No,Fiber optic,Yes,Yes,No,Yes,No,No,Two year,Yes,Credit card (automatic),84.8,6141.65,0,VIP(4yr+),4,1,85.30069444444445,16.96,0,2
Male,No,Yes,Yes,4,Yes,Yes,Fiber optic,No,No,Yes,No,Yes,Yes,Month-to-month,No,Electronic check,101.15,385.9,1,New(0-12mo),5,1,96.475,16.858333333333334,1,0
Female,No,No,No,1,Yes,No,Fiber optic,No,No,No,No,No,No,Month-to-month,No,Mailed check,71.1,71.1,1,New(0-12mo),1,1,71.1,35.55,1,0
Female,No,No,No,68,No,No phone service,DSL,Yes,No,Yes,Yes,No,No,Two year,No,Mailed check,38.9,2719.2,0,VIP(4yr+),3,1,39.98823529411764,9.725,0,2
Male,Yes,No,No,15,Yes,Yes,Fiber optic,No,No,No,No,No,No,Month-to-month,Yes,Credit card (automatic),74.2,1133.9,1,Established(1-2yr),2,1,75.59333333333333,24.733333333333334,1,0
Male,No,No,No,37,Yes,No,DSL,Yes,Yes,Yes,Yes,No,No,Two year,No,Bank transfer (automatic),65.6,2313.8,0,Loyal(2-4yr),5,1,62.53513513513514,10.933333333333332,0,2
Female,No,Yes,Yes,64,Yes,No,No,No internet service,No internet service,No internet service,No internet service,No internet service,No internet service,One year,No,Bank transfer (automatic),19.8,1336.65,0,VIP(4yr+),1,0,20.88515625,9.9,0,1
Female,No,Yes,Yes,46,Yes,Yes,No,No internet service,No internet service,No internet service,No internet service,No internet service,No internet service,One year,No,Mailed check,24.95,1165.9,0,Loyal(2-4yr),2,0,25.345652173913045,8.316666666666666,0,1
Male,No,No,Yes,30,Yes,No,DSL,No,Yes,Yes,No,Yes,No,One year,No,Credit card (automatic),64.5,1929.95,0,Loyal(2-4yr),4,1,64.33166666666666,12.9,0,1
Female,Yes,Yes,No,20,Yes,Yes,Fiber optic,No,No,Yes,No,Yes,No,Month-to-month,No,Electronic check,90.8,1951.0,1,Established(1-2yr),4,1,97.55,18.16,1,0
Male,No,No,No,3,Yes,No,DSL,No,No,No,Yes,Yes,Yes,Month-to-month,Yes,Electronic check,69.35,191.35,1,New(0-12mo),4,1,63.78333333333333,13.87,1,0
Male,No,Yes,No,70,Yes,Yes,DSL,No,Yes,Yes,Yes,Yes,No,Two year,No,Credit card (automatic),76.1,5264.25,0,VIP(4yr+),6,1,75.20357142857142,10.87142857142857,0,2
Female,No,No,No,72,Yes,Yes,Fiber optic,Yes,No,No,Yes,No,No,Two year,Yes,Bank transfer (automatic),84.7,6185.15,0,VIP(4yr+),4,1,85.9048611111111,16.94,0,2
Female,No,No,No,5,Yes,Yes,Fiber optic,No,No,No,No,No,No,Month-to-month,No,Electronic check,75.55,413.65,1,New(0-12mo),2,1,82.72999999999999,25.183333333333334,1,0
Female,No,No,No,46,Yes,Yes,Fiber optic,No,No,No,No,Yes,Yes,Month-to-month,No,Bank transfer (automatic),96.05,4399.5,1,Loyal(2-4yr),4,1,95.6413043478261,19.21,1,0
Male,Yes,Yes,No,72,Yes,Yes,DSL,No,No,Yes,No,Yes,Yes,Two year,Yes,Credit card (automatic),73.45,5329.0,0,VIP(4yr+),5,1,74.01388888888889,12.241666666666667,0,2
Male,No,Yes,Yes,72,Yes,No,DSL,No,Yes,Yes,No,Yes,Yes,Two year,Yes,Bank transfer (automatic),75.4,5480.25,0,VIP(4yr+),5,1,76.11458333333333,12.566666666666668,0,2
Male,No,Yes,No,72,Yes,Yes,Fiber optic,Yes,Yes,Yes,Yes,Yes,Yes,One year,Yes,Bank transfer (automatic),117.8,8684.8,1,VIP(4yr+),8,1,120.6222222222222,13.088888888888889,0,1
Male,No,No,Yes,21,Yes,No,No,No internet service,No internet service,No internet service,No internet service,No internet service,No internet service,Two year,No,Mailed check,19.6,397.0,0,Established(1-2yr),1,0,18.904761904761905,9.8,0,2
Female,Yes,No,No,15,Yes,Yes,Fiber optic,No,Yes,No,No,No,Yes,Month-to-month,No,Electronic check,89.85,1424.95,1,Established(1-2yr),4,1,94.99666666666667,17.97,1,0
Male,No,No,Yes,6,Yes,Yes,No,No internet service,No internet service,No internet service,No internet service,No internet service,No internet service,Month-to-month,No,Mailed check,26.35,184.05,0,New(0-12mo),2,0,30.675,8.783333333333333,1,0
Male,No,No,No,4,Yes,Yes,Fiber optic,No,Yes,No,No,No,No,Month-to-month,No,Electronic check,78.45,330.05,1,New(0-12mo),3,1,82.5125,19.6125,1,0
Female,Yes,Yes,No,66,Yes,Yes,DSL,No,Yes,Yes,No,Yes,No,One year,Yes,Bank transfer (automatic),70.85,4738.85,0,VIP(4yr+),5,1,71.80075757575759,11.808333333333332,0,1
Female,No,Yes,Yes,46,Yes,No,No,No internet service,No internet service,No internet service,No internet service,No internet service,No internet service,Two year,Yes,Mailed check,19.25,864.2,0,Loyal(2-4yr),1,0,18.786956521739132,9.625,0,2
Female,No,No,No,14,Yes,No,Fiber optic,No,No,Yes,No,No,No,Month-to-month,No,Electronic check,75.35,1025.95,1,Established(1-2yr),2,1,73.28214285714286,25.116666666666664,1,0
Female,No,Yes,Yes,51,No,No phone service,DSL,Yes,No,No,Yes,No,No,Two year,No,Bank transfer (automatic),34.2,1782.0,0,VIP(4yr+),2,1,34.94117647058823,11.4,0,2
Female,No,Yes,Yes,69,Yes,No,No,No internet service,No internet service,No internet service,No internet service,No internet service,No internet service,Two year,No,Bank transfer (automatic),19.7,1396.9,0,VIP(4yr+),1,0,20.244927536231884,9.85,0,2
Female,No,Yes,No,51,No,No phone service,DSL,No,Yes,No,No,Yes,Yes,Month-to-month,Yes,Electronic check,49.65,2553.35,0,VIP(4yr+),3,1,50.0656862745098,12.4125,1,0
Male,No,Yes,Yes,72,Yes,No,Fiber optic,Yes,No,Yes,Yes,Yes,Yes,Two year,Yes,Credit card (automatic),104.9,7559.55,0,VIP(4yr+),6,1,104.99375,14.985714285714286,0,2
Female,No,No,No,1,Yes,No,Fiber optic,No,No,No,No,No,No,Month-to-month,Yes,Electronic check,70.25,70.25,0,New(0-12mo),1,1,70.25,35.125,1,0
Female,No,Yes,No,71,Yes,Yes,No,No internet service,No internet service,No internet service,No internet service,No internet service,No internet service,Two year,Yes,Credit card (automatic),24.25,1732.95,0,VIP(4yr+),2,0,24.40774647887324,8.083333333333334,0,2
Male,No,No,No,12,Yes,No,No,No internet service,No internet service,No internet service,No internet service,No internet service,No internet service,One year,No,Credit card (automatic),20.05,267.0,0,New(0-12mo),1,0,22.25,10.025,0,1
Female,No,No,No,50,Yes,No,Fiber optic,No,No,Yes,Yes,No,Yes,Two year,Yes,Bank transfer (automatic),89.7,4304.5,0,VIP(4yr+),4,1,86.09,17.94,0,2
Female,No,Yes,Yes,8,Yes,No,No,No internet service,No internet service,No internet service,No internet service,No internet service,No internet service,Two year,Yes,Mailed check,19.85,146.6,0,New(0-12mo),1,0,18.325,9.925,0,2
Female,Yes,No,No,16,Yes,Yes,DSL,Yes,No,No,No,No,No,Month-to-month,Yes,Electronic check,54.1,889.0,0,Established(1-2yr),3,1,55.5625,13.525,1,0
Female,No,No,No,10,Yes,Yes,Fiber optic,Yes,No,No,No,Yes,Yes,Month-to-month,Yes,Electronic check,98.7,973.25,1,New(0-12mo),5,1,97.325,16.45,1,0
Female,Yes,Yes,No,24,Yes,Yes,Fiber optic,No,No,No,No,Yes,Yes,Month-to-month,Yes,Electronic check,93.55,2264.05,1,Established(1-2yr),4,1,94.33541666666667,18.71,1,0
Male,No,No,No,72,Yes,Yes,DSL,Yes,Yes,Yes,Yes,No,No,Two year,No,Bank transfer (automatic),69.65,4908.25,0,VIP(4yr+),6,1,68.17013888888889,9.950000000000001,0,2
Female,No,No,No,8,Yes,No,No,No internet service,No internet service,No internet service,No internet service,No internet service,No internet service,Two year,No,Mailed check,20.85,161.65,0,New(0-12mo),1,0,20.20625,10.425,0,2
Male,No,Yes,Yes,2,Yes,No,DSL,Yes,Yes,No,Yes,No,No,Two year,No,Mailed check,59.5,130.5,0,New(0-12mo),4,1,65.25,11.9,0,2
Female,Yes,No,No,7,Yes,No,DSL,No,Yes,Yes,No,Yes,No,Month-to-month,Yes,Electronic check,64.95,493.65,0,New(0-12mo),4,1,70.52142857142857,12.99,1,0
Male,No,No,No,2,Yes,No,Fiber optic,No,No,Yes,No,Yes,Yes,Month-to-month,Yes,Electronic check,95.85,197.7,1,New(0-12mo),4,1,98.85,19.169999999999998,1,0
Male,No,No,No,1,Yes,Yes,DSL,No,No,No,No,No,No,Month-to-month,Yes,Electronic check,50.15,50.15,0,New(0-12mo),2,1,50.15,16.716666666666665,1,0
Male,No,Yes,Yes,71,Yes,Yes,No,No internet service,No internet service,No internet service,No internet service,No internet service,No internet service,Two year,No,Credit card (automatic),23.9,1626.4,0,VIP(4yr+),2,0,22.907042253521126,7.966666666666666,0,2
Male,No,No,No,3,Yes,No,Fiber optic,No,No,No,No,No,No,Month-to-month,Yes,Mailed check,69.6,207.4,0,New(0-12mo),1,1,69.13333333333334,34.8,1,0
Female,No,No,No,1,Yes,No,No,No internet service,No internet service,No internet service,No internet service,No internet service,No internet service,Month-to-month,No,Mailed check,19.1,19.1,0,New(0-12mo),1,0,19.1,9.55,1,0
Female,Yes,Yes,No,38,Yes,Yes,Fiber optic,Yes,Yes,No,No,No,Yes,One year,No,Credit card (automatic),95.0,3591.25,0,Loyal(2-4yr),5,1,94.50657894736842,15.833333333333334,0,1
Female,No,No,No,38,Yes,No,No,No internet service,No internet service,No internet service,No internet service,No internet service,No internet service,One year,No,Mailed check,20.05,678.2,0,Loyal(2-4yr),1,0,17.847368421052632,10.025,0,1
Female,No,No,No,71,Yes,Yes,Fiber optic,Yes,Yes,Yes,No,Yes,Yes,Two year,Yes,Credit card (automatic),106.75,7283.25,0,VIP(4yr+),7,1,102.58098591549296,13.34375,0,2
Male,No,Yes,Yes,71,Yes,Yes,DSL,Yes,Yes,Yes,Yes,Yes,Yes,Two year,No,Credit card (automatic),89.9,6457.15,0,VIP(4yr+),8,1,90.94577464788732,9.988888888888889,0,2
Female,No,No,No,1,Yes,No,No,No internet service,No internet service,No internet service,No internet service,No internet service,No internet service,Month-to-month,No,Mailed check,20.9,20.9,0,New(0-12mo),1,0,20.9,10.45,1,0
Female,Yes,No,No,3,Yes,Yes,Fiber optic,No,Yes,No,No,No,No,Month-to-month,Yes,Electronic check,79.4,205.05,1,New(0-12mo),3,1,68.35000000000001,19.85,1,0
Female,No,Yes,No,65,Yes,No,No,No internet service,No internet service,No internet service,No internet service,No internet service,No internet service,Two year,No,Bank transfer (automatic),19.35,1319.95,0,VIP(4yr+),1,0,20.306923076923077,9.675,0,2
Male,No,Yes,No,71,Yes,Yes,Fiber optic,Yes,Yes,Yes,Yes,Yes,Yes,Two year,Yes,Electronic check,116.25,8564.75,0,VIP(4yr+),8,1,120.63028169014085,12.916666666666666,0,2
Male,No,No,Yes,23,Yes,No,No,No internet service,No internet service,No internet service,No internet service,No internet service,No internet service,One year,No,Mailed check,19.8,465.45,0,Established(1-2yr),1,0,20.23695652173913,9.9,0,1
Male,No,No,No,9,Yes,No,DSL,Yes,No,No,Yes,No,Yes,Month-to-month,No,Mailed check,64.95,547.8,0,New(0-12mo),4,1,60.86666666666666,12.99,1,0
Female,Yes,No,No,11,Yes,No,Fiber optic,No,Yes,No,No,Yes,Yes,Month-to-month,Yes,Electronic check,95.0,1120.3,1,New(0-12mo),4,1,101.84545454545454,19.0,1,0
Female,No,Yes,No,1,Yes,No,DSL,No,No,No,No,Yes,No,Month-to-month,Yes,Mailed check,55.3,55.3,0,New(0-12mo),2,1,55.3,18.433333333333334,1,0
Male,Yes,Yes,No,6,Yes,No,Fiber optic,No,Yes,No,No,No,Yes,Month-to-month,Yes,Electronic check,84.2,519.15,1,New(0-12mo),3,1,86.52499999999999,21.05,1,0
Female,No,Yes,No,30,Yes,Yes,Fiber optic,No,No,No,No,No,Yes,Month-to-month,Yes,Electronic check,85.0,2624.25,1,Loyal(2-4yr),3,1,87.475,21.25,1,0
Female,No,No,No,32,Yes,Yes,Fiber optic,Yes,No,Yes,Yes,Yes,Yes,One year,Yes,Bank transfer (automatic),109.55,3608.0,0,Loyal(2-4yr),7,1,112.75,13.69375,0,1
Female,No,No,No,15,Yes,No,Fiber optic,Yes,Yes,No,No,Yes,Yes,Month-to-month,Yes,Credit card (automatic),99.1,1426.4,1,Established(1-2yr),5,1,95.09333333333333,16.516666666666666,1,0
Male,Yes,No,No,4,Yes,No,Fiber optic,Yes,No,No,No,No,No,Month-to-month,No,Electronic check,75.35,273.4,0,New(0-12mo),2,1,68.35,25.116666666666664,1,0
Male,No,Yes,Yes,31,Yes,No,DSL,No,No,Yes,Yes,No,No,Month-to-month,No,Mailed check,54.35,1647.0,0,Loyal(2-4yr),3,1,53.12903225806452,13.5875,1,0
Male,No,Yes,No,40,No,No phone service,DSL,Yes,Yes,Yes,No,No,No,One year,Yes,Electronic check,42.35,1716.45,1,Loyal(2-4yr),3,1,42.91125,10.5875,0,1
Female,No,Yes,Yes,15,Yes,Yes,No,No internet service,No internet service,No internet service,No internet service,No internet service,No internet service,Month-to-month,Yes,Electronic check,25.25,394.85,0,Established(1-2yr),2,0,26.323333333333334,8.416666666666666,1,0
Male,No,No,No,3,Yes,Yes,Fiber optic,No,Yes,Yes,No,Yes,Yes,Month-to-month,No,Mailed check,107.95,313.6,0,New(0-12mo),6,1,104.53333333333335,15.421428571428573,1,0
Female,Yes,Yes,No,71,Yes,No,Fiber optic,No,Yes,Yes,No,No,Yes,Two year,No,Credit card (automatic),89.45,6435.25,0,VIP(4yr+),4,1,90.63732394366197,17.89,0,2
Male,No,No,No,1,Yes,No,Fiber optic,No,No,No,No,No,No,Month-to-month,Yes,Electronic check,69.65,69.65,1,New(0-12mo),1,1,69.65,34.825,1,0
Male,No,No,No,27,Yes,No,DSL,Yes,No,Yes,Yes,Yes,Yes,One year,No,Electronic check,81.7,2212.55,0,Loyal(2-4yr),6,1,81.9462962962963,11.671428571428573,0,1
Male,No,No,No,23,Yes,No,Fiber optic,No,Yes,No,No,Yes,Yes,Month-to-month,No,Mailed check,95.3,2192.9,0,Established(1-2yr),4,1,95.34347826086957,19.06,1,0
Female,Yes,Yes,No,72,Yes,Yes,DSL,Yes,Yes,Yes,Yes,No,Yes,Two year,No,Bank transfer (automatic),78.45,5682.25,0,VIP(4yr+),7,1,78.92013888888889,9.80625,0,2
Male,No,No,Yes,35,Yes,No,DSL,No,No,No,Yes,Yes,Yes,One year,Yes,Mailed check,72.1,2495.15,0,Loyal(2-4yr),4,1,71.29,14.419999999999998,0,1
Female,No,Yes,No,42,Yes,Yes,DSL,Yes,Yes,No,Yes,No,No,Month-to-month,Yes,Credit card (automatic),66.4,2727.8,0,Loyal(2-4yr),5,1,64.94761904761906,11.066666666666668,1,0
Male,No,No,No,3,Yes,No,Fiber optic,No,Yes,No,No,No,Yes,Month-to-month,No,Electronic check,84.3,235.05,0,New(0-12mo),3,1,78.35000000000001,21.075,1,0
Male,No,Yes,No,2,Yes,No,Fiber optic,No,No,Yes,No,No,No,Month-to-month,No,Electronic check,76.4,151.8,1,New(0-12mo),2,1,75.9,25.46666666666667,1,0
Female,No,No,No,21,Yes,No,Fiber optic,No,Yes,No,Yes,Yes,Yes,Month-to-month,Yes,Bank transfer (automatic),99.15,1956.4,0,Established(1-2yr),5,1,93.16190476190476,16.525000000000002,1,0
Female,No,No,No,1,Yes,No,No,No internet service,No internet service,No internet service,No internet service,No internet service,No internet service,Month-to-month,Yes,Mailed check,19.4,19.4,0,New(0-12mo),1,0,19.4,9.7,1,0
Female,No,Yes,No,71,Yes,Yes,Fiber optic,No,Yes,Yes,Yes,Yes,Yes,Two year,No,Electronic check,109.25,7707.7,0,VIP(4yr+),7,1,108.55915492957746,13.65625,0,2
Female,Yes,No,No,49,Yes,Yes,Fiber optic,Yes,No,No,No,Yes,Yes,Month-to-month,No,Credit card (automatic),101.55,5070.4,0,VIP(4yr+),5,1,103.47755102040816,16.925,1,0
Female,No,No,No,36,Yes,Yes,DSL,Yes,No,No,No,No,No,One year,No,Mailed check,54.45,1893.5,0,Loyal(2-4yr),3,1,52.59722222222222,13.6125,0,1
Female,No,Yes,No,71,Yes,Yes,No,No internet service,No internet service,No internet service,No internet service,No internet service,No internet service,Two year,No,Mailed check,23.85,1672.1,0,VIP(4yr+),2,0,23.55070422535211,7.95,0,2
Female,Yes,No,No,26,Yes,No,Fiber optic,No,No,No,No,Yes,Yes,Month-to-month,Yes,Electronic check,91.25,2351.8,1,Loyal(2-4yr),3,1,90.45384615384616,22.8125,1,0
Male,Yes,Yes,No,7,Yes,Yes,Fiber optic,No,No,Yes,No,Yes,Yes,Month-to-month,Yes,Electronic check,99.25,665.45,1,New(0-12mo),5,1,95.06428571428572,16.541666666666668,1,0
Female,No,Yes,Yes,19,No,No phone service,DSL,No,No,No,No,No,No,Month-to-month,Yes,Mailed check,24.85,434.8,0,Established(1-2yr),0,1,22.88421052631579,24.85,1,0
Male,No,No,No,2,Yes,No,No,No internet service,No internet service,No internet service,No internet service,No internet service,No internet service,Month-to-month,Yes,Mailed check,19.65,38.8,0,New(0-12mo),1,0,19.4,9.825,1,0
Male,No,No,No,39,Yes,No,Fiber optic,No,No,Yes,Yes,No,No,One year,No,Electronic check,81.9,3219.75,0,Loyal(2-4yr),3,1,82.5576923076923,20.475,0,1
Male,No,No,No,52,No,No phone service,DSL,No,Yes,No,No,No,No,One year,No,Mailed check,30.1,1623.4,0,VIP(4yr+),1,1,31.21923076923077,15.05,0,1
Female,No,Yes,Yes,8,Yes,No,No,No internet service,No internet service,No internet service,No internet service,No internet service,No internet service,Two year,No,Mailed check,19.5,162.15,0,New(0-12mo),1,0,20.26875,9.75,0,2
Female,Yes,Yes,No,25,Yes,No,Fiber optic,No,Yes,Yes,No,Yes,Yes,Month-to-month,Yes,Electronic check,98.5,2514.5,1,Loyal(2-4yr),5,1,100.58,16.416666666666668,1,0
Male,No,Yes,Yes,29,Yes,No,No,No internet service,No internet service,No internet service,No internet service,No internet service,No internet service,Month-to-month,Yes,Mailed check,20.65,654.85,0,Loyal(2-4yr),1,0,22.58103448275862,10.325,1,0
Male,No,Yes,Yes,59,Yes,No,DSL,Yes,Yes,Yes,Yes,Yes,Yes,Two year,Yes,Electronic check,86.75,5186.0,0,VIP(4yr+),7,1,87.89830508474576,10.84375,0,2
Male,Yes,No,No,67,Yes,Yes,Fiber optic,Yes,Yes,Yes,Yes,Yes,Yes,Two year,Yes,Credit card (automatic),116.1,7839.85,0,VIP(4yr+),8,1,117.01268656716418,12.899999999999999,0,2
Female,No,No,No,51,Yes,No,No,No internet service,No internet service,No internet service,No internet service,No internet service,No internet service,One year,Yes,Bank transfer (automatic),19.85,996.95,0,VIP(4yr+),1,0,19.548039215686277,9.925,0,1
Male,Yes,Yes,No,66,Yes,Yes,Fiber optic,No,No,No,Yes,Yes,Yes,Month-to-month,Yes,Credit card (automatic),100.05,6871.9,1,VIP(4yr+),5,1,104.11969696969696,16.675,1,0
Female,No,Yes,Yes,66,Yes,Yes,Fiber optic,No,No,No,No,No,No,One year,Yes,Bank transfer (automatic),74.25,4859.25,0,VIP(4yr+),2,1,73.625,24.75,0,1
Male,Yes,No,No,64,Yes,Yes,Fiber optic,Yes,Yes,No,No,Yes,Yes,Month-to-month,Yes,Bank transfer (automatic),103.5,6548.65,0,VIP(4yr+),6,1,102.32265625,14.785714285714286,1,0
Male,No,No,No,1,Yes,No,No,No internet service,No internet service,No internet service,No internet service,No internet service,No internet service,Month-to-month,No,Mailed check,19.05,19.05,0,New(0-12mo),1,0,19.05,9.525,1,0
Female,No,No,No,3,Yes,No,DSL,No,No,No,No,No,Yes,Month-to-month,Yes,Electronic check,55.3,196.15,1,New(0-12mo),2,1,65.38333333333334,18.433333333333334,1,0
Male,No,No,No,60,Yes,No,DSL,Yes,Yes,Yes,No,No,No,Two year,No,Electronic check,61.4,3638.25,0,VIP(4yr+),4,1,60.6375,12.28,0,2
Male,No,No,Yes,4,Yes,Yes,Fiber optic,No,No,No,Yes,No,No,Month-to-month,No,Credit card (automatic),80.8,332.45,1,New(0-12mo),3,1,83.1125,20.2,1,0
Male,No,Yes,Yes,62,Yes,No,No,No internet service,No internet service,No internet service,No internet service,No internet service,No internet service,Two year,No,Credit card (automatic),20.05,1263.9,0,VIP(4yr+),1,0,20.385483870967743,10.025,0,2
Male,Yes,Yes,No,13,Yes,Yes,Fiber optic,Yes,Yes,No,No,No,Yes,Month-to-month,No,Credit card (automatic),93.8,1261.0,0,Established(1-2yr),5,1,97.0,15.633333333333333,1,0
Female,No,Yes,Yes,24,Yes,Yes,DSL,Yes,Yes,Yes,No,No,No,Two year,No,Electronic check,64.35,1558.65,0,Established(1-2yr),5,1,64.94375000000001,10.725,0,2
Male,No,No,No,25,Yes,No,DSL,Yes,Yes,No,Yes,Yes,Yes,Month-to-month,Yes,Mailed check,79.0,1902.0,0,Loyal(2-4yr),6,1,76.08,11.285714285714286,1,0
Male,No,No,No,9,No,No phone service,DSL,No,No,No,No,No,No,Month-to-month,Yes,Electronic check,24.95,190.25,0,New(0-12mo),0,1,21.13888888888889,24.95,1,0
Female,No,Yes,Yes,64,Yes,No,DSL,Yes,No,No,Yes,Yes,No,One year,No,Mailed check,65.8,4068.0,0,VIP(4yr+),4,1,63.5625,13.16,0,1
Female,No,No,No,19,Yes,No,Fiber optic,Yes,No,Yes,Yes,Yes,Yes,Month-to-month,Yes,Electronic check,106.6,1934.45,1,Established(1-2yr),6,1,101.81315789473685,15.228571428571428,1,0
Male,Yes,No,No,71,Yes,Yes,No,No internet service,No internet service,No internet service,No internet service,No internet service,No internet service,Two year,Yes,Mailed check,24.65,1766.75,0,VIP(4yr+),2,0,24.883802816901408,8.216666666666667,0,2
Male,No,No,No,16,Yes,No,Fiber optic,No,No,No,Yes,No,No,Month-to-month,Yes,Credit card (automatic),74.55,1170.5,0,Established(1-2yr),2,1,73.15625,24.849999999999998,1,0
Male,No,Yes,No,33,Yes,No,Fiber optic,No,No,Yes,No,Yes,Yes,One year,Yes,Electronic check,95.8,3036.75,1,Loyal(2-4yr),4,1,92.02272727272727,19.16,0,1
Male,No,No,No,18,Yes,No,No,No internet service,No internet service,No internet service,No internet service,No internet service,No internet service,Month-to-month,No,Electronic check,19.0,348.8,0,Established(1-2yr),1,0,19.37777777777778,9.5,1,0
Male,Yes,No,No,1,Yes,No,DSL,No,No,No,No,No,No,Month-to-month,No,Electronic check,46.3,46.3,0,New(0-12mo),1,1,46.3,23.15,1,0
Female,Yes,No,No,57,Yes,No,DSL,Yes,No,Yes,Yes,Yes,No,Two year,No,Bank transfer (automatic),69.85,4003.0,0,VIP(4yr+),5,1,70.2280701754386,11.641666666666666,0,2
Male,No,No,No,11,Yes,No,Fiber optic,No,Yes,No,No,No,No,Month-to-month,Yes,Mailed check,75.9,866.4,0,New(0-12mo),2,1,78.76363636363637,25.3,1,0
Male,No,No,No,3,Yes,No,DSL,No,No,Yes,No,No,No,Month-to-month,Yes,Electronic check,49.15,169.05,1,New(0-12mo),2,1,56.35,16.383333333333333,1,0
Female,No,No,No,4,Yes,Yes,No,No internet service,No internet service,No internet service,No internet service,No internet service,No internet service,One year,No,Electronic check,23.9,97.5,0,New(0-12mo),2,0,24.375,7.966666666666666,0,1
Male,No,No,Yes,27,Yes,No,No,No internet service,No internet service,No internet service,No internet service,No internet service,No internet service,One year,No,Credit card (automatic),20.05,552.9,0,Loyal(2-4yr),1,0,20.477777777777778,10.025,0,1
Male,No,Yes,No,72,Yes,Yes,Fiber optic,No,Yes,Yes,Yes,Yes,Yes,Two year,Yes,Credit card (automatic),109.75,7758.9,0,VIP(4yr+),7,1,107.76249999999999,13.71875,0,2
Female,No,Yes,Yes,4,Yes,No,No,No internet service,No internet service,No internet service,No internet service,No internet service,No internet service,Month-to-month,Yes,Electronic check,19.95,82.9,0,New(0-12mo),1,0,20.725,9.975,1,0
Male,No,No,No,46,Yes,Yes,Fiber optic,No,No,No,No,No,No,Month-to-month,No,Bank transfer (automatic),72.8,3249.4,0,Loyal(2-4yr),2,1,70.63913043478261,24.266666666666666,1,0
Male,No,Yes,No,50,Yes,Yes,Fiber optic,No,No,No,Yes,Yes,Yes,One year,No,Electronic check,99.4,5059.75,0,VIP(4yr+),5,1,101.195,16.566666666666666,0,1
Male,No,No,No,7,Yes,No,Fiber optic,No,No,Yes,No,No,No,Month-to-month,No,Mailed check,74.65,544.55,1,New(0-12mo),2,1,77.79285714285713,24.883333333333336,1,0
Female,No,Yes,Yes,23,Yes,No,No,No internet service,No internet service,No internet service,No internet service,No internet service,No internet service,Two year,No,Bank transfer (automatic),20.4,478.75,0,Established(1-2yr),1,0,20.815217391304348,10.2,0,2
Male,No,No,No,23,Yes,Yes,Fiber optic,No,No,Yes,No,No,No,Month-to-month,Yes,Electronic check,81.0,1917.1,1,Established(1-2yr),3,1,83.35217391304347,20.25,1,0
Male,Yes,Yes,No,37,Yes,Yes,Fiber optic,No,No,No,No,Yes,No,Month-to-month,Yes,Electronic check,85.7,3171.15,1,Loyal(2-4yr),3,1,85.70675675675676,21.425,1,0
Male,No,Yes,No,4,Yes,Yes,Fiber optic,No,No,No,No,No,No,Month-to-month,Yes,Electronic check,74.65,301.4,1,New(0-12mo),2,1,75.35,24.883333333333336,1,0
Female,No,No,No,47,Yes,Yes,Fiber optic,No,Yes,Yes,No,Yes,Yes,Month-to-month,Yes,Electronic check,106.4,5127.95,1,Loyal(2-4yr),6,1,109.10531914893616,15.200000000000001,1,0
Male,Yes,No,No,31,Yes,Yes,Fiber optic,No,No,Yes,Yes,Yes,No,Month-to-month,Yes,Bank transfer (automatic),96.6,2877.95,0,Loyal(2-4yr),5,1,92.83709677419354,16.099999999999998,1,0
Female,No,No,No,70,Yes,Yes,Fiber optic,No,Yes,No,No,Yes,Yes,One year,No,Electronic check,98.9,6838.6,0,VIP(4yr+),5,1,97.69428571428573,16.483333333333334,0,1
Male,No,Yes,No,47,Yes,Yes,No,No internet service,No internet service,No internet service,No internet service,No internet service,No internet service,Month-to-month,No,Electronic check,25.4,1139.2,0,Loyal(2-4yr),2,0,24.238297872340425,8.466666666666667,1,0
Female,No,No,No,3,Yes,No,DSL,No,No,No,No,Yes,No,Month-to-month,Yes,Electronic check,54.2,140.4,0,New(0-12mo),2,1,46.800000000000004,18.066666666666666,1,0
Female,No,No,No,36,Yes,No,No,No internet service,No internet service,No internet service,No internet service,No internet service,No internet service,One year,Yes,Bank transfer (automatic),19.25,679.8,0,Loyal(2-4yr),1,0,18.883333333333333,9.625,0,1
Male,No,No,No,52,No,No phone service,DSL,Yes,Yes,Yes,Yes,Yes,Yes,Two year,No,Credit card (automatic),63.9,3334.95,0,VIP(4yr+),6,1,64.13365384615385,9.128571428571428,0,2
Male,No,No,Yes,1,Yes,No,Fiber optic,No,No,No,No,No,No,Month-to-month,Yes,Mailed check,70.45,70.45,1,New(0-12mo),1,1,70.45,35.225,1,0
Male,No,No,No,6,Yes,No,Fiber optic,No,No,No,No,Yes,No,Month-to-month,Yes,Credit card (automatic),80.5,463.05,1,New(0-12mo),2,1,77.175,26.833333333333332,1,0
Female,No,No,No,35,Yes,Yes,Fiber optic,No,No,No,No,Yes,No,Month-to-month,Yes,Electronic check,86.45,3029.1,1,Loyal(2-4yr),3,1,86.54571428571428,21.6125,1,0
Female,No,Yes,No,3,Yes,Yes,Fiber optic,No,Yes,No,No,No,Yes,Month-to-month,Yes,Credit card (automatic),91.5,242.95,1,New(0-12mo),4,1,80.98333333333333,18.3,1,0
Male,No,Yes,No,57,Yes,No,DSL,Yes,No,No,Yes,No,No,Month-to-month,No,Electronic check,55.7,3171.6,0,VIP(4yr+),3,1,55.642105263157895,13.925,1,0
Female,Yes,No,No,66,Yes,Yes,Fiber optic,No,Yes,No,No,No,No,Month-to-month,Yes,Credit card (automatic),80.45,5224.35,1,VIP(4yr+),3,1,79.15681818181818,20.1125,1,0
Female,No,Yes,Yes,36,No,No phone service,DSL,Yes,No,Yes,Yes,No,No,Two year,No,Credit card (automatic),40.65,1547.35,0,Loyal(2-4yr),3,1,42.981944444444444,10.1625,0,2
Female,No,Yes,No,65,Yes,Yes,Fiber optic,Yes,Yes,No,Yes,Yes,No,One year,Yes,Bank transfer (automatic),100.15,6643.5,0,VIP(4yr+),6,1,102.20769230769231,14.307142857142859,0,1
Male,No,Yes,No,64,Yes,Yes,DSL,No,Yes,No,Yes,No,Yes,One year,Yes,Mailed check,70.15,4480.7,0,VIP(4yr+),5,1,70.0109375,11.691666666666668,0,1
Male,No,No,No,1,Yes,No,No,No internet service,No internet service,No internet service,No internet service,No internet service,No internet service,Month-to-month,Yes,Mailed check,19.3,19.3,1,New(0-12mo),1,0,19.3,9.65,1,0
Male,No,Yes,No,55,No,No phone service,DSL,No,No,Yes,Yes,Yes,Yes,Month-to-month,Yes,Bank transfer (automatic),54.55,2978.3,1,VIP(4yr+),4,1,54.150909090909096,10.91,1,0
Male,No,Yes,Yes,62,Yes,No,No,No internet service,No internet service,No internet service,No internet service,No internet service,No internet service,One year,No,Bank transfer (automatic),19.95,1244.8,0,VIP(4yr+),1,0,20.07741935483871,9.975,0,1
Male,No,No,No,46,No,No phone service,DSL,Yes,No,Yes,Yes,Yes,Yes,Two year,Yes,Bank transfer (automatic),60.75,2893.4,0,Loyal(2-4yr),5,1,62.9,10.125,0,2
Male,No,No,No,29,No,No phone service,DSL,No,No,No,No,No,No,One year,Yes,Mailed check,24.85,788.05,0,Loyal(2-4yr),0,1,27.17413793103448,24.85,0,1
Male,No,No,No,3,No,No phone service,DSL,Yes,Yes,No,No,No,No,Month-to-month,Yes,Mailed check,35.45,106.85,1,New(0-12mo),2,1,35.61666666666667,11.816666666666668,1,0
Female,Yes,Yes,Yes,72,Yes,Yes,DSL,Yes,Yes,Yes,Yes,Yes,Yes,Two year,Yes,Bank transfer (automatic),90.15,6716.45,0,VIP(4yr+),8,1,93.28402777777778,10.016666666666667,0,2
Female,Yes,No,No,36,Yes,Yes,Fiber optic,No,No,No,No,No,No,Month-to-month,Yes,Bank transfer (automatic),74.9,2659.45,0,Loyal(2-4yr),2,1,73.8736111111111,24.96666666666667,1,0
Male,No,Yes,No,30,Yes,No,No,No internet service,No internet service,No internet service,No internet service,No internet service,No internet service,One year,No,Credit card (automatic),19.8,576.65,0,Loyal(2-4yr),1,0,19.221666666666668,9.9,0,1
Female,No,Yes,No,65,Yes,Yes,Fiber optic,Yes,No,Yes,No,Yes,Yes,Month-to-month,Yes,Electronic check,105.05,6914.95,0,VIP(4yr+),6,1,106.38384615384615,15.007142857142856,1,0
Male,No,Yes,No,59,No,No phone service,DSL,No,No,No,No,Yes,Yes,Month-to-month,Yes,Electronic check,44.3,2666.75,0,VIP(4yr+),2,1,45.19915254237288,14.766666666666666,1,0
Male,No,Yes,No,8,Yes,No,No,No internet service,No internet service,No internet service,No internet service,No internet service,No internet service,Month-to-month,Yes,Bank transfer (automatic),19.55,161.15,0,New(0-12mo),1,0,20.14375,9.775,1,0
Female,No,No,No,9,Yes,Yes,Fiber optic,No,No,No,No,No,No,Month-to-month,Yes,Electronic check,74.75,706.6,1,New(0-12mo),2,1,78.51111111111112,24.916666666666668,1,0
Male,No,No,Yes,18,Yes,No,DSL,No,No,No,No,No,No,Month-to-month,Yes,Credit card (automatic),45.65,747.2,0,Established(1-2yr),1,1,41.51111111111111,22.825,1,0
Male,Yes,No,No,2,Yes,Yes,Fiber optic,No,No,No,No,No,No,Month-to-month,Yes,Mailed check,74.85,156.4,1,New(0-12mo),2,1,78.2,24.95,1,0
Male,No,No,No,52,Yes,Yes,Fiber optic,No,Yes,Yes,No,Yes,Yes,Month-to-month,Yes,Electronic check,103.05,5364.8,0,VIP(4yr+),6,1,103.16923076923078,14.721428571428572,1,0
Male,No,Yes,No,69,No,No phone service,DSL,Yes,No,Yes,Yes,Yes,Yes,Two year,No,Bank transfer (automatic),60.25,4055.5,0,VIP(4yr+),5,1,58.77536231884058,10.041666666666666,0,2
Female,No,Yes,No,3,Yes,Yes,Fiber optic,No,No,No,No,Yes,Yes,Month-to-month,Yes,Electronic check,95.2,292.85,1,New(0-12mo),4,1,97.61666666666667,19.04,1,0
Male,Yes,Yes,No,52,Yes,Yes,Fiber optic,Yes,No,Yes,No,Yes,Yes,Month-to-month,Yes,Electronic check,104.2,5568.35,1,VIP(4yr+),6,1,107.08365384615385,14.885714285714286,1,0
Male,No,No,No,20,Yes,No,Fiber optic,No,No,No,No,No,No,Month-to-month,No,Credit card (automatic),70.55,1493.55,0,Established(1-2yr),1,1,74.6775,35.275,1,0
Male,Yes,No,No,24,Yes,Yes,Fiber optic,No,Yes,No,No,Yes,Yes,Month-to-month,Yes,Electronic check,101.25,2440.15,1,Established(1-2yr),5,1,101.67291666666667,16.875,1,0
Male,No,No,No,9,Yes,No,Fiber optic,Yes,No,No,No,No,No,Month-to-month,No,Electronic check,75.6,661.55,0,New(0-12mo),2,1,73.50555555555555,25.2,1,0
Male,No,Yes,Yes,62,Yes,No,No,No internet service,No internet service,No internet service,No internet service,No internet service,No internet service,Two year,No,Credit card (automatic),20.65,1218.45,0,VIP(4yr+),1,0,19.65241935483871,10.325,0,2
Male,No,No,No,11,Yes,No,No,No internet service,No internet service,No internet service,No internet service,No internet service,No internet service,Month-to-month,Yes,Credit card (automatic),20.45,237.3,0,New(0-12mo),1,0,21.572727272727274,10.225,1,0
Female,No,Yes,Yes,14,Yes,Yes,Fiber optic,No,No,Yes,No,No,Yes,Month-to-month,Yes,Electronic check,87.25,1258.6,1,Established(1-2yr),4,1,89.89999999999999,17.45,1,0
Male,No,Yes,Yes,69,Yes,No,Fiber optic,No,No,No,Yes,Yes,Yes,Two year,Yes,Credit card (automatic),95.2,6671.7,0,VIP(4yr+),4,1,96.69130434782609,19.04,0,2
Female,No,Yes,Yes,55,Yes,No,Fiber optic,No,Yes,Yes,Yes,Yes,Yes,One year,Yes,Bank transfer (automatic),103.7,5656.75,0,VIP(4yr+),6,1,102.85,14.814285714285715,0,1
Female,No,No,No,36,Yes,Yes,Fiber optic,No,Yes,Yes,No,Yes,Yes,One year,Yes,Bank transfer (automatic),104.8,3886.45,0,Loyal(2-4yr),6,1,107.95694444444445,14.971428571428572,0,1
Male,No,Yes,Yes,71,Yes,Yes,No,No internet service,No internet service,No internet service,No internet service,No internet service,No internet service,Two year,No,Credit card (automatic),25.35,1847.55,0,VIP(4yr+),2,0,26.021830985915493,8.450000000000001,0,2
Female,No,Yes,No,71,Yes,Yes,DSL,Yes,Yes,Yes,Yes,Yes,Yes,Two year,No,Credit card (automatic),93.2,6506.15,0,VIP(4yr+),8,1,91.63591549295774,10.355555555555556,0,2
Male,No,Yes,Yes,54,Yes,Yes,Fiber optic,No,Yes,No,Yes,Yes,Yes,One year,Yes,Electronic check,105.2,5637.85,0,VIP(4yr+),6,1,104.40462962962964,15.028571428571428,0,1
Male,No,Yes,No,23,Yes,No,DSL,Yes,No,No,No,No,Yes,Month-to-month,Yes,Bank transfer (automatic),59.95,1406.0,0,Established(1-2yr),3,1,61.130434782608695,14.9875,1,0
Female,Yes,No,No,1,Yes,No,Fiber optic,No,Yes,No,No,No,Yes,Month-to-month,Yes,Electronic check,86.0,86.0,1,New(0-12mo),3,1,86.0,21.5,1,0
Male,No,Yes,No,46,Yes,Yes,Fiber optic,No,Yes,Yes,No,Yes,No,One year,Yes,Electronic check,94.65,4312.5,0,Loyal(2-4yr),5,1,93.75,15.775,0,1
Female,No,Yes,Yes,14,Yes,Yes,DSL,No,Yes,No,Yes,Yes,Yes,Month-to-month,No,Credit card (automatic),80.45,1137.05,0,Established(1-2yr),6,1,81.21785714285714,11.492857142857144,1,0
Male,No,Yes,No,22,Yes,Yes,Fiber optic,No,No,No,No,No,Yes,Month-to-month,Yes,Electronic check,85.1,1873.7,1,Established(1-2yr),3,1,85.16818181818182,21.275,1,0
Male,No,No,Yes,1,Yes,No,No,No internet service,No internet service,No internet service,No internet service,No internet service,No internet service,Month-to-month,Yes,Mailed check,19.2,19.2,0,New(0-12mo),1,0,19.2,9.6,1,0
Female,No,No,No,11,No,No phone service,DSL,No,Yes,Yes,Yes,No,No,One year,Yes,Credit card (automatic),40.4,422.6,0,New(0-12mo),3,1,38.41818181818182,10.1,0,1
Male,No,Yes,Yes,61,Yes,No,Fiber optic,No,Yes,Yes,Yes,Yes,Yes,One year,No,Credit card (automatic),103.9,6449.15,0,VIP(4yr+),6,1,105.72377049180328,14.842857142857143,0,1
Female,Yes,Yes,No,13,No,No phone service,DSL,No,No,No,No,Yes,Yes,Month-to-month,No,Electronic check,45.3,528.45,0,Established(1-2yr),2,1,40.650000000000006,15.1,1,0
Male,Yes,Yes,No,72,Yes,Yes,Fiber optic,No,Yes,Yes,Yes,Yes,Yes,Two year,Yes,Bank transfer (automatic),109.75,7932.5,0,VIP(4yr+),7,1,110.17361111111111,13.71875,0,2
Female,No,No,No,1,Yes,No,DSL,No,No,No,No,No,No,Month-to-month,Yes,Mailed check,45.4,45.4,0,New(0-12mo),1,1,45.4,22.7,1,0
Male,No,No,No,39,Yes,Yes,Fiber optic,Yes,Yes,No,No,Yes,Yes,Month-to-month,Yes,Electronic check,106.4,4040.65,0,Loyal(2-4yr),6,1,103.60641025641026,15.200000000000001,1,0
Female,No,Yes,No,27,Yes,Yes,Fiber optic,No,No,No,No,Yes,Yes,Month-to-month,No,Credit card (automatic),95.0,2462.55,0,Loyal(2-4yr),4,1,91.20555555555556,19.0,1,0
Male,No,No,No,10,Yes,No,DSL,Yes,No,No,No,No,No,Month-to-month,Yes,Mailed check,51.65,524.5,0,New(0-12mo),2,1,52.45,17.216666666666665,1,0
Male,No,No,Yes,48,Yes,Yes,DSL,Yes,No,Yes,No,Yes,Yes,One year,Yes,Credit card (automatic),78.75,3682.45,0,Loyal(2-4yr),6,1,76.71770833333333,11.25,0,1
Male,No,No,No,22,Yes,Yes,Fiber optic,Yes,No,No,No,Yes,Yes,Month-to-month,Yes,Bank transfer (automatic),101.35,2317.1,1,Established(1-2yr),5,1,105.32272727272726,16.891666666666666,1,0
Female,No,Yes,Yes,69,No,No phone service,DSL,Yes,No,Yes,No,No,Yes,Two year,Yes,Credit card (automatic),43.95,2960.1,0,VIP(4yr+),3,1,42.9,10.9875,0,2
Male,No,No,No,49,Yes,Yes,Fiber optic,No,Yes,Yes,No,Yes,Yes,Month-to-month,Yes,Bank transfer (automatic),103.7,5036.3,1,VIP(4yr+),6,1,102.78163265306122,14.814285714285715,1,0
Female,No,No,No,37,Yes,Yes,DSL,Yes,No,No,No,Yes,No,One year,No,Bank transfer (automatic),64.65,2347.85,0,Loyal(2-4yr),4,1,63.4554054054054,12.930000000000001,0,1
Male,No,Yes,Yes,32,Yes,No,No,No internet service,No internet service,No internet service,No internet service,No internet service,No internet service,Two year,No,Mailed check,18.95,613.95,0,Loyal(2-4yr),1,0,19.1859375,9.475,0,2
Male,No,Yes,No,6,Yes,No,Fiber optic,No,Yes,Yes,No,No,Yes,Month-to-month,Yes,Electronic check,91.0,531.0,1,New(0-12mo),4,1,88.5,18.2,1,0
Male,No,Yes,Yes,27,Yes,No,DSL,Yes,Yes,No,No,No,No,Month-to-month,Yes,Credit card (automatic),54.75,1510.3,0,Loyal(2-4yr),3,1,55.93703703703704,13.6875,1,0
Female,No,Yes,No,16,Yes,Yes,Fiber optic,Yes,Yes,Yes,No,No,No,Month-to-month,No,Electronic check,90.7,1374.9,0,Established(1-2yr),5,1,85.93125,15.116666666666667,1,0
Male,No,No,Yes,38,Yes,Yes,Fiber optic,No,No,Yes,No,Yes,Yes,Month-to-month,Yes,Bank transfer (automatic),99.25,3777.15,1,Loyal(2-4yr),5,1,99.39868421052631,16.541666666666668,1,0
Male,No,No,No,9,No,No phone service,DSL,No,No,No,No,Yes,No,Month-to-month,Yes,Credit card (automatic),34.7,296.1,1,New(0-12mo),1,1,32.900000000000006,17.35,1,0
Male,No,No,No,44,Yes,No,No,No internet service,No internet service,No internet service,No internet service,No internet service,No internet service,Two year,No,Mailed check,20.05,845.25,0,Loyal(2-4yr),1,0,19.210227272727273,10.025,0,2
Male,No,Yes,Yes,67,Yes,Yes,DSL,Yes,Yes,Yes,Yes,No,No,One year,Yes,Credit card (automatic),69.35,4653.25,0,VIP(4yr+),6,1,69.45149253731343,9.907142857142857,0,1
Female,No,No,No,4,Yes,No,Fiber optic,No,No,No,No,No,No,Month-to-month,Yes,Bank transfer (automatic),70.9,273.0,1,New(0-12mo),1,1,68.25,35.45,1,0
Female,No,Yes,Yes,72,No,No phone service,DSL,No,Yes,Yes,Yes,Yes,Yes,Two year,Yes,Electronic check,60.0,4264.0,0,VIP(4yr+),5,1,59.22222222222222,10.0,0,2
Female,No,Yes,No,15,Yes,No,Fiber optic,No,No,Yes,No,Yes,No,Month-to-month,Yes,Electronic check,84.3,1308.4,1,Established(1-2yr),3,1,87.22666666666667,21.075,1,0
Male,Yes,Yes,No,1,Yes,Yes,Fiber optic,Yes,No,No,No,No,No,Month-to-month,Yes,Electronic check,80.3,80.3,1,New(0-12mo),3,1,80.3,20.075,1,0
Female,No,No,No,1,Yes,No,No,No internet service,No internet service,No internet service,No internet service,No internet service,No internet service,Month-to-month,No,Mailed check,20.9,20.9,1,New(0-12mo),1,0,20.9,10.45,1,0
Female,No,No,No,1,Yes,No,Fiber optic,No,No,No,No,No,No,Month-to-month,No,Electronic check,68.65,68.65,1,New(0-12mo),1,1,68.65,34.325,1,0
Female,No,Yes,Yes,1,Yes,No,Fiber optic,No,No,No,No,Yes,No,Month-to-month,Yes,Mailed check,80.05,80.05,1,New(0-12mo),2,1,80.05,26.683333333333334,1,0
Male,Yes,Yes,No,59,Yes,No,Fiber optic,Yes,Yes,Yes,No,No,No,One year,Yes,Credit card (automatic),82.95,4903.15,0,VIP(4yr+),4,1,83.1042372881356,16.59,0,1
Female,No,Yes,No,9,Yes,No,DSL,No,Yes,No,No,No,No,Month-to-month,No,Mailed check,50.85,466.6,0,New(0-12mo),2,1,51.84444444444445,16.95,1,0
Female,Yes,No,No,4,Yes,No,No,No internet service,No internet service,No internet service,No internet service,No internet service,No internet service,Month-to-month,No,Mailed check,20.05,91.45,0,New(0-12mo),1,0,22.8625,10.025,1,0
Female,No,No,No,13,Yes,Yes,Fiber optic,No,No,No,No,No,Yes,Month-to-month,Yes,Electronic check,85.95,1215.65,0,Established(1-2yr),3,1,93.51153846153846,21.4875,1,0
Female,No,Yes,No,47,Yes,No,DSL,No,Yes,No,No,Yes,No,Month-to-month,Yes,Bank transfer (automatic),58.6,2723.4,0,Loyal(2-4yr),3,1,57.94468085106383,14.65,1,0
Female,Yes,Yes,No,1,Yes,Yes,Fiber optic,No,No,No,No,No,No,Month-to-month,Yes,Electronic check,74.45,74.45,1,New(0-12mo),2,1,74.45,24.816666666666666,1,0
Female,No,Yes,Yes,61,Yes,No,No,No internet service,No internet service,No internet service,No internet service,No internet service,No internet service,Month-to-month,Yes,Mailed check,19.4,1182.55,1,VIP(4yr+),1,0,19.38606557377049,9.7,1,0
Male,No,Yes,No,10,Yes,No,DSL,Yes,No,No,Yes,No,No,Month-to-month,Yes,Credit card (automatic),54.95,568.85,0,New(0-12mo),3,1,56.885000000000005,13.7375,1,0
Female,Yes,Yes,No,11,Yes,No,Fiber optic,No,No,No,Yes,Yes,No,Month-to-month,Yes,Electronic check,82.9,880.05,0,New(0-12mo),3,1,80.00454545454545,20.725,1,0
Female,No,No,No,1,Yes,No,Fiber optic,No,No,No,No,No,Yes,Month-to-month,Yes,Electronic check,79.7,79.7,1,New(0-12mo),2,1,79.7,26.566666666666666,1,0
Female,No,No,No,35,Yes,No,No,No internet service,No internet service,No internet service,No internet service,No internet service,No internet service,One year,No,Mailed check,20.75,700.45,0,Loyal(2-4yr),1,0,20.012857142857143,10.375,0,1
Male,No,No,No,18,Yes,Yes,Fiber optic,No,No,Yes,No,No,Yes,Month-to-month,Yes,Credit card (automatic),90.7,1597.25,1,Established(1-2yr),4,1,88.73611111111111,18.14,1,0
Male,No,No,No,22,No,No phone service,DSL,No,No,Yes,Yes,Yes,Yes,Two year,No,Bank transfer (automatic),56.75,1304.85,0,Established(1-2yr),4,1,59.31136363636363,11.35,0,2
Female,No,Yes,Yes,72,Yes,Yes,DSL,Yes,Yes,Yes,Yes,Yes,Yes,Two year,Yes,Bank transfer (automatic),93.25,6688.95,0,VIP(4yr+),8,1,92.90208333333334,10.36111111111111,0,2
Male,Yes,Yes,No,30,Yes,Yes,Fiber optic,Yes,Yes,Yes,Yes,Yes,No,Month-to-month,Yes,Bank transfer (automatic),105.7,3181.8,0,Loyal(2-4yr),7,1,106.06,13.2125,1,0
Female,Yes,Yes,Yes,22,Yes,Yes,Fiber optic,No,No,No,No,Yes,No,Month-to-month,No,Bank transfer (automatic),85.35,1961.6,0,Established(1-2yr),3,1,89.16363636363636,21.3375,1,0
Female,No,No,No,4,Yes,No,Fiber optic,No,No,Yes,No,No,Yes,Month-to-month,Yes,Credit card (automatic),82.85,319.6,0,New(0-12mo),3,1,79.9,20.7125,1,0
Male,No,No,No,62,Yes,No,DSL,No,Yes,Yes,Yes,Yes,Yes,Month-to-month,Yes,Bank transfer (automatic),80.4,4981.15,0,VIP(4yr+),6,1,80.34112903225805,11.485714285714286,1,0
Female,No,No,No,36,Yes,Yes,Fiber optic,No,Yes,No,No,Yes,Yes,Month-to-month,Yes,Electronic check,99.15,3615.6,1,Loyal(2-4yr),5,1,100.43333333333334,16.525000000000002,1,0
Male,Yes,No,No,25,Yes,Yes,Fiber optic,No,Yes,Yes,No,Yes,Yes,Month-to-month,No,Mailed check,105.95,2655.25,1,Loyal(2-4yr),6,1,106.21,15.135714285714286,1,0
Female,Yes,No,No,2,Yes,Yes,Fiber optic,No,No,No,No,Yes,No,Month-to-month,Yes,Electronic check,85.55,187.45,1,New(0-12mo),3,1,93.725,21.3875,1,0
Male,Yes,No,No,3,Yes,Yes,Fiber optic,No,No,No,No,No,No,Month-to-month,Yes,Electronic check,76.05,231.8,1,New(0-12mo),2,1,77.26666666666667,25.349999999999998,1,0
Female,No,No,Yes,9,Yes,No,Fiber optic,Yes,No,Yes,Yes,No,Yes,Month-to-month,No,Bank transfer (automatic),93.0,870.25,0,New(0-12mo),5,1,96.69444444444444,15.5,1,0
Female,No,Yes,No,71,No,No phone service,DSL,No,Yes,Yes,Yes,Yes,Yes,Two year,No,Bank transfer (automatic),58.25,4145.9,0,VIP(4yr+),5,1,58.39295774647887,9.708333333333334,0,2
Female,No,No,No,52,Yes,Yes,Fiber optic,No,Yes,No,No,No,No,One year,Yes,Mailed check,80.2,4297.6,0,VIP(4yr+),3,1,82.64615384615385,20.05,0,1
Female,No,Yes,Yes,55,Yes,Yes,No,No internet service,No internet service,No internet service,No internet service,No internet service,No internet service,Two year,Yes,Credit card (automatic),25.65,1388.0,0,VIP(4yr+),2,0,25.236363636363638,8.549999999999999,0,2
Female,No,No,Yes,18,Yes,Yes,DSL,Yes,No,No,No,No,Yes,Month-to-month,No,Electronic check,64.8,1166.7,0,Established(1-2yr),4,1,64.81666666666666,12.959999999999999,1,0
Male,No,No,No,2,Yes,No,DSL,Yes,No,Yes,No,No,No,Month-to-month,Yes,Mailed check,55.1,113.35,1,New(0-12mo),3,1,56.675,13.775,1,0
Male,No,No,No,49,Yes,Yes,Fiber optic,No,Yes,No,Yes,Yes,Yes,One year,Yes,Bank transfer (automatic),106.65,5168.1,0,VIP(4yr+),6,1,105.47142857142858,15.235714285714286,0,1
Female,No,Yes,No,44,Yes,No,DSL,Yes,Yes,Yes,No,No,No,One year,Yes,Mailed check,61.5,2722.2,0,Loyal(2-4yr),4,1,61.86818181818182,12.3,0,1
Male,No,Yes,Yes,71,Yes,No,DSL,Yes,Yes,Yes,Yes,Yes,Yes,Two year,No,Bank transfer (automatic),85.45,6029.9,0,VIP(4yr+),7,1,84.9281690140845,10.68125,0,2
Male,No,Yes,Yes,55,Yes,No,No,No internet service,No internet service,No internet service,No internet service,No internet service,No internet service,Two year,No,Mailed check,20.5,1177.95,0,VIP(4yr+),1,0,21.417272727272728,10.25,0,2
Male,Yes,No,No,71,No,No phone service,DSL,Yes,Yes,No,No,Yes,Yes,One year,Yes,Electronic check,56.45,3985.35,0,VIP(4yr+),4,1,56.131690140845066,11.290000000000001,0,1
Female,Yes,Yes,No,22,Yes,Yes,No,No internet service,No internet service,No internet service,No internet service,No internet service,No internet service,One year,No,Bank transfer (automatic),25.6,548.8,0,Established(1-2yr),2,0,24.94545454545454,8.533333333333333,0,1
Male,No,Yes,Yes,41,Yes,Yes,Fiber optic,No,No,Yes,Yes,Yes,Yes,One year,Yes,Electronic check,102.6,4213.35,1,Loyal(2-4yr),6,1,102.76463414634148,14.657142857142857,0,1
Male,No,No,No,63,Yes,No,No,No internet service,No internet service,No internet service,No internet service,No internet service,No internet service,One year,No,Mailed check,20.5,1328.15,0,VIP(4yr+),1,0,21.081746031746032,10.25,0,1
Male,No,No,No,17,Yes,Yes,DSL,Yes,No,No,No,No,Yes,Month-to-month,No,Bank transfer (automatic),65.75,1111.2,0,Established(1-2yr),4,1,65.36470588235295,13.15,1,0
Male,No,No,Yes,3,Yes,No,Fiber optic,No,No,No,No,No,No,Month-to-month,No,Electronic check,69.65,220.1,1,New(0-12mo),1,1,73.36666666666666,34.825,1,0
Male,No,No,No,41,No,No phone service,DSL,No,No,Yes,No,Yes,Yes,One year,Yes,Electronic check,51.35,2075.1,0,Loyal(2-4yr),3,1,50.61219512195122,12.8375,0,1
Male,No,No,No,15,Yes,Yes,DSL,No,No,No,No,No,No,Month-to-month,No,Electronic check,51.55,765.5,1,Established(1-2yr),2,1,51.03333333333333,17.183333333333334,1,0
Female,No,Yes,Yes,23,Yes,Yes,Fiber optic,Yes,No,No,No,No,No,One year,No,Credit card (automatic),81.85,1810.85,0,Established(1-2yr),3,1,78.73260869565217,20.4625,0,1
Male,No,Yes,No,28,Yes,Yes,Fiber optic,No,Yes,Yes,No,Yes,No,Month-to-month,No,Credit card (automatic),96.6,2684.35,0,Loyal(2-4yr),5,1,95.86964285714285,16.099999999999998,1,0
Male,No,No,Yes,10,Yes,No,No,No internet service,No internet service,No internet service,No internet service,No internet service,No internet service,One year,Yes,Bank transfer (automatic),19.95,219.5,0,New(0-12mo),1,0,21.95,9.975,0,1
Female,No,Yes,Yes,45,Yes,No,No,No internet service,No internet service,No internet service,No internet service,No internet service,No internet service,Two year,No,Mailed check,20.85,892.15,0,Loyal(2-4yr),1,0,19.825555555555557,10.425,0,2
Male,No,No,No,17,No,No phone service,DSL,No,No,No,No,No,No,Month-to-month,Yes,Mailed check,25.65,440.2,0,Established(1-2yr),0,1,25.894117647058824,25.65,1,0
Male,No,Yes,Yes,66,Yes,No,No,No internet service,No internet service,No internet service,No internet service,No internet service,No internet service,Two year,No,Credit card (automatic),20.0,1374.2,0,VIP(4yr+),1,0,20.82121212121212,10.0,0,2
Female,No,No,No,3,Yes,No,DSL,No,No,Yes,No,Yes,Yes,One year,Yes,Electronic check,69.95,220.45,0,New(0-12mo),4,1,73.48333333333333,13.99,0,1
Male,No,Yes,Yes,12,Yes,No,No,No internet service,No internet service,No internet service,No internet service,No internet service,No internet service,Month-to-month,Yes,Electronic check,19.2,239.0,0,New(0-12mo),1,0,19.916666666666668,9.6,1,0
Male,No,Yes,Yes,1,Yes,No,DSL,No,No,No,No,No,No,Month-to-month,Yes,Mailed check,45.85,45.85,1,New(0-12mo),1,1,45.85,22.925,1,0
Female,No,No,No,2,Yes,No,Fiber optic,Yes,No,Yes,No,No,No,Month-to-month,Yes,Electronic check,80.45,137.1,0,New(0-12mo),3,1,68.55,20.1125,1,0
Female,No,Yes,Yes,72,Yes,Yes,No,No internet service,No internet service,No internet service,No internet service,No internet service,No internet service,Two year,No,Bank transfer (automatic),25.2,1787.35,0,VIP(4yr+),2,0,24.824305555555554,8.4,0,2
Female,No,No,No,23,Yes,No,No,No internet service,No internet service,No internet service,No internet service,No internet service,No internet service,Month-to-month,Yes,Bank transfer (automatic),20.3,470.6,0,Established(1-2yr),1,0,20.460869565217394,10.15,1,0
Female,No,No,No,24,Yes,No,DSL,Yes,No,No,Yes,No,No,Month-to-month,No,Credit card (automatic),56.35,1381.2,0,Established(1-2yr),3,1,57.550000000000004,14.0875,1,0
Male,No,No,Yes,19,Yes,Yes,No,No internet service,No internet service,No internet service,No internet service,No internet service,No internet service,Month-to-month,Yes,Credit card (automatic),24.1,439.2,0,Established(1-2yr),2,0,23.11578947368421,8.033333333333333,1,0
Male,No,No,No,18,Yes,No,DSL,Yes,No,Yes,Yes,Yes,No,Month-to-month,Yes,Electronic check,68.35,1299.8,0,Established(1-2yr),5,1,72.21111111111111,11.391666666666666,1,0
Male,Yes,Yes,No,57,No,No phone service,DSL,No,No,No,No,Yes,Yes,Month-to-month,Yes,Electronic check,44.85,2572.95,1,VIP(4yr+),2,1,45.13947368421052,14.950000000000001,1,0
Female,No,No,No,20,Yes,No,No,No internet service,No internet service,No internet service,No internet service,No internet service,No internet service,Month-to-month,Yes,Credit card (automatic),18.9,347.65,0,Established(1-2yr),1,0,17.3825,9.45,1,0
Male,Yes,Yes,No,72,Yes,Yes,DSL,No,Yes,Yes,Yes,Yes,No,Two year,No,Credit card (automatic),77.35,5396.25,0,VIP(4yr+),6,1,74.94791666666667,11.049999999999999,0,2
Male,No,Yes,Yes,69,Yes,Yes,No,No internet service,No internet service,No internet service,No internet service,No internet service,No internet service,Two year,No,Bank transfer (automatic),24.45,1718.2,0,VIP(4yr+),2,0,24.90144927536232,8.15,0,2
Female,No,Yes,Yes,71,Yes,Yes,No,No internet service,No internet service,No internet service,No internet service,No internet service,No internet service,Two year,No,Bank transfer (automatic),25.45,1813.35,0,VIP(4yr+),2,0,25.54014084507042,8.483333333333333,0,2
Male,No,Yes,No,64,Yes,Yes,Fiber optic,Yes,No,Yes,Yes,Yes,Yes,One year,Yes,Mailed check,108.5,6880.85,0,VIP(4yr+),7,1,107.51328125,13.5625,0,1
Female,No,Yes,Yes,71,Yes,Yes,Fiber optic,Yes,Yes,Yes,No,Yes,Yes,Two year,Yes,Bank transfer (automatic),109.0,7661.8,0,VIP(4yr+),7,1,107.91267605633803,13.625,0,2
Male,No,No,No,54,Yes,Yes,Fiber optic,No,Yes,No,No,No,No,Month-to-month,Yes,Bank transfer (automatic),79.85,4308.25,0,VIP(4yr+),3,1,79.7824074074074,19.9625,1,0
Male,No,No,Yes,39,Yes,Yes,No,No internet service,No internet service,No internet service,No internet service,No internet service,No internet service,Two year,No,Mailed check,25.0,1004.35,0,Loyal(2-4yr),2,0,25.752564102564104,8.333333333333334,0,2
Male,No,Yes,Yes,72,Yes,Yes,Fiber optic,Yes,No,Yes,No,Yes,Yes,Two year,Yes,Bank transfer (automatic),105.55,7542.25,0,VIP(4yr+),6,1,104.75347222222223,15.078571428571427,0,2
Male,No,No,No,20,Yes,Yes,DSL,Yes,No,No,Yes,No,No,Month-to-month,No,Bank transfer (automatic),59.2,1191.2,0,Established(1-2yr),4,1,59.56,11.84,1,0
Male,No,No,Yes,8,Yes,No,No,No internet service,No internet service,No internet service,No internet service,No internet service,No internet service,Month-to-month,No,Mailed check,20.35,178.7,0,New(0-12mo),1,0,22.3375,10.175,1,0
Female,No,Yes,No,24,Yes,No,No,No internet service,No internet service,No internet service,No internet service,No internet service,No internet service,One year,No,Credit card (automatic),20.4,482.8,0,Established(1-2yr),1,0,20.116666666666667,10.2,0,1
Female,Yes,No,No,35,No,No phone service,DSL,No,No,Yes,No,Yes,No,Month-to-month,Yes,Electronic check,39.85,1434.6,0,Loyal(2-4yr),2,1,40.988571428571426,13.283333333333333,1,0
Female,No,Yes,No,58,Yes,Yes,Fiber optic,No,Yes,Yes,No,No,Yes,One year,Yes,Electronic check,94.3,5610.15,0,VIP(4yr+),5,1,96.72672413793103,15.716666666666667,0,1
Male,No,No,No,3,Yes,No,No,No internet service,No internet service,No internet service,No internet service,No internet service,No internet service,Month-to-month,No,Mailed check,19.85,64.55,1,New(0-12mo),1,0,21.516666666666666,9.925,1,0
Male,No,No,No,68,Yes,Yes,Fiber optic,Yes,Yes,Yes,Yes,Yes,Yes,One year,Yes,Credit card (automatic),117.2,8035.95,0,VIP(4yr+),8,1,118.17573529411764,13.022222222222222,0,1
Female,No,No,No,2,Yes,No,No,No internet service,No internet service,No internet service,No internet service,No internet service,No internet service,Month-to-month,No,Mailed check,20.65,38.7,1,New(0-12mo),1,0,19.35,10.325,1,0
Female,No,Yes,Yes,64,No,No phone service,DSL,No,Yes,Yes,Yes,No,Yes,Two year,No,Electronic check,49.85,3210.35,0,VIP(4yr+),4,1,50.16171875,9.97,0,2
Female,No,No,Yes,1,No,No phone service,DSL,No,No,No,No,No,No,Month-to-month,No,Mailed check,24.7,24.7,0,New(0-12mo),0,1,24.7,24.7,1,0
Female,No,No,No,16,Yes,No,No,No internet service,No internet service,No internet service,No internet service,No internet service,No internet service,One year,No,Credit card (automatic),19.35,295.55,0,Established(1-2yr),1,0,18.471875,9.675,0,1
Male,No,No,No,68,Yes,Yes,Fiber optic,No,Yes,Yes,Yes,Yes,Yes,One year,No,Electronic check,108.45,7176.55,1,VIP(4yr+),7,1,105.53750000000001,13.55625,0,1
Female,No,Yes,No,1,Yes,No,No,No internet service,No internet service,No internet service,No internet service,No internet service,No internet service,Month-to-month,Yes,Bank transfer (automatic),20.3,20.3,0,New(0-12mo),1,0,20.3,10.15,1,0
Female,No,No,No,7,Yes,No,Fiber optic,No,No,Yes,No,No,No,Month-to-month,Yes,Electronic check,75.15,525.0,0,New(0-12mo),2,1,75.0,25.05,1,0
Male,No,No,No,16,Yes,No,No,No internet service,No internet service,No internet service,No internet service,No internet service,No internet service,Month-to-month,No,Credit card (automatic),19.75,294.9,0,Established(1-2yr),1,0,18.43125,9.875,1,0
Female,No,Yes,Yes,24,Yes,No,No,No internet service,No internet service,No internet service,No internet service,No internet service,No internet service,Two year,No,Mailed check,19.7,452.55,0,Established(1-2yr),1,0,18.85625,9.85,0,2
Female,No,No,No,33,Yes,No,Fiber optic,No,No,No,No,No,No,Month-to-month,Yes,Bank transfer (automatic),70.4,2406.1,0,Loyal(2-4yr),1,1,72.9121212121212,35.2,1,0
Female,No,No,Yes,24,Yes,No,No,No internet service,No internet service,No internet service,No internet service,No internet service,No internet service,One year,No,Bank transfer (automatic),21.05,531.55,0,Established(1-2yr),1,0,22.147916666666664,10.525,0,1
Male,No,No,No,20,Yes,No,DSL,Yes,No,Yes,No,No,Yes,Month-to-month,No,Credit card (automatic),64.4,1398.6,0,Established(1-2yr),4,1,69.92999999999999,12.88,1,0
Male,No,No,No,3,Yes,Yes,Fiber optic,No,No,No,No,No,Yes,Month-to-month,Yes,Electronic check,85.3,264.8,1,New(0-12mo),3,1,88.26666666666667,21.325,1,0
Male,No,No,No,9,Yes,Yes,Fiber optic,No,No,No,No,No,No,Month-to-month,Yes,Electronic check,75.85,724.65,0,New(0-12mo),2,1,80.51666666666667,25.28333333333333,1,0
Male,No,No,No,7,Yes,No,No,No internet service,No internet service,No internet service,No internet service,No internet service,No internet service,Month-to-month,No,Mailed check,20.75,141.1,0,New(0-12mo),1,0,20.157142857142855,10.375,1,0
Male,No,No,No,23,Yes,No,No,No internet service,No internet service,No internet service,No internet service,No internet service,No internet service,One year,No,Mailed check,20.45,481.1,0,Established(1-2yr),1,0,20.917391304347827,10.225,0,1
Male,No,No,No,4,Yes,No,DSL,No,No,No,No,Yes,No,Month-to-month,Yes,Electronic check,56.4,234.85,0,New(0-12mo),2,1,58.7125,18.8,1,0
Female,No,No,No,58,Yes,Yes,No,No internet service,No internet service,No internet service,No internet service,No internet service,No internet service,Two year,Yes,Credit card (automatic),24.7,1519.0,0,VIP(4yr+),2,0,26.189655172413794,8.233333333333333,0,2
Male,No,No,No,49,Yes,Yes,Fiber optic,No,No,No,No,No,No,Month-to-month,Yes,Bank transfer (automatic),74.6,3720.35,0,VIP(4yr+),2,1,75.92551020408163,24.866666666666664,1,0
Male,No,Yes,Yes,72,Yes,Yes,Fiber optic,Yes,No,Yes,No,Yes,Yes,One year,Yes,Bank transfer (automatic),106.1,7848.5,0,VIP(4yr+),6,1,109.00694444444444,15.157142857142857,0,1
Female,No,Yes,Yes,50,Yes,No,Fiber optic,No,No,Yes,Yes,Yes,Yes,One year,No,Mailed check,103.05,5153.5,0,VIP(4yr+),5,1,103.07,17.175,0,1
Male,No,Yes,No,32,Yes,No,DSL,Yes,Yes,No,Yes,No,Yes,One year,No,Mailed check,70.5,2201.75,0,Loyal(2-4yr),5,1,68.8046875,11.75,0,1
Male,No,No,No,7,Yes,No,No,No internet service,No internet service,No internet service,No internet service,No internet service,No internet service,One year,No,Mailed check,19.5,128.6,0,New(0-12mo),1,0,18.37142857142857,9.75,0,1
Female,No,No,No,15,Yes,No,No,No internet service,No internet service,No internet service,No internet service,No internet service,No internet service,Month-to-month,No,Mailed check,19.6,299.4,0,Established(1-2yr),1,0,19.959999999999997,9.8,1,0
Male,No,Yes,No,28,Yes,No,Fiber optic,No,No,No,Yes,No,No,Month-to-month,No,Bank transfer (automatic),76.55,2065.4,0,Loyal(2-4yr),2,1,73.76428571428572,25.516666666666666,1,0
Female,No,No,No,12,Yes,No,No,No internet service,No internet service,No internet service,No internet service,No internet service,No internet service,Month-to-month,No,Bank transfer (automatic),19.45,227.45,0,New(0-12mo),1,0,18.954166666666666,9.725,1,0
Male,Yes,No,No,15,Yes,No,Fiber optic,No,Yes,No,No,No,No,Month-to-month,Yes,Electronic check,74.4,1074.3,1,Established(1-2yr),2,1,71.61999999999999,24.8,1,0
Female,No,No,No,36,Yes,No,No,No internet service,No internet service,No internet service,No internet service,No internet service,No internet service,One year,No,Mailed check,19.55,620.75,0,Loyal(2-4yr),1,0,17.243055555555557,9.775,0,1
Female,No,Yes,Yes,9,Yes,No,No,No internet service,No internet service,No internet service,No internet service,No internet service,No internet service,One year,No,Mailed check,20.25,172.35,0,New(0-12mo),1,0,19.15,10.125,0,1
Male,No,No,No,3,Yes,No,No,No internet service,No internet service,No internet service,No internet service,No internet service,No internet service,Month-to-month,No,Mailed check,20.7,57.5,0,New(0-12mo),1,0,19.166666666666668,10.35,1,0
Male,No,No,No,36,Yes,Yes,Fiber optic,No,No,No,No,No,Yes,Month-to-month,Yes,Electronic check,84.9,3067.2,1,Loyal(2-4yr),3,1,85.19999999999999,21.225,1,0
Female,No,No,No,15,Yes,Yes,No,No internet service,No internet service,No internet service,No internet service,No internet service,No internet service,Two year,No,Bank transfer (automatic),25.05,369.1,0,Established(1-2yr),2,0,24.60666666666667,8.35,0,2
Male,No,No,No,26,No,No phone service,DSL,Yes,No,No,Yes,Yes,Yes,One year,No,Credit card (automatic),54.55,1362.85,0,Loyal(2-4yr),4,1,52.41730769230769,10.91,0,1
Female,No,Yes,No,34,Yes,Yes,Fiber optic,No,No,Yes,No,Yes,Yes,Month-to-month,Yes,Electronic check,100.45,3414.65,0,Loyal(2-4yr),5,1,100.43088235294118,16.741666666666667,1,0
Female,No,Yes,No,26,Yes,Yes,DSL,Yes,Yes,Yes,Yes,Yes,Yes,One year,Yes,Credit card (automatic),90.1,2312.55,0,Loyal(2-4yr),8,1,88.94423076923077,10.011111111111111,0,1
Female,No,Yes,Yes,6,Yes,No,No,No internet service,No internet service,No internet service,No internet service,No internet service,No internet service,Two year,No,Mailed check,20.1,100.35,0,New(0-12mo),1,0,16.724999999999998,10.05,0,2
Female,No,Yes,Yes,8,Yes,No,No,No internet service,No internet service,No internet service,No internet service,No internet service,No internet service,One year,No,Electronic check,19.8,160.05,0,New(0-12mo),1,0,20.00625,9.9,0,1
Male,No,No,No,67,Yes,Yes,Fiber optic,Yes,Yes,Yes,Yes,Yes,Yes,Two year,No,Credit card (automatic),116.2,7752.3,1,VIP(4yr+),8,1,115.70597014925373,12.911111111111111,0,2
Male,No,Yes,No,72,Yes,Yes,Fiber optic,No,Yes,Yes,No,Yes,Yes,Two year,Yes,Bank transfer (automatic),106.3,7565.35,0,VIP(4yr+),6,1,105.07430555555555,15.185714285714285,0,2
Female,No,No,No,71,Yes,Yes,Fiber optic,Yes,Yes,Yes,Yes,Yes,Yes,Two year,No,Mailed check,111.3,7985.9,0,VIP(4yr+),8,1,112.47746478873239,12.366666666666667,0,2
Female,Yes,No,No,8,Yes,No,Fiber optic,No,No,Yes,No,No,No,Month-to-month,Yes,Bank transfer (automatic),74.05,600.15,0,New(0-12mo),2,1,75.01875,24.683333333333334,1,0
Male,No,No,No,1,Yes,No,DSL,No,No,No,No,No,No,Month-to-month,Yes,Electronic check,45.6,45.6,1,New(0-12mo),1,1,45.6,22.8,1,0
Male,No,No,No,14,No,No phone service,DSL,No,No,Yes,No,Yes,Yes,Month-to-month,Yes,Electronic check,50.75,712.75,1,Established(1-2yr),3,1,50.910714285714285,12.6875,1,0
Female,Yes,No,No,22,Yes,Yes,Fiber optic,No,No,No,No,No,No,Month-to-month,Yes,Bank transfer (automatic),74.4,1692.6,1,Established(1-2yr),2,1,76.93636363636364,24.8,1,0
Male,No,Yes,No,28,Yes,No,DSL,Yes,No,No,Yes,No,No,One year,No,Mailed check,54.35,1426.45,0,Loyal(2-4yr),3,1,50.94464285714286,13.5875,0,1
Female,No,No,No,11,Yes,No,DSL,No,No,No,No,Yes,Yes,Month-to-month,Yes,Electronic check,64.9,716.1,0,New(0-12mo),3,1,65.10000000000001,16.225,1,0
Female,Yes,No,No,14,No,No phone service,DSL,Yes,No,Yes,Yes,No,No,Two year,No,Mailed check,39.7,692.35,0,Established(1-2yr),3,1,49.45357142857143,9.925,0,2
Female,Yes,Yes,No,31,No,No phone service,DSL,Yes,Yes,Yes,No,No,Yes,One year,Yes,Credit card (automatic),50.4,1580.1,0,Loyal(2-4yr),4,1,50.97096774193548,10.08,0,1
Female,No,Yes,Yes,57,Yes,No,DSL,Yes,No,No,No,Yes,Yes,One year,Yes,Bank transfer (automatic),70.1,3913.3,1,VIP(4yr+),4,1,68.65438596491228,14.02,0,1
Female,No,Yes,Yes,25,No,No phone service,DSL,Yes,Yes,Yes,No,Yes,Yes,Month-to-month,Yes,Credit card (automatic),58.6,1502.65,1,Loyal(2-4yr),5,1,60.106,9.766666666666667,1,0
Male,No,No,No,9,Yes,No,Fiber optic,No,No,No,Yes,Yes,Yes,Month-to-month,Yes,Bank transfer (automatic),95.9,827.45,0,New(0-12mo),4,1,91.9388888888889,19.18,1,0
Male,No,Yes,No,70,Yes,Yes,DSL,Yes,No,No,Yes,Yes,Yes,Two year,Yes,Credit card (automatic),76.95,5289.8,0,VIP(4yr+),6,1,75.56857142857143,10.992857142857144,0,2
Female,No,No,No,47,Yes,Yes,Fiber optic,Yes,No,Yes,No,Yes,No,One year,No,Credit card (automatic),94.9,4615.25,0,Loyal(2-4yr),5,1,98.19680851063829,15.816666666666668,0,1
Male,No,No,No,3,Yes,No,No,No internet service,No internet service,No internet service,No internet service,No internet service,No internet service,Month-to-month,Yes,Electronic check,20.5,76.95,0,New(0-12mo),1,0,25.650000000000002,10.25,1,0
Female,Yes,Yes,No,2,Yes,Yes,Fiber optic,No,No,Yes,No,No,No,Month-to-month,No,Electronic check,79.2,172.85,1,New(0-12mo),3,1,86.425,19.8,1,0
Female,No,No,No,67,Yes,No,DSL,Yes,Yes,No,Yes,No,No,One year,No,Credit card (automatic),60.5,3870.0,0,VIP(4yr+),4,1,57.76119402985075,12.1,0,1
Female,No,Yes,Yes,52,Yes,No,Fiber optic,No,Yes,Yes,Yes,No,No,Month-to-month,No,Bank transfer (automatic),85.8,4433.3,0,VIP(4yr+),4,1,85.25576923076923,17.16,1,0
Male,No,Yes,Yes,53,Yes,Yes,DSL,Yes,No,Yes,Yes,Yes,Yes,Month-to-month,No,Electronic check,85.7,4616.1,0,VIP(4yr+),7,1,87.09622641509435,10.7125,1,0
Female,No,No,No,10,Yes,No,No,No internet service,No internet service,No internet service,No internet service,No internet service,No internet service,Month-to-month,Yes,Mailed check,20.9,247.0,0,New(0-12mo),1,0,24.7,10.45,1,0
Female,No,No,No,1,Yes,No,Fiber optic,No,No,No,No,No,No,Month-to-month,Yes,Mailed check,70.7,70.7,0,New(0-12mo),1,1,70.7,35.35,1,0
Male,No,No,No,27,Yes,Yes,Fiber optic,No,No,Yes,No,Yes,Yes,One year,Yes,Bank transfer (automatic),100.5,2673.45,0,Loyal(2-4yr),5,1,99.01666666666667,16.75,0,1
Female,No,Yes,Yes,61,No,No phone service,DSL,No,Yes,Yes,Yes,Yes,Yes,Two year,Yes,Bank transfer (automatic),61.45,3751.15,0,VIP(4yr+),5,1,61.49426229508197,10.241666666666667,0,2
Female,No,No,No,10,No,No phone service,DSL,No,No,No,Yes,No,No,Two year,Yes,Mailed check,29.6,299.05,0,New(0-12mo),1,1,29.905,14.8,0,2
Male,No,Yes,Yes,4,Yes,Yes,No,No internet service,No internet service,No internet service,No internet service,No internet service,No internet service,One year,No,Credit card (automatic),24.1,73.1,0,New(0-12mo),2,0,18.275,8.033333333333333,0,1
Male,No,No,No,36,Yes,No,No,No internet service,No internet service,No internet service,No internet service,No internet service,No internet service,Two year,Yes,Credit card (automatic),18.55,689.0,0,Loyal(2-4yr),1,0,19.13888888888889,9.275,0,2
Male,Yes,Yes,No,16,Yes,No,Fiber optic,No,No,Yes,Yes,No,Yes,Month-to-month,Yes,Electronic check,91.55,1540.05,0,Established(1-2yr),4,1,96.253125,18.31,1,0
Female,No,Yes,Yes,32,Yes,No,DSL,Yes,Yes,Yes,Yes,No,Yes,Two year,No,Mailed check,73.6,2316.85,0,Loyal(2-4yr),6,1,72.4015625,10.514285714285714,0,2
Female,No,No,No,23,Yes,Yes,Fiber optic,No,Yes,No,No,No,No,Month-to-month,Yes,Electronic check,79.15,1676.95,1,Established(1-2yr),3,1,72.9108695652174,19.7875,1,0
Male,No,Yes,Yes,72,Yes,Yes,Fiber optic,Yes,Yes,Yes,Yes,Yes,Yes,Two year,No,Bank transfer (automatic),114.55,8306.05,0,VIP(4yr+),8,1,115.36180555555555,12.727777777777778,0,2
Male,No,No,Yes,1,Yes,No,DSL,No,No,No,Yes,No,Yes,Month-to-month,Yes,Mailed check,59.55,59.55,0,New(0-12mo),3,1,59.55,14.8875,1,0
Female,No,No,No,11,Yes,Yes,Fiber optic,No,No,No,Yes,Yes,No,Month-to-month,No,Electronic check,90.15,987.95,1,New(0-12mo),4,1,89.81363636363636,18.03,1,0
Male,No,No,No,1,Yes,No,Fiber optic,No,No,No,No,No,No,Month-to-month,Yes,Electronic check,69.9,69.9,1,New(0-12mo),1,1,69.9,34.95,1,0
Male,Yes,Yes,Yes,47,Yes,No,Fiber optic,No,Yes,No,No,Yes,No,One year,Yes,Bank transfer (automatic),84.95,4018.05,0,Loyal(2-4yr),3,1,85.4904255319149,21.2375,0,1
Male,No,Yes,Yes,68,Yes,No,No,No internet service,No internet service,No internet service,No internet service,No internet service,No internet service,Two year,No,Bank transfer (automatic),19.95,1377.7,0,VIP(4yr+),1,0,20.26029411764706,9.975,0,2
Female,No,No,No,1,Yes,No,DSL,No,No,No,No,Yes,No,Month-to-month,Yes,Electronic check,54.65,54.65,0,New(0-12mo),2,1,54.65,18.216666666666665,1,0
Male,No,No,No,10,Yes,No,No,No internet service,No internet service,No internet service,No internet service,No internet service,No internet service,Month-to-month,Yes,Credit card (automatic),20.0,198.6,0,New(0-12mo),1,0,19.86,10.0,1,0
Male,No,Yes,Yes,47,Yes,Yes,Fiber optic,No,No,Yes,Yes,Yes,Yes,Month-to-month,Yes,Bank transfer (automatic),107.35,5118.95,1,Loyal(2-4yr),6,1,108.91382978723404,15.335714285714285,1,0
Male,No,No,Yes,38,Yes,Yes,Fiber optic,No,Yes,No,No,No,No,Month-to-month,Yes,Mailed check,81.85,3141.7,0,Loyal(2-4yr),3,1,82.67631578947368,20.4625,1,0
Male,No,No,No,3,Yes,Yes,DSL,No,No,No,Yes,Yes,No,Month-to-month,Yes,Mailed check,65.25,209.9,0,New(0-12mo),4,1,69.96666666666667,13.05,1,0
Male,No,No,No,1,No,No phone service,DSL,No,No,No,No,No,Yes,Month-to-month,Yes,Electronic check,35.55,35.55,1,New(0-12mo),1,1,35.55,17.775,1,0
Male,No,No,No,12,Yes,No,DSL,No,No,No,Yes,No,No,Month-to-month,No,Bank transfer (automatic),50.25,593.75,1,New(0-12mo),2,1,49.479166666666664,16.75,1,0
Male,No,No,No,26,Yes,Yes,DSL,No,No,No,No,No,No,One year,Yes,Credit card (automatic),51.55,1295.4,0,Loyal(2-4yr),2,1,49.823076923076925,17.183333333333334,0,1
Male,No,No,No,12,No,No phone service,DSL,No,Yes,No,Yes,No,No,Month-to-month,No,Mailed check,34.0,442.45,0,New(0-12mo),2,1,36.87083333333333,11.333333333333334,1,0
Female,No,No,No,10,Yes,No,No,No internet service,No internet service,No internet service,No internet service,No internet service,No internet service,One year,Yes,Mailed check,19.8,198.25,0,New(0-12mo),1,0,19.825,9.9,0,1
Male,Yes,Yes,No,63,Yes,No,DSL,Yes,Yes,Yes,Yes,Yes,Yes,One year,Yes,Bank transfer (automatic),84.0,5329.55,0,VIP(4yr+),7,1,84.59603174603176,10.5,0,1
Male,No,Yes,Yes,36,Yes,Yes,No,No internet service,No internet service,No internet service,No internet service,No internet service,No internet service,Two year,No,Credit card (automatic),25.1,930.95,0,Loyal(2-4yr),2,0,25.859722222222224,8.366666666666667,0,2
Male,No,Yes,No,65,Yes,Yes,Fiber optic,Yes,Yes,Yes,No,No,No,One year,No,Electronic check,89.75,5769.6,1,VIP(4yr+),5,1,88.76307692307692,14.958333333333334,0,1
Female,No,No,No,1,Yes,Yes,DSL,No,No,No,No,No,Yes,Month-to-month,Yes,Electronic check,60.15,60.15,1,New(0-12mo),3,1,60.15,15.0375,1,0
Male,No,Yes,No,62,Yes,No,DSL,No,Yes,Yes,Yes,No,No,Two year,Yes,Credit card (automatic),60.15,3753.2,0,VIP(4yr+),4,1,60.53548387096774,12.03,0,2
Male,No,No,No,1,Yes,No,No,No internet service,No internet service,No internet service,No internet service,No internet service,No internet service,Month-to-month,No,Mailed check,20.25,20.25,1,New(0-12mo),1,0,20.25,10.125,1,0
Female,No,No,No,10,Yes,No,No,No internet service,No internet service,No internet service,No internet service,No internet service,No internet service,Month-to-month,Yes,Mailed check,19.9,199.45,0,New(0-12mo),1,0,19.945,9.95,1,0
Male,Yes,Yes,No,50,Yes,Yes,Fiber optic,Yes,No,Yes,No,Yes,Yes,Two year,Yes,Credit card (automatic),105.05,5163.3,0,VIP(4yr+),6,1,103.266,15.007142857142856,0,2
Female,No,Yes,No,47,Yes,Yes,Fiber optic,Yes,Yes,Yes,No,Yes,No,Month-to-month,Yes,Electronic check,98.75,4533.7,1,Loyal(2-4yr),6,1,96.46170212765956,14.107142857142858,1,0
Male,No,No,Yes,0,Yes,Yes,DSL,Yes,Yes,No,Yes,No,No,Two year,Yes,Bank transfer (automatic),61.9,0.0,0,New(0-12mo),5,1,0.0,10.316666666666666,0,2
Male,No,No,No,41,Yes,No,Fiber optic,No,Yes,No,Yes,Yes,Yes,Two year,Yes,Credit card (automatic),99.65,4220.35,0,Loyal(2-4yr),5,1,102.93536585365854,16.608333333333334,0,2
Female,No,No,No,21,Yes,No,DSL,Yes,No,Yes,Yes,No,No,One year,Yes,Electronic check,60.25,1258.35,0,Established(1-2yr),4,1,59.921428571428564,12.05,0,1
Female,No,Yes,No,42,Yes,Yes,Fiber optic,No,No,Yes,Yes,No,No,Month-to-month,Yes,Electronic check,84.3,3588.4,1,Loyal(2-4yr),4,1,85.43809523809524,16.86,1,0
Female,Yes,No,No,52,No,No phone service,DSL,No,Yes,Yes,Yes,Yes,No,Month-to-month,Yes,Electronic check,50.5,2566.3,0,VIP(4yr+),4,1,49.35192307692308,10.1,1,0
Female,No,No,No,70,Yes,Yes,No,No internet service,No internet service,No internet service,No internet service,No internet service,No internet service,One year,No,Credit card (automatic),26.05,1856.4,0,VIP(4yr+),2,0,26.52,8.683333333333334,0,1
Male,No,No,No,2,Yes,No,DSL,No,No,No,No,No,No,Month-to-month,No,Bank transfer (automatic),46.05,80.35,1,New(0-12mo),1,1,40.175,23.025,1,0
Female,No,Yes,Yes,56,Yes,Yes,Fiber optic,No,Yes,Yes,Yes,No,Yes,One year,Yes,Credit card (automatic),99.75,5608.4,0,VIP(4yr+),6,1,100.14999999999999,14.25,0,1
Female,No,No,Yes,23,Yes,No,DSL,No,No,No,Yes,No,No,One year,Yes,Electronic check,49.45,1119.35,0,Established(1-2yr),2,1,48.667391304347824,16.483333333333334,0,1
Female,No,No,No,8,Yes,Yes,DSL,Yes,Yes,Yes,No,No,No,Month-to-month,Yes,Bank transfer (automatic),65.5,573.15,0,New(0-12mo),5,1,71.64375,10.916666666666666,1,0
Male,No,Yes,No,56,Yes,Yes,Fiber optic,Yes,Yes,Yes,No,No,No,One year,Yes,Electronic check,93.15,5253.95,0,VIP(4yr+),5,1,93.82053571428571,15.525,0,1
Male,No,Yes,Yes,72,Yes,Yes,Fiber optic,No,Yes,Yes,No,Yes,Yes,One year,Yes,Credit card (automatic),104.45,7459.0,0,VIP(4yr+),6,1,103.59722222222223,14.921428571428573,0,1
Female,No,No,No,15,Yes,Yes,DSL,No,No,No,No,No,No,Month-to-month,Yes,Electronic check,49.1,679.55,1,Established(1-2yr),2,1,45.30333333333333,16.366666666666667,1,0
Male,No,No,No,19,Yes,Yes,DSL,No,No,Yes,Yes,No,No,Month-to-month,No,Electronic check,59.55,1144.6,0,Established(1-2yr),4,1,60.24210526315789,11.91,1,0
Male,No,Yes,No,17,No,No phone service,DSL,No,Yes,No,No,Yes,Yes,Month-to-month,Yes,Mailed check,49.8,836.35,0,Established(1-2yr),3,1,49.19705882352941,12.45,1,0
Female,No,Yes,No,57,Yes,No,No,No internet service,No internet service,No internet service,No internet service,No internet service,No internet service,Two year,Yes,Bank transfer (automatic),19.6,1134.25,0,VIP(4yr+),1,0,19.899122807017545,9.8,0,2
Female,No,Yes,No,53,Yes,No,No,No internet service,No internet service,No internet service,No internet service,No internet service,No internet service,One year,No,Credit card (automatic),19.05,990.45,0,VIP(4yr+),1,0,18.687735849056605,9.525,0,1
Male,No,No,No,2,Yes,Yes,Fiber optic,No,No,No,No,Yes,No,Month-to-month,Yes,Electronic check,85.65,181.5,1,New(0-12mo),3,1,90.75,21.4125,1,0
Female,No,Yes,No,72,No,No phone service,DSL,No,Yes,Yes,No,Yes,Yes,Two year,Yes,Electronic check,54.2,3937.45,1,VIP(4yr+),4,1,54.68680555555555,10.84,0,2
Female,Yes,No,No,8,Yes,Yes,Fiber optic,No,Yes,Yes,No,Yes,Yes,Month-to-month,Yes,Electronic check,105.5,829.55,1,New(0-12mo),6,1,103.69375,15.071428571428571,1,0
Female,No,No,No,12,Yes,No,No,No internet service,No internet service,No internet service,No internet service,No internet service,No internet service,Month-to-month,No,Mailed check,19.7,220.35,0,New(0-12mo),1,0,18.3625,9.85,1,0
Male,No,No,Yes,71,Yes,Yes,No,No internet service,No internet service,No internet service,No internet service,No internet service,No internet service,Two year,No,Mailed check,24.35,1654.6,0,VIP(4yr+),2,0,23.304225352112674,8.116666666666667,0,2
Female,No,Yes,Yes,27,Yes,No,No,No internet service,No internet service,No internet service,No internet service,No internet service,No internet service,Two year,No,Mailed check,19.9,550.1,0,Loyal(2-4yr),1,0,20.374074074074073,9.95,0,2
Male,No,Yes,No,62,Yes,Yes,Fiber optic,Yes,Yes,No,No,No,Yes,One year,No,Electronic check,96.1,6001.45,0,VIP(4yr+),5,1,96.79758064516129,16.016666666666666,0,1
Male,No,No,No,48,Yes,Yes,Fiber optic,No,Yes,Yes,No,Yes,Yes,One year,Yes,Credit card (automatic),106.1,5082.8,1,Loyal(2-4yr),6,1,105.89166666666667,15.157142857142857,0,1
Female,No,No,No,6,Yes,No,Fiber optic,No,No,No,No,No,No,Month-to-month,Yes,Mailed check,69.25,418.4,1,New(0-12mo),1,1,69.73333333333333,34.625,1,0
Male,Yes,Yes,Yes,32,Yes,No,Fiber optic,No,Yes,No,No,Yes,Yes,Month-to-month,Yes,Mailed check,93.95,2861.45,0,Loyal(2-4yr),4,1,89.4203125,18.79,1,0
Female,No,Yes,No,48,No,No phone service,DSL,No,Yes,Yes,No,No,No,One year,No,Mailed check,34.7,1604.5,1,Loyal(2-4yr),2,1,33.427083333333336,11.566666666666668,0,1
Female,Yes,No,No,1,Yes,No,Fiber optic,No,No,No,No,No,No,Month-to-month,Yes,Electronic check,71.25,71.25,0,New(0-12mo),1,1,71.25,35.625,1,0
Male,No,Yes,Yes,18,Yes,No,No,No internet service,No internet service,No internet service,No internet service,No internet service,No internet service,One year,No,Bank transfer (automatic),19.8,342.3,0,Established(1-2yr),1,0,19.016666666666666,9.9,0,1
Female,No,No,No,22,Yes,No,No,No internet service,No internet service,No internet service,No internet service,No internet service,No internet service,One year,Yes,Mailed check,19.25,412.55,0,Established(1-2yr),1,0,18.75227272727273,9.625,0,1
Male,No,No,No,61,Yes,Yes,Fiber optic,Yes,No,Yes,No,Yes,Yes,Month-to-month,Yes,Electronic check,106.45,6300.15,0,VIP(4yr+),6,1,103.2811475409836,15.207142857142857,1,0
Male,No,No,No,1,Yes,No,DSL,Yes,No,No,No,No,No,Month-to-month,Yes,Mailed check,50.7,50.7,0,New(0-12mo),2,1,50.7,16.900000000000002,1,0
Female,No,No,No,1,Yes,No,DSL,No,No,No,No,No,No,Month-to-month,No,Credit card (automatic),43.95,43.95,0,New(0-12mo),1,1,43.95,21.975,1,0
Male,No,No,No,69,Yes,No,Fiber optic,No,Yes,Yes,Yes,Yes,Yes,One year,Yes,Bank transfer (automatic),104.05,7262.0,1,VIP(4yr+),6,1,105.2463768115942,14.864285714285714,0,1
Female,No,Yes,No,53,Yes,Yes,DSL,Yes,Yes,Yes,No,No,Yes,One year,No,Bank transfer (automatic),74.1,3833.95,0,VIP(4yr+),6,1,72.33867924528302,10.585714285714285,0,1
Male,No,Yes,Yes,63,No,No phone service,DSL,No,Yes,Yes,Yes,No,No,Two year,No,Bank transfer (automatic),39.35,2395.05,0,VIP(4yr+),3,1,38.01666666666667,9.8375,0,2
Male,Yes,No,No,35,Yes,Yes,Fiber optic,No,No,Yes,No,Yes,Yes,Month-to-month,Yes,Electronic check,99.05,3395.8,1,Loyal(2-4yr),5,1,97.02285714285715,16.508333333333333,1,0
Male,No,No,Yes,66,Yes,Yes,No,No internet service,No internet service,No internet service,No internet service,No internet service,No internet service,Two year,Yes,Credit card (automatic),25.3,1673.8,0,VIP(4yr+),2,0,25.36060606060606,8.433333333333334,0,2
Female,No,Yes,Yes,70,Yes,No,DSL,No,Yes,Yes,Yes,Yes,Yes,Two year,Yes,Bank transfer (automatic),80.4,5717.85,0,VIP(4yr+),6,1,81.68357142857144,11.485714285714286,0,2
Female,No,No,No,8,Yes,No,No,No internet service,No internet service,No internet service,No internet service,No internet service,No internet service,Two year,No,Mailed check,20.25,174.65,0,New(0-12mo),1,0,21.83125,10.125,0,2
Female,No,No,No,19,Yes,No,DSL,No,No,No,No,No,Yes,Month-to-month,Yes,Electronic check,56.2,1093.4,0,Established(1-2yr),2,1,57.54736842105264,18.733333333333334,1,0
Female,No,Yes,Yes,58,Yes,No,No,No internet service,No internet service,No internet service,No internet service,No internet service,No internet service,Two year,No,Credit card (automatic),19.55,1079.65,0,VIP(4yr+),1,0,18.614655172413794,9.775,0,2
Male,No,No,No,65,Yes,Yes,No,No internet service,No internet service,No internet service,No internet service,No internet service,No internet service,One year,No,Credit card (automatic),24.8,1600.95,0,VIP(4yr+),2,0,24.63,8.266666666666667,0,1
Male,No,No,No,21,Yes,No,No,No internet service,No internet service,No internet service,No internet service,No internet service,No internet service,Month-to-month,Yes,Mailed check,19.95,416.4,0,Established(1-2yr),1,0,19.82857142857143,9.975,1,0
Female,Yes,Yes,No,59,Yes,Yes,Fiber optic,Yes,Yes,Yes,Yes,No,No,One year,Yes,Electronic check,94.05,5483.9,0,VIP(4yr+),6,1,92.94745762711864,13.435714285714285,0,1
Female,No,No,No,7,No,No phone service,DSL,No,Yes,No,No,No,Yes,Month-to-month,Yes,Credit card (automatic),40.1,293.3,1,New(0-12mo),2,1,41.9,13.366666666666667,1,0
Male,No,No,No,68,No,No phone service,DSL,No,No,Yes,No,No,Yes,Month-to-month,Yes,Bank transfer (automatic),39.9,2796.35,0,VIP(4yr+),2,1,41.12279411764706,13.299999999999999,1,0
Male,No,No,Yes,27,Yes,No,No,No internet service,No internet service,No internet service,No internet service,No internet service,No internet service,Two year,No,Credit card (automatic),19.7,509.3,0,Loyal(2-4yr),1,0,18.862962962962964,9.85,0,2
Female,No,Yes,No,18,Yes,No,Fiber optic,No,No,Yes,No,Yes,Yes,Month-to-month,Yes,Credit card (automatic),95.95,1745.5,0,Established(1-2yr),4,1,96.97222222222223,19.19,1,0
Male,No,Yes,No,13,Yes,Yes,DSL,Yes,No,No,No,No,Yes,Month-to-month,Yes,Electronic check,65.85,902.25,0,Established(1-2yr),4,1,69.40384615384616,13.169999999999998,1,0
Female,No,No,No,37,No,No phone service,DSL,No,No,No,Yes,No,No,Month-to-month,No,Credit card (automatic),28.6,973.55,1,Loyal(2-4yr),1,1,26.31216216216216,14.3,1,0
Male,No,No,No,1,No,No phone service,DSL,No,No,No,No,No,Yes,Month-to-month,Yes,Bank transfer (automatic),35.25,35.25,1,New(0-12mo),1,1,35.25,17.625,1,0
Male,No,No,Yes,50,No,No phone service,DSL,Yes,Yes,No,No,Yes,No,One year,Yes,Bank transfer (automatic),43.05,2208.05,0,VIP(4yr+),3,1,44.161,10.7625,0,1
Male,No,Yes,No,72,Yes,Yes,DSL,Yes,Yes,Yes,Yes,No,No,Two year,No,Mailed check,68.15,4808.7,0,VIP(4yr+),6,1,66.7875,9.735714285714286,0,2
Male,No,Yes,Yes,1,Yes,No,Fiber optic,No,No,No,No,Yes,Yes,Month-to-month,No,Mailed check,89.15,89.15,1,New(0-12mo),3,1,89.15,22.2875,1,0
Male,Yes,No,No,27,Yes,Yes,Fiber optic,No,Yes,No,No,No,No,Month-to-month,Yes,Electronic check,81.45,2122.05,1,Loyal(2-4yr),3,1,78.59444444444445,20.3625,1,0
Male,No,Yes,Yes,62,Yes,No,DSL,Yes,No,Yes,Yes,No,Yes,One year,No,Credit card (automatic),71.4,4487.3,0,VIP(4yr+),5,1,72.3758064516129,11.9,0,1
Male,Yes,No,No,52,Yes,Yes,Fiber optic,No,Yes,Yes,Yes,Yes,Yes,Month-to-month,Yes,Electronic check,110.75,5832.0,0,VIP(4yr+),7,1,112.15384615384616,13.84375,1,0
Female,No,Yes,Yes,67,Yes,Yes,No,No internet service,No internet service,No internet service,No internet service,No internet service,No internet service,Two year,Yes,Mailed check,24.9,1680.25,0,VIP(4yr+),2,0,25.078358208955223,8.299999999999999,0,2
Male,Yes,Yes,No,53,Yes,Yes,Fiber optic,No,Yes,No,No,Yes,Yes,Month-to-month,Yes,Electronic check,101.9,5549.4,1,VIP(4yr+),5,1,104.70566037735848,16.983333333333334,1,0
Female,Yes,Yes,No,66,Yes,Yes,Fiber optic,No,Yes,Yes,No,Yes,Yes,One year,No,Credit card (automatic),104.6,6819.45,0,VIP(4yr+),6,1,103.325,14.942857142857141,0,1
Female,No,Yes,Yes,5,Yes,No,Fiber optic,No,No,No,No,Yes,No,Month-to-month,Yes,Electronic check,80.85,356.1,0,New(0-12mo),2,1,71.22,26.95,1,0
Female,No,No,No,6,Yes,No,Fiber optic,No,No,No,No,Yes,Yes,Month-to-month,Yes,Electronic check,91.1,455.3,1,New(0-12mo),3,1,75.88333333333334,22.775,1,0
Female,No,Yes,No,70,Yes,Yes,Fiber optic,No,Yes,Yes,Yes,Yes,Yes,Two year,Yes,Electronic check,110.5,7752.05,0,VIP(4yr+),7,1,110.74357142857143,13.8125,0,2
Male,No,Yes,Yes,72,Yes,Yes,Fiber optic,No,Yes,Yes,Yes,Yes,Yes,Two year,Yes,Bank transfer (automatic),112.25,8041.65,0,VIP(4yr+),7,1,111.68958333333333,14.03125,0,2
Male,Yes,No,No,10,Yes,Yes,Fiber optic,No,No,No,No,Yes,Yes,Month-to-month,Yes,Electronic check,95.35,898.35,1,New(0-12mo),4,1,89.83500000000001,19.07,1,0
Male,No,Yes,Yes,13,No,No phone service,DSL,Yes,Yes,No,Yes,No,No,Two year,No,Mailed check,40.55,590.35,0,Established(1-2yr),3,1,45.41153846153846,10.1375,0,2
Female,No,No,No,3,Yes,No,Fiber optic,No,No,Yes,Yes,No,No,Month-to-month,No,Credit card (automatic),80.1,217.55,1,New(0-12mo),3,1,72.51666666666667,20.025,1,0
Male,No,Yes,No,66,Yes,Yes,DSL,Yes,Yes,No,Yes,Yes,Yes,Two year,No,Electronic check,85.25,5538.35,0,VIP(4yr+),7,1,83.91439393939395,10.65625,0,2
Male,No,Yes,Yes,13,Yes,No,DSL,Yes,No,No,No,No,No,Month-to-month,Yes,Mailed check,49.95,587.45,0,Established(1-2yr),2,1,45.18846153846154,16.650000000000002,1,0
Female,No,No,No,53,Yes,No,No,No internet service,No internet service,No internet service,No internet service,No internet service,No internet service,Two year,No,Mailed check,20.25,1048.45,0,VIP(4yr+),1,0,19.782075471698114,10.125,0,2
Female,Yes,No,No,49,Yes,Yes,Fiber optic,No,No,Yes,No,No,Yes,Month-to-month,Yes,Credit card (automatic),90.85,4515.85,1,VIP(4yr+),4,1,92.16020408163266,18.169999999999998,1,0
Female,No,Yes,No,20,Yes,Yes,Fiber optic,Yes,No,No,No,No,No,Month-to-month,No,Electronic check,82.4,1592.35,1,Established(1-2yr),3,1,79.61749999999999,20.6,1,0
Male,No,No,No,24,Yes,Yes,Fiber optic,No,Yes,No,No,No,No,Month-to-month,Yes,Electronic check,80.25,1861.5,1,Established(1-2yr),3,1,77.5625,20.0625,1,0
Male,No,No,No,68,Yes,Yes,No,No internet service,No internet service,No internet service,No internet service,No internet service,No internet service,Two year,Yes,Bank transfer (automatic),24.15,1498.85,0,VIP(4yr+),2,0,22.04191176470588,8.049999999999999,0,2
Male,No,Yes,No,52,No,No phone service,DSL,Yes,No,No,No,No,Yes,Month-to-month,Yes,Electronic check,39.9,2020.9,0,VIP(4yr+),2,1,38.86346153846154,13.299999999999999,1,0
Male,Yes,Yes,No,66,Yes,Yes,Fiber optic,No,Yes,Yes,Yes,Yes,Yes,One year,Yes,Electronic check,110.85,7491.75,1,VIP(4yr+),7,1,113.51136363636364,13.85625,0,1
Male,No,No,No,24,Yes,No,Fiber optic,No,No,No,No,No,Yes,Month-to-month,Yes,Credit card (automatic),79.85,2001.0,0,Established(1-2yr),2,1,83.375,26.616666666666664,1,0
Male,Yes,Yes,No,72,Yes,Yes,Fiber optic,Yes,Yes,Yes,Yes,Yes,Yes,Two year,Yes,Mailed check,114.5,8331.95,0,VIP(4yr+),8,1,115.7215277777778,12.722222222222221,0,2
Male,No,Yes,No,10,Yes,No,Fiber optic,No,Yes,No,Yes,Yes,Yes,Month-to-month,Yes,Electronic check,99.85,990.9,1,New(0-12mo),5,1,99.09,16.641666666666666,1,0
Female,No,Yes,No,50,Yes,No,No,No internet service,No internet service,No internet service,No internet service,No internet service,No internet service,One year,Yes,Bank transfer (automatic),19.85,943.1,0,VIP(4yr+),1,0,18.862000000000002,9.925,0,1
Male,No,No,No,43,Yes,Yes,Fiber optic,No,No,No,No,No,No,Month-to-month,Yes,Credit card (automatic),75.35,3161.4,0,Loyal(2-4yr),2,1,73.52093023255814,25.116666666666664,1,0
Female,Yes,No,No,17,Yes,No,No,No internet service,No internet service,No internet service,No internet service,No internet service,No internet service,One year,No,Mailed check,20.65,330.6,0,Established(1-2yr),1,0,19.447058823529414,10.325,0,1
Male,Yes,Yes,Yes,68,Yes,No,No,No internet service,No internet service,No internet service,No internet service,No internet service,No internet service,One year,No,Bank transfer (automatic),19.5,1193.55,0,VIP(4yr+),1,0,17.55220588235294,9.75,0,1
Male,No,Yes,Yes,67,Yes,Yes,No,No internet service,No internet service,No internet service,No internet service,No internet service,No internet service,Two year,No,Mailed check,26.3,1688.9,0,VIP(4yr+),2,0,25.207462686567165,8.766666666666667,0,2
Male,No,No,No,28,No,No phone service,DSL,No,No,No,Yes,No,No,Month-to-month,Yes,Credit card (automatic),30.1,810.85,0,Loyal(2-4yr),1,1,28.958928571428572,15.05,1,0
Male,No,Yes,Yes,28,Yes,No,No,No internet service,No internet service,No internet service,No internet service,No internet service,No internet service,Two year,Yes,Credit card (automatic),20.3,487.95,0,Loyal(2-4yr),1,0,17.426785714285714,10.15,0,2
Female,No,Yes,Yes,33,Yes,No,DSL,Yes,Yes,Yes,No,No,No,One year,Yes,Mailed check,58.45,1955.4,0,Loyal(2-4yr),4,1,59.25454545454546,11.690000000000001,0,1
Female,No,No,No,8,Yes,No,Fiber optic,No,No,No,No,Yes,No,Month-to-month,Yes,Bank transfer (automatic),80.0,624.6,0,New(0-12mo),2,1,78.075,26.666666666666668,1,0
Male,No,No,No,1,Yes,No,DSL,No,No,No,No,No,No,Month-to-month,Yes,Mailed check,45.8,45.8,0,New(0-12mo),1,1,45.8,22.9,1,0
Male,No,No,No,4,Yes,No,No,No internet service,No internet service,No internet service,No internet service,No internet service,No internet service,Month-to-month,Yes,Credit card (automatic),20.7,83.75,0,New(0-12mo),1,0,20.9375,10.35,1,0
Female,No,Yes,No,69,Yes,Yes,Fiber optic,Yes,No,No,No,Yes,Yes,Two year,No,Bank transfer (automatic),99.15,6875.35,0,VIP(4yr+),5,1,99.64275362318841,16.525000000000002,0,2
Male,No,Yes,No,12,Yes,No,Fiber optic,No,Yes,No,No,No,Yes,Month-to-month,Yes,Credit card (automatic),85.05,999.8,0,New(0-12mo),3,1,83.31666666666666,21.2625,1,0
Male,No,Yes,Yes,28,Yes,Yes,Fiber optic,Yes,Yes,No,No,Yes,Yes,One year,No,Electronic check,106.1,2847.4,1,Loyal(2-4yr),6,1,101.69285714285715,15.157142857142857,0,1
Female,Yes,No,No,5,Yes,Yes,Fiber optic,No,No,No,No,Yes,No,Month-to-month,Yes,Credit card (automatic),83.15,446.05,1,New(0-12mo),3,1,89.21000000000001,20.7875,1,0
Female,No,Yes,No,71,Yes,No,No,No internet service,No internet service,No internet service,No internet service,No internet service,No internet service,Two year,No,Credit card (automatic),19.85,1379.6,0,VIP(4yr+),1,0,19.430985915492958,9.925,0,2
Female,Yes,Yes,No,65,Yes,Yes,Fiber optic,Yes,No,Yes,No,Yes,Yes,Month-to-month,No,Bank transfer (automatic),105.25,6786.4,1,VIP(4yr+),6,1,104.40615384615384,15.035714285714286,1,0
Male,No,Yes,Yes,5,Yes,Yes,Fiber optic,Yes,No,Yes,No,No,No,Month-to-month,Yes,Electronic check,84.5,453.75,1,New(0-12mo),4,1,90.75,16.9,1,0
Female,No,No,No,3,Yes,No,DSL,Yes,Yes,No,Yes,No,Yes,Two year,No,Mailed check,71.1,213.35,0,New(0-12mo),5,1,71.11666666666666,11.85,0,2
Female,No,Yes,No,7,Yes,No,DSL,No,No,No,No,No,No,Month-to-month,Yes,Mailed check,44.25,313.45,0,New(0-12mo),1,1,44.778571428571425,22.125,1,0
Male,No,No,No,4,Yes,No,DSL,No,No,Yes,Yes,Yes,Yes,Month-to-month,Yes,Electronic check,74.4,299.7,1,New(0-12mo),5,1,74.925,12.4,1,0
Female,No,Yes,No,34,Yes,Yes,DSL,Yes,No,No,Yes,No,No,Month-to-month,Yes,Bank transfer (automatic),60.85,2003.6,0,Loyal(2-4yr),4,1,58.92941176470588,12.17,1,0
Male,Yes,Yes,No,72,Yes,Yes,Fiber optic,No,Yes,Yes,No,Yes,Yes,Two year,Yes,Bank transfer (automatic),104.15,7689.95,1,VIP(4yr+),6,1,106.80486111111111,14.87857142857143,0,2
Female,No,No,No,4,Yes,No,DSL,Yes,Yes,No,Yes,No,No,Month-to-month,Yes,Mailed check,60.4,272.15,1,New(0-12mo),4,1,68.0375,12.08,1,0
Male,No,Yes,Yes,42,Yes,No,No,No internet service,No internet service,No internet service,No internet service,No internet service,No internet service,One year,No,Mailed check,20.25,854.9,0,Loyal(2-4yr),1,0,20.354761904761904,10.125,0,1
Female,No,No,No,38,Yes,Yes,Fiber optic,No,No,Yes,Yes,Yes,Yes,Month-to-month,Yes,Electronic check,103.65,3988.5,0,Loyal(2-4yr),6,1,104.96052631578948,14.807142857142859,1,0
Female,No,No,No,42,Yes,No,DSL,Yes,Yes,No,Yes,No,Yes,One year,Yes,Mailed check,67.7,2882.25,0,Loyal(2-4yr),5,1,68.625,11.283333333333333,0,1
Female,No,Yes,No,56,Yes,Yes,No,No internet service,No internet service,No internet service,No internet service,No internet service,No internet service,One year,No,Electronic check,24.3,1261.7,0,VIP(4yr+),2,0,22.530357142857145,8.1,0,1
Male,No,No,No,5,Yes,Yes,Fiber optic,No,Yes,Yes,No,No,No,Month-to-month,Yes,Electronic check,85.3,424.15,1,New(0-12mo),4,1,84.83,17.06,1,0
Male,No,No,No,59,Yes,No,DSL,No,No,Yes,No,No,Yes,One year,Yes,Bank transfer (automatic),61.35,3645.5,0,VIP(4yr+),3,1,61.78813559322034,15.3375,0,1
Female,No,Yes,No,70,Yes,No,No,No internet service,No internet service,No internet service,No internet service,No internet service,No internet service,Two year,No,Credit card (automatic),19.85,1328.35,0,VIP(4yr+),1,0,18.97642857142857,9.925,0,2
Female,Yes,Yes,No,11,Yes,Yes,Fiber optic,No,No,Yes,No,Yes,Yes,Month-to-month,Yes,Electronic check,99.55,1131.2,1,New(0-12mo),5,1,102.83636363636364,16.591666666666665,1,0
Female,Yes,Yes,No,28,Yes,Yes,No,No internet service,No internet service,No internet service,No internet service,No internet service,No internet service,Month-to-month,No,Mailed check,25.7,734.6,0,Loyal(2-4yr),2,0,26.235714285714288,8.566666666666666,1,0
Male,No,Yes,No,60,Yes,No,Fiber optic,No,Yes,No,No,Yes,Yes,One year,Yes,Electronic check,94.4,5610.25,1,VIP(4yr+),4,1,93.50416666666666,18.880000000000003,0,1
Female,Yes,No,No,31,Yes,No,Fiber optic,Yes,No,No,No,No,No,Month-to-month,Yes,Credit card (automatic),73.55,2094.65,0,Loyal(2-4yr),2,1,67.56935483870969,24.516666666666666,1,0
Male,Yes,No,No,12,Yes,No,Fiber optic,No,Yes,Yes,Yes,No,No,Month-to-month,Yes,Mailed check,83.8,1029.75,1,New(0-12mo),4,1,85.8125,16.759999999999998,1,0
Male,No,No,Yes,39,Yes,Yes,Fiber optic,No,No,No,Yes,Yes,Yes,Two year,No,Mailed check,100.55,3895.35,0,Loyal(2-4yr),5,1,99.88076923076923,16.758333333333333,0,2
Female,No,No,No,12,Yes,Yes,Fiber optic,Yes,No,No,No,No,No,Month-to-month,Yes,Electronic check,79.8,1001.2,0,New(0-12mo),3,1,83.43333333333334,19.95,1,0
Male,No,Yes,No,24,Yes,Yes,DSL,Yes,No,No,Yes,No,No,One year,Yes,Electronic check,58.35,1346.9,0,Established(1-2yr),4,1,56.12083333333334,11.67,0,1
Female,No,Yes,No,3,Yes,Yes,Fiber optic,No,No,No,No,No,No,Month-to-month,Yes,Credit card (automatic),74.1,228.0,1,New(0-12mo),2,1,76.0,24.7,1,0
Male,No,Yes,Yes,60,Yes,Yes,No,No internet service,No internet service,No internet service,No internet service,No internet service,No internet service,One year,No,Credit card (automatic),23.95,1506.4,0,VIP(4yr+),2,0,25.10666666666667,7.983333333333333,0,1
Male,No,No,No,24,Yes,Yes,DSL,Yes,No,No,No,No,No,Month-to-month,Yes,Bank transfer (automatic),55.65,1400.55,1,Established(1-2yr),3,1,58.356249999999996,13.9125,1,0
Female,No,Yes,Yes,72,Yes,Yes,DSL,Yes,Yes,No,Yes,No,No,Two year,No,Credit card (automatic),66.75,4760.3,0,VIP(4yr+),5,1,66.11527777777778,11.125,0,2
Female,No,Yes,Yes,72,Yes,No,DSL,Yes,Yes,Yes,No,No,Yes,Two year,No,Credit card (automatic),68.75,4888.2,0,VIP(4yr+),5,1,67.89166666666667,11.458333333333334,0,2
Female,No,No,No,24,Yes,Yes,No,No internet service,No internet service,No internet service,No internet service,No internet service,No internet service,Two year,No,Credit card (automatic),25.15,553.0,0,Established(1-2yr),2,0,23.041666666666668,8.383333333333333,0,2
Male,No,Yes,Yes,42,No,No phone service,DSL,Yes,No,Yes,Yes,Yes,No,Two year,No,Credit card (automatic),48.15,2032.3,0,Loyal(2-4yr),4,1,48.38809523809524,9.629999999999999,0,2
Female,No,Yes,Yes,24,Yes,No,No,No internet service,No internet service,No internet service,No internet service,No internet service,No internet service,Two year,Yes,Credit card (automatic),21.1,490.65,0,Established(1-2yr),1,0,20.443749999999998,10.55,0,2
Male,No,Yes,Yes,72,Yes,Yes,Fiber optic,Yes,Yes,Yes,Yes,Yes,Yes,Two year,Yes,Electronic check,114.0,8093.15,0,VIP(4yr+),8,1,112.4048611111111,12.666666666666666,0,2
Female,Yes,Yes,No,20,Yes,No,DSL,No,Yes,No,No,No,Yes,Month-to-month,Yes,Electronic check,60.0,1259.35,0,Established(1-2yr),3,1,62.967499999999994,15.0,1,0
Female,No,No,Yes,4,Yes,No,No,No internet service,No internet service,No internet service,No internet service,No internet service,No internet service,Month-to-month,No,Credit card (automatic),20.4,94.5,0,New(0-12mo),1,0,23.625,10.2,1,0
Male,No,No,No,3,Yes,No,Fiber optic,No,Yes,Yes,No,No,Yes,Month-to-month,No,Electronic check,90.4,268.45,0,New(0-12mo),4,1,89.48333333333333,18.080000000000002,1,0
Male,No,No,No,72,Yes,Yes,DSL,Yes,No,Yes,Yes,Yes,Yes,Two year,No,Credit card (automatic),84.3,5997.1,0,VIP(4yr+),7,1,83.29305555555555,10.5375,0,2
Female,No,Yes,No,1,Yes,No,Fiber optic,No,No,No,No,No,No,Month-to-month,Yes,Electronic check,68.95,68.95,1,New(0-12mo),1,1,68.95,34.475,1,0
Male,No,No,No,69,Yes,No,No,No internet service,No internet service,No internet service,No internet service,No internet service,No internet service,Two year,No,Credit card (automatic),19.95,1399.35,0,VIP(4yr+),1,0,20.280434782608694,9.975,0,2
Female,No,No,No,14,Yes,No,Fiber optic,No,No,No,No,Yes,Yes,Month-to-month,Yes,Mailed check,89.8,1129.1,1,Established(1-2yr),3,1,80.64999999999999,22.45,1,0
Female,Yes,Yes,No,44,Yes,Yes,Fiber optic,No,No,Yes,Yes,Yes,Yes,Month-to-month,No,Electronic check,104.15,4495.65,0,Loyal(2-4yr),6,1,102.17386363636363,14.87857142857143,1,0
Female,No,Yes,Yes,9,Yes,No,Fiber optic,No,No,No,Yes,No,No,Month-to-month,Yes,Electronic check,75.85,647.5,0,New(0-12mo),2,1,71.94444444444444,25.28333333333333,1,0
Female,No,No,No,2,Yes,No,No,No internet service,No internet service,No internet service,No internet service,No internet service,No internet service,Month-to-month,No,Mailed check,19.5,31.55,1,New(0-12mo),1,0,15.775,9.75,1,0
Male,No,No,No,1,Yes,No,DSL,No,No,No,No,No,No,Month-to-month,Yes,Bank transfer (automatic),45.1,45.1,1,New(0-12mo),1,1,45.1,22.55,1,0
Male,No,No,No,1,Yes,No,DSL,No,No,No,No,No,No,Month-to-month,No,Mailed check,44.4,44.4,1,New(0-12mo),1,1,44.4,22.2,1,0
Male,No,Yes,Yes,71,Yes,Yes,DSL,Yes,Yes,Yes,Yes,Yes,Yes,Two year,No,Credit card (automatic),90.3,6287.3,0,VIP(4yr+),8,1,88.55352112676057,10.033333333333333,0,2
Female,Yes,No,No,4,Yes,No,Fiber optic,No,No,No,No,Yes,No,Month-to-month,Yes,Electronic check,78.85,292.8,1,New(0-12mo),2,1,73.2,26.28333333333333,1,0
Female,No,Yes,Yes,70,Yes,Yes,DSL,Yes,No,No,No,No,Yes,One year,No,Bank transfer (automatic),65.2,4543.15,0,VIP(4yr+),4,1,64.90214285714285,13.040000000000001,0,1
Male,Yes,Yes,Yes,65,Yes,Yes,Fiber optic,Yes,Yes,No,No,No,No,Month-to-month,Yes,Electronic check,85.75,5688.45,0,VIP(4yr+),4,1,87.51461538461538,17.15,1,0
Male,No,No,No,45,Yes,No,DSL,Yes,No,Yes,No,Yes,Yes,Month-to-month,Yes,Electronic check,75.95,3273.8,0,Loyal(2-4yr),5,1,72.75111111111111,12.658333333333333,1,0
Female,No,Yes,Yes,13,Yes,No,Fiber optic,No,No,No,No,Yes,Yes,Month-to-month,No,Electronic check,88.35,1222.8,1,Established(1-2yr),3,1,94.06153846153846,22.0875,1,0
Male,No,No,No,24,Yes,No,DSL,Yes,No,No,No,No,No,Month-to-month,Yes,Bank transfer (automatic),49.55,1210.4,1,Established(1-2yr),2,1,50.43333333333334,16.516666666666666,1,0
Male,No,Yes,No,72,Yes,No,DSL,Yes,Yes,No,Yes,Yes,Yes,Two year,Yes,Bank transfer (automatic),79.35,5753.25,0,VIP(4yr+),6,1,79.90625,11.335714285714285,0,2
Female,No,No,No,1,Yes,Yes,Fiber optic,No,Yes,No,No,Yes,Yes,Month-to-month,Yes,Credit card (automatic),100.25,100.25,1,New(0-12mo),5,1,100.25,16.708333333333332,1,0
Female,No,No,No,12,Yes,No,No,No internet service,No internet service,No internet service,No internet service,No internet service,No internet service,One year,No,Mailed check,19.7,260.9,0,New(0-12mo),1,0,21.741666666666664,9.85,0,1
Female,No,Yes,Yes,58,No,No phone service,DSL,Yes,No,Yes,Yes,Yes,Yes,Two year,No,Mailed check,59.75,3624.35,0,VIP(4yr+),5,1,62.48879310344827,9.958333333333334,0,2
Female,No,Yes,No,17,Yes,Yes,Fiber optic,Yes,No,No,No,No,No,Month-to-month,No,Electronic check,78.9,1348.95,0,Established(1-2yr),3,1,79.35000000000001,19.725,1,0
Male,No,No,Yes,1,Yes,No,No,No internet service,No internet service,No internet service,No internet service,No internet service,No internet service,Month-to-month,Yes,Mailed check,19.3,19.3,0,New(0-12mo),1,0,19.3,9.65,1,0
Female,No,Yes,Yes,57,Yes,Yes,Fiber optic,No,Yes,No,No,Yes,Yes,Month-to-month,Yes,Electronic check,100.6,5611.7,0,VIP(4yr+),5,1,98.45087719298245,16.766666666666666,1,0
Male,No,No,No,52,Yes,No,Fiber optic,No,No,Yes,No,No,Yes,Month-to-month,Yes,Credit card (automatic),83.8,4331.4,0,VIP(4yr+),3,1,83.29615384615384,20.95,1,0
Male,No,Yes,No,60,No,No phone service,DSL,No,Yes,Yes,Yes,Yes,Yes,Month-to-month,Yes,Bank transfer (automatic),60.2,3582.4,0,VIP(4yr+),5,1,59.70666666666667,10.033333333333333,1,0
Female,No,Yes,Yes,53,Yes,No,Fiber optic,No,Yes,Yes,Yes,Yes,Yes,Month-to-month,Yes,Bank transfer (automatic),108.25,5935.1,0,VIP(4yr+),6,1,111.98301886792453,15.464285714285714,1,0
Female,No,Yes,Yes,22,Yes,Yes,No,No internet service,No internet service,No internet service,No internet service,No internet service,No internet service,Two year,No,Credit card (automatic),25.25,555.4,0,Established(1-2yr),2,0,25.245454545454546,8.416666666666666,0,2
Female,No,No,No,55,Yes,Yes,Fiber optic,No,No,No,No,No,No,Month-to-month,Yes,Electronic check,73.1,4144.9,0,VIP(4yr+),2,1,75.36181818181818,24.366666666666664,1,0
Female,No,Yes,Yes,52,Yes,Yes,Fiber optic,Yes,Yes,Yes,No,No,Yes,Month-to-month,No,Bank transfer (automatic),98.15,4993.4,0,VIP(4yr+),6,1,96.02692307692307,14.021428571428572,1,0
Male,No,No,No,2,Yes,No,DSL,Yes,Yes,No,No,No,No,Month-to-month,Yes,Mailed check,53.85,108.15,1,New(0-12mo),3,1,54.075,13.4625,1,0
Female,No,Yes,No,53,Yes,No,Fiber optic,Yes,Yes,Yes,No,Yes,Yes,One year,Yes,Bank transfer (automatic),106.1,5769.75,1,VIP(4yr+),6,1,108.86320754716981,15.157142857142857,0,1
Male,No,Yes,Yes,44,Yes,Yes,No,No internet service,No internet service,No internet service,No internet service,No internet service,No internet service,One year,No,Mailed check,25.7,1110.5,0,Loyal(2-4yr),2,0,25.238636363636363,8.566666666666666,0,1
Male,No,No,No,31,Yes,No,Fiber optic,No,Yes,Yes,No,Yes,Yes,Month-to-month,Yes,Electronic check,101.4,3143.65,0,Loyal(2-4yr),5,1,101.40806451612903,16.900000000000002,1,0
Male,No,Yes,Yes,66,No,No phone service,DSL,No,No,No,Yes,Yes,Yes,Two year,No,Bank transfer (automatic),50.55,3364.55,0,VIP(4yr+),3,1,50.97803030303031,12.6375,0,2
Male,No,Yes,Yes,58,Yes,Yes,Fiber optic,No,No,No,No,Yes,No,Two year,No,Bank transfer (automatic),82.5,4828.05,0,VIP(4yr+),3,1,83.24224137931034,20.625,0,2
Male,Yes,No,No,12,Yes,Yes,Fiber optic,No,No,Yes,No,Yes,Yes,Month-to-month,Yes,Electronic check,99.45,1200.15,1,New(0-12mo),5,1,100.0125,16.575,1,0
Female,No,Yes,Yes,11,Yes,No,No,No internet service,No internet service,No internet service,No internet service,No internet service,No internet service,Two year,No,Credit card (automatic),20.9,202.3,0,New(0-12mo),1,0,18.39090909090909,10.45,0,2
Female,No,No,No,47,Yes,No,No,No internet service,No internet service,No internet service,No internet service,No internet service,No internet service,Two year,No,Mailed check,20.15,1046.2,0,Loyal(2-4yr),1,0,22.25957446808511,10.075,0,2
Female,No,No,No,1,Yes,No,DSL,No,No,No,No,No,No,Month-to-month,Yes,Electronic check,44.1,44.1,1,New(0-12mo),1,1,44.1,22.05,1,0
Female,Yes,Yes,No,16,Yes,Yes,Fiber optic,No,No,No,No,No,Yes,Month-to-month,Yes,Credit card (automatic),85.35,1375.15,1,Established(1-2yr),3,1,85.946875,21.3375,1,0
Male,No,No,No,50,Yes,No,No,No internet service,No internet service,No internet service,No internet service,No internet service,No internet service,One year,No,Credit card (automatic),20.15,989.05,0,VIP(4yr+),1,0,19.781,10.075,0,1
Female,No,Yes,No,72,Yes,Yes,Fiber optic,Yes,Yes,Yes,Yes,No,No,Two year,Yes,Bank transfer (automatic),97.0,7104.2,0,VIP(4yr+),6,1,98.66944444444444,13.857142857142858,0,2
Female,No,No,No,40,Yes,Yes,DSL,No,No,Yes,Yes,Yes,Yes,One year,Yes,Mailed check,80.75,3208.65,0,Loyal(2-4yr),6,1,80.21625,11.535714285714286,0,1
Male,No,Yes,Yes,35,Yes,Yes,Fiber optic,No,Yes,Yes,Yes,Yes,Yes,Month-to-month,Yes,Electronic check,109.95,3782.4,0,Loyal(2-4yr),7,1,108.06857142857143,13.74375,1,0
Female,No,No,No,70,Yes,Yes,DSL,Yes,Yes,Yes,Yes,Yes,Yes,Two year,No,Credit card (automatic),89.75,6367.2,0,VIP(4yr+),8,1,90.96,9.972222222222221,0,2
Female,Yes,Yes,Yes,48,No,No phone service,DSL,No,Yes,No,No,No,No,One year,No,Bank transfer (automatic),29.9,1388.75,0,Loyal(2-4yr),1,1,28.932291666666668,14.95,0,1
Female,No,No,No,66,No,No phone service,DSL,Yes,Yes,Yes,Yes,No,No,Two year,Yes,Mailed check,47.4,3177.25,0,VIP(4yr+),4,1,48.140151515151516,9.48,0,2
Female,No,Yes,No,68,Yes,Yes,DSL,Yes,Yes,Yes,Yes,Yes,Yes,Two year,Yes,Electronic check,91.7,6424.7,0,VIP(4yr+),8,1,94.48088235294118,10.18888888888889,0,2
Male,No,No,No,4,Yes,No,Fiber optic,No,No,No,No,No,Yes,Month-to-month,Yes,Electronic check,79.9,324.3,1,New(0-12mo),2,1,81.075,26.633333333333336,1,0
Male,No,Yes,No,35,Yes,No,DSL,Yes,Yes,Yes,No,No,No,Month-to-month,No,Mailed check,61.0,2130.45,0,Loyal(2-4yr),4,1,60.87,12.2,1,0
Female,No,Yes,No,71,Yes,Yes,DSL,No,Yes,Yes,Yes,Yes,Yes,Two year,Yes,Credit card (automatic),83.3,5894.5,0,VIP(4yr+),7,1,83.02112676056338,10.4125,0,2
Female,No,Yes,Yes,30,Yes,No,DSL,No,No,Yes,Yes,Yes,No,One year,Yes,Electronic check,64.5,1985.15,0,Loyal(2-4yr),4,1,66.17166666666667,12.9,0,1
Female,No,Yes,Yes,72,Yes,Yes,Fiber optic,Yes,Yes,Yes,Yes,No,Yes,Two year,No,Credit card (automatic),107.45,7658.3,0,VIP(4yr+),7,1,106.36527777777778,13.43125,0,2
Female,No,Yes,No,35,Yes,No,DSL,Yes,No,No,No,Yes,No,One year,Yes,Bank transfer (automatic),62.15,2215.45,0,Loyal(2-4yr),3,1,63.29857142857142,15.5375,0,1
Female,No,Yes,Yes,17,Yes,Yes,Fiber optic,Yes,No,Yes,No,Yes,No,Month-to-month,No,Electronic check,94.4,1607.2,1,Established(1-2yr),5,1,94.54117647058824,15.733333333333334,1,0
Female,No,Yes,Yes,32,Yes,Yes,DSL,No,Yes,Yes,No,No,No,Month-to-month,No,Bank transfer (automatic),62.45,2045.55,0,Loyal(2-4yr),4,1,63.9234375,12.49,1,0
Female,No,No,No,11,Yes,Yes,Fiber optic,No,No,Yes,No,Yes,Yes,Month-to-month,Yes,Electronic check,100.75,1129.75,1,New(0-12mo),5,1,102.70454545454545,16.791666666666668,1,0
Female,No,Yes,No,50,Yes,Yes,Fiber optic,Yes,Yes,No,Yes,Yes,Yes,One year,No,Electronic check,108.55,5610.7,1,VIP(4yr+),7,1,112.214,13.56875,0,1
Male,No,Yes,No,37,Yes,Yes,DSL,Yes,No,No,No,No,No,Month-to-month,Yes,Mailed check,55.05,2030.75,0,Loyal(2-4yr),3,1,54.88513513513514,13.7625,1,0
Female,No,Yes,Yes,62,Yes,No,DSL,Yes,No,Yes,No,No,No,One year,No,Credit card (automatic),54.75,3425.35,0,VIP(4yr+),3,1,55.247580645161285,13.6875,0,1
Female,Yes,No,No,64,Yes,Yes,DSL,No,Yes,Yes,Yes,No,Yes,Month-to-month,No,Credit card (automatic),74.65,4869.35,0,VIP(4yr+),6,1,76.08359375,10.664285714285715,1,0
Male,No,No,No,64,Yes,Yes,DSL,Yes,Yes,Yes,Yes,Yes,No,One year,No,Electronic check,81.25,5567.55,0,VIP(4yr+),7,1,86.99296875,10.15625,0,1
Male,No,No,No,22,Yes,No,Fiber optic,No,Yes,Yes,Yes,No,Yes,Month-to-month,Yes,Bank transfer (automatic),94.95,2142.8,0,Established(1-2yr),5,1,97.4,15.825000000000001,1,0
Male,No,Yes,No,21,Yes,No,DSL,No,No,No,No,Yes,No,Month-to-month,No,Bank transfer (automatic),54.6,1125.2,0,Established(1-2yr),2,1,53.58095238095238,18.2,1,0
Female,No,Yes,Yes,32,Yes,No,DSL,Yes,Yes,Yes,Yes,No,Yes,Month-to-month,No,Bank transfer (automatic),76.3,2404.15,0,Loyal(2-4yr),6,1,75.1296875,10.9,1,0
Female,No,Yes,Yes,29,Yes,No,Fiber optic,No,No,No,No,Yes,Yes,Month-to-month,Yes,Credit card (automatic),87.8,2621.75,0,Loyal(2-4yr),3,1,90.40517241379311,21.95,1,0
Male,Yes,Yes,No,64,Yes,Yes,No,No internet service,No internet service,No internet service,No internet service,No internet service,No internet service,Two year,No,Credit card (automatic),25.65,1740.8,0,VIP(4yr+),2,0,27.2,8.549999999999999,0,2
Female,No,No,No,56,No,No phone service,DSL,No,No,No,No,Yes,Yes,Month-to-month,Yes,Credit card (automatic),44.85,2564.95,0,VIP(4yr+),2,1,45.802678571428565,14.950000000000001,1,0
Male,No,No,No,72,Yes,Yes,Fiber optic,No,Yes,Yes,No,Yes,Yes,One year,Yes,Electronic check,104.95,7544.3,0,VIP(4yr+),6,1,104.78194444444445,14.992857142857144,0,1
Male,Yes,Yes,No,7,Yes,Yes,DSL,Yes,Yes,No,Yes,No,No,Month-to-month,No,Electronic check,64.2,475.0,0,New(0-12mo),5,1,67.85714285714286,10.700000000000001,1,0
Male,No,No,No,1,Yes,No,Fiber optic,No,No,No,No,No,No,Month-to-month,Yes,Electronic check,70.35,70.35,0,New(0-12mo),1,1,70.35,35.175,1,0
Female,Yes,No,No,18,Yes,No,DSL,No,Yes,No,No,No,No,Month-to-month,Yes,Credit card (automatic),49.85,865.75,0,Established(1-2yr),2,1,48.09722222222222,16.616666666666667,1,0
Female,No,No,No,1,Yes,No,DSL,Yes,Yes,No,No,No,No,Month-to-month,Yes,Electronic check,54.9,54.9,1,New(0-12mo),3,1,54.9,13.725,1,0
Female,Yes,No,No,37,Yes,Yes,Fiber optic,Yes,Yes,No,No,Yes,Yes,Month-to-month,Yes,Bank transfer (automatic),106.75,4056.75,1,Loyal(2-4yr),6,1,109.64189189189189,15.25,1,0
Female,No,No,No,5,Yes,No,Fiber optic,No,No,No,No,Yes,No,Month-to-month,No,Electronic check,80.2,384.25,0,New(0-12mo),2,1,76.85,26.733333333333334,1,0
Male,No,Yes,Yes,4,No,No phone service,DSL,Yes,No,No,No,Yes,No,Month-to-month,No,Credit card (automatic),38.55,156.1,0,New(0-12mo),2,1,39.025,12.85,1,0
Female,No,Yes,Yes,40,Yes,Yes,Fiber optic,No,Yes,Yes,No,Yes,No,Month-to-month,Yes,Credit card (automatic),96.35,3915.4,0,Loyal(2-4yr),5,1,97.885,16.058333333333334,1,0
Female,No,Yes,Yes,18,Yes,No,DSL,Yes,Yes,No,Yes,No,No,One year,Yes,Mailed check,61.5,1087.45,0,Established(1-2yr),4,1,60.41388888888889,12.3,0,1
Male,No,Yes,Yes,39,No,No phone service,DSL,No,No,No,No,No,No,One year,Yes,Credit card (automatic),25.25,947.75,0,Loyal(2-4yr),0,1,24.30128205128205,25.25,0,1
Male,No,Yes,Yes,55,Yes,No,DSL,Yes,Yes,No,Yes,No,No,Two year,No,Bank transfer (automatic),57.55,3046.4,1,VIP(4yr+),4,1,55.38909090909091,11.51,0,2
Female,No,Yes,No,60,Yes,No,DSL,Yes,Yes,No,Yes,No,No,Two year,No,Bank transfer (automatic),59.85,3483.45,0,VIP(4yr+),4,1,58.0575,11.97,0,2
Male,No,No,No,6,Yes,No,No,No internet service,No internet service,No internet service,No internet service,No internet service,No internet service,One year,No,Mailed check,20.6,116.6,0,New(0-12mo),1,0,19.433333333333334,10.3,0,1
Male,No,No,No,1,Yes,No,No,No internet service,No internet service,No internet service,No internet service,No internet service,No internet service,Month-to-month,No,Mailed check,19.7,19.7,1,New(0-12mo),1,0,19.7,9.85,1,0
Male,No,Yes,Yes,25,Yes,No,DSL,Yes,No,No,Yes,No,No,Month-to-month,No,Electronic check,54.3,1296.8,0,Loyal(2-4yr),3,1,51.872,13.575,1,0
Female,No,Yes,No,19,Yes,No,Fiber optic,No,No,Yes,No,Yes,Yes,Month-to-month,Yes,Electronic check,96.8,1743.05,0,Established(1-2yr),4,1,91.73947368421052,19.36,1,0
Female,Yes,Yes,No,72,Yes,Yes,Fiber optic,No,Yes,Yes,No,Yes,Yes,One year,Yes,Credit card (automatic),105.75,7629.85,0,VIP(4yr+),6,1,105.9701388888889,15.107142857142858,0,1
Female,No,Yes,Yes,55,Yes,No,No,No internet service,No internet service,No internet service,No internet service,No internet service,No internet service,Two year,No,Mailed check,20.3,1079.05,0,VIP(4yr+),1,0,19.619090909090907,10.15,0,2
Female,No,Yes,Yes,70,Yes,Yes,DSL,Yes,No,No,Yes,Yes,Yes,Two year,Yes,Bank transfer (automatic),80.6,5460.2,0,VIP(4yr+),6,1,78.00285714285714,11.514285714285714,0,2
Female,No,Yes,No,72,No,No phone service,DSL,Yes,Yes,Yes,Yes,Yes,Yes,Two year,No,Bank transfer (automatic),65.5,4919.7,0,VIP(4yr+),6,1,68.32916666666667,9.357142857142858,0,2
Male,No,Yes,Yes,50,Yes,No,Fiber optic,No,Yes,Yes,Yes,Yes,Yes,One year,Yes,Bank transfer (automatic),103.4,5236.4,0,VIP(4yr+),6,1,104.728,14.771428571428572,0,1
Male,No,Yes,Yes,45,Yes,Yes,DSL,No,Yes,Yes,No,Yes,Yes,One year,No,Credit card (automatic),78.75,3600.65,0,Loyal(2-4yr),6,1,80.01444444444445,11.25,0,1
Male,No,Yes,No,9,Yes,No,DSL,No,No,Yes,No,Yes,Yes,Month-to-month,Yes,Mailed check,70.05,564.4,0,New(0-12mo),4,1,62.71111111111111,14.01,1,0
Female,No,Yes,No,56,Yes,Yes,Fiber optic,Yes,No,No,No,Yes,Yes,One year,Yes,Electronic check,98.0,5270.6,0,VIP(4yr+),5,1,94.11785714285715,16.333333333333332,0,1
Male,No,No,No,24,Yes,No,DSL,No,No,No,Yes,No,No,Month-to-month,Yes,Credit card (automatic),51.1,1269.6,0,Established(1-2yr),2,1,52.9,17.033333333333335,1,0
Male,No,Yes,Yes,21,Yes,Yes,DSL,Yes,Yes,No,Yes,Yes,No,One year,No,Mailed check,77.5,1625.0,1,Established(1-2yr),6,1,77.38095238095238,11.071428571428571,0,1
Male,No,Yes,Yes,30,Yes,Yes,DSL,Yes,No,No,No,No,No,Month-to-month,Yes,Bank transfer (automatic),54.45,1588.7,0,Loyal(2-4yr),3,1,52.95666666666667,13.6125,1,0
Female,No,Yes,Yes,24,Yes,Yes,DSL,Yes,Yes,No,No,Yes,Yes,One year,No,Electronic check,78.4,1832.4,0,Established(1-2yr),6,1,76.35000000000001,11.200000000000001,0,1
Male,No,No,No,40,No,No phone service,DSL,No,Yes,No,Yes,No,No,One year,No,Credit card (automatic),36.0,1382.9,0,Loyal(2-4yr),2,1,34.572500000000005,12.0,0,1
Male,No,No,No,1,Yes,No,DSL,No,No,No,No,No,No,Month-to-month,No,Electronic check,45.3,45.3,1,New(0-12mo),1,1,45.3,22.65,1,0
Male,No,Yes,Yes,66,Yes,No,DSL,Yes,Yes,Yes,Yes,Yes,No,One year,Yes,Electronic check,75.1,5013.0,0,VIP(4yr+),6,1,75.95454545454545,10.728571428571428,0,1
Female,Yes,No,No,56,Yes,Yes,Fiber optic,No,Yes,Yes,Yes,Yes,No,Two year,Yes,Bank transfer (automatic),99.9,5706.3,0,VIP(4yr+),6,1,101.89821428571429,14.271428571428572,0,2
Male,No,Yes,No,59,Yes,Yes,Fiber optic,Yes,Yes,Yes,No,Yes,Yes,One year,Yes,Electronic check,110.15,6448.05,1,VIP(4yr+),7,1,109.28898305084746,13.76875,0,1
Female,No,No,No,56,Yes,No,DSL,Yes,No,Yes,Yes,No,No,One year,Yes,Credit card (automatic),60.25,3282.75,0,VIP(4yr+),4,1,58.620535714285715,12.05,0,1
Female,No,Yes,No,24,Yes,Yes,Fiber optic,No,No,Yes,No,No,No,Month-to-month,Yes,Mailed check,79.65,1928.7,0,Established(1-2yr),3,1,80.3625,19.9125,1,0
Male,No,Yes,No,14,Yes,No,DSL,No,No,Yes,No,No,No,Month-to-month,No,Credit card (automatic),50.2,668.85,0,Established(1-2yr),2,1,47.775,16.733333333333334,1,0
Female,No,Yes,Yes,58,Yes,No,No,No internet service,No internet service,No internet service,No internet service,No internet service,No internet service,Two year,No,Credit card (automatic),20.3,1160.75,0,VIP(4yr+),1,0,20.012931034482758,10.15,0,2
Male,No,No,No,28,Yes,Yes,Fiber optic,Yes,Yes,No,No,No,Yes,Month-to-month,Yes,Credit card (automatic),94.5,2659.4,1,Loyal(2-4yr),5,1,94.97857142857143,15.75,1,0
Male,No,Yes,No,68,Yes,No,DSL,Yes,Yes,Yes,No,No,Yes,Two year,No,Bank transfer (automatic),70.95,4741.45,0,VIP(4yr+),5,1,69.72720588235293,11.825000000000001,0,2
Female,No,No,No,12,Yes,No,DSL,No,No,No,No,No,No,Month-to-month,No,Bank transfer (automatic),43.8,540.95,0,New(0-12mo),1,1,45.07916666666667,21.9,1,0
Female,Yes,Yes,Yes,31,Yes,No,Fiber optic,No,No,Yes,Yes,Yes,Yes,Month-to-month,Yes,Electronic check,98.9,2911.3,1,Loyal(2-4yr),5,1,93.91290322580646,16.483333333333334,1,0
Female,No,No,No,47,No,No phone service,DSL,Yes,No,Yes,Yes,No,No,Two year,No,Mailed check,41.9,1875.25,0,Loyal(2-4yr),3,1,39.898936170212764,10.475,0,2
Male,No,Yes,No,57,Yes,Yes,Fiber optic,Yes,Yes,Yes,Yes,Yes,No,Month-to-month,Yes,Electronic check,103.05,5925.75,0,VIP(4yr+),7,1,103.96052631578948,12.88125,1,0
Female,No,Yes,Yes,43,Yes,No,DSL,Yes,No,Yes,No,Yes,Yes,Two year,No,Bank transfer (automatic),75.2,3254.35,0,Loyal(2-4yr),5,1,75.68255813953488,12.533333333333333,0,2
Male,No,Yes,Yes,7,Yes,No,DSL,Yes,No,No,No,Yes,Yes,Month-to-month,No,Credit card (automatic),69.7,516.15,0,New(0-12mo),4,1,73.73571428571428,13.940000000000001,1,0
Female,No,No,No,10,Yes,Yes,No,No internet service,No internet service,No internet service,No internet service,No internet service,No internet service,Month-to-month,Yes,Mailed check,24.5,270.15,0,New(0-12mo),2,0,27.014999999999997,8.166666666666666,1,0
Male,No,No,No,1,Yes,No,No,No internet service,No internet service,No internet service,No internet service,No internet service,No internet service,Month-to-month,Yes,Mailed check,20.05,20.05,0,New(0-12mo),1,0,20.05,10.025,1,0
Male,No,No,No,4,No,No phone service,DSL,No,No,Yes,No,No,No,Month-to-month,Yes,Electronic check,29.65,118.5,1,New(0-12mo),1,1,29.625,14.825,1,0
Male,No,Yes,No,45,Yes,Yes,Fiber optic,Yes,No,Yes,No,No,No,Month-to-month,Yes,Mailed check,84.55,3713.95,0,Loyal(2-4yr),4,1,82.53222222222222,16.91,1,0
Female,No,No,No,1,Yes,No,No,No internet service,No internet service,No internet service,No internet service,No internet service,No internet service,Month-to-month,No,Electronic check,20.7,20.7,0,New(0-12mo),1,0,20.7,10.35,1,0
Female,No,Yes,No,48,Yes,Yes,DSL,No,No,Yes,Yes,No,Yes,One year,Yes,Mailed check,69.55,3435.6,0,Loyal(2-4yr),5,1,71.575,11.591666666666667,0,1
Male,No,No,No,31,Yes,No,Fiber optic,No,Yes,No,Yes,No,No,Month-to-month,Yes,Electronic check,78.45,2435.15,1,Loyal(2-4yr),3,1,78.55322580645162,19.6125,1,0
Male,No,No,No,51,Yes,Yes,Fiber optic,No,Yes,No,No,No,No,Month-to-month,No,Bank transfer (automatic),81.0,4085.75,0,VIP(4yr+),3,1,80.11274509803921,20.25,1,0
Male,No,Yes,Yes,17,Yes,No,Fiber optic,No,No,No,No,No,No,Month-to-month,Yes,Electronic check,69.0,1149.65,1,Established(1-2yr),1,1,67.62647058823529,34.5,1,0
Male,No,Yes,Yes,9,Yes,Yes,Fiber optic,No,No,Yes,No,Yes,No,One year,Yes,Electronic check,90.35,767.9,0,New(0-12mo),4,1,85.32222222222222,18.07,0,1
Male,No,No,No,67,Yes,Yes,Fiber optic,Yes,Yes,Yes,Yes,Yes,Yes,One year,Yes,Bank transfer (automatic),118.35,7804.15,1,VIP(4yr+),8,1,116.47985074626865,13.149999999999999,0,1
Male,No,No,No,5,Yes,Yes,Fiber optic,No,No,No,No,No,No,Month-to-month,Yes,Bank transfer (automatic),75.9,357.75,1,New(0-12mo),2,1,71.55,25.3,1,0
Male,No,Yes,Yes,21,Yes,Yes,Fiber optic,No,Yes,Yes,No,Yes,Yes,Month-to-month,No,Electronic check,104.4,2157.95,1,Established(1-2yr),6,1,102.7595238095238,14.914285714285715,1,0
Female,Yes,Yes,No,71,Yes,Yes,DSL,Yes,Yes,Yes,Yes,No,Yes,Two year,Yes,Bank transfer (automatic),82.7,5831.2,0,VIP(4yr+),7,1,82.12957746478872,10.3375,0,2
Female,No,Yes,Yes,6,Yes,Yes,Fiber optic,No,No,No,Yes,No,No,Month-to-month,Yes,Electronic check,80.5,502.85,1,New(0-12mo),3,1,83.80833333333334,20.125,1,0
Male,No,Yes,Yes,3,Yes,No,Fiber optic,Yes,Yes,No,No,Yes,No,Month-to-month,No,Electronic check,89.85,248.4,0,New(0-12mo),4,1,82.8,17.97,1,0
Female,No,No,No,42,Yes,No,Fiber optic,No,Yes,Yes,Yes,Yes,Yes,Month-to-month,Yes,Bank transfer (automatic),103.8,4327.5,0,Loyal(2-4yr),6,1,103.03571428571429,14.828571428571427,1,0
Male,No,No,No,10,Yes,Yes,No,No internet service,No internet service,No internet service,No internet service,No internet service,No internet service,Month-to-month,Yes,Electronic check,24.0,226.55,0,New(0-12mo),2,0,22.655,8.0,1,0
Female,No,Yes,No,30,Yes,No,No,No internet service,No internet service,No internet service,No internet service,No internet service,No internet service,Month-to-month,No,Bank transfer (automatic),19.65,655.85,1,Loyal(2-4yr),1,0,21.861666666666668,9.825,1,0
Male,Yes,No,No,49,Yes,Yes,Fiber optic,No,No,No,No,Yes,Yes,Month-to-month,Yes,Electronic check,96.2,4718.25,1,VIP(4yr+),4,1,96.29081632653062,19.240000000000002,1,0
Female,Yes,No,No,35,Yes,Yes,Fiber optic,Yes,Yes,Yes,No,Yes,Yes,One year,Yes,Electronic check,108.35,3726.15,0,Loyal(2-4yr),7,1,106.46142857142857,13.54375,0,1
Male,No,No,Yes,62,Yes,No,No,No internet service,No internet service,No internet service,No internet service,No internet service,No internet service,Two year,No,Bank transfer (automatic),20.0,1250.1,0,VIP(4yr+),1,0,20.16290322580645,10.0,0,2
Male,No,No,No,2,Yes,Yes,Fiber optic,No,Yes,No,No,No,No,Month-to-month,Yes,Electronic check,82.0,184.65,1,New(0-12mo),3,1,92.325,20.5,1,0
Female,No,No,No,5,Yes,Yes,No,No internet service,No internet service,No internet service,No internet service,No internet service,No internet service,Month-to-month,No,Mailed check,25.45,134.75,0,New(0-12mo),2,0,26.95,8.483333333333333,1,0
Female,No,Yes,Yes,2,No,No phone service,DSL,No,Yes,No,No,No,No,Month-to-month,Yes,Mailed check,30.25,63.75,0,New(0-12mo),1,1,31.875,15.125,1,0
Female,No,No,No,20,Yes,No,No,No internet service,No internet service,No internet service,No internet service,No internet service,No internet service,One year,No,Mailed check,19.5,403.15,0,Established(1-2yr),1,0,20.1575,9.75,0,1
Male,No,No,No,1,Yes,No,Fiber optic,No,No,No,No,Yes,Yes,Month-to-month,Yes,Electronic check,88.35,88.35,1,New(0-12mo),3,1,88.35,22.0875,1,0
Male,No,No,No,1,Yes,No,Fiber optic,No,No,Yes,No,Yes,No,Month-to-month,Yes,Electronic check,84.85,84.85,1,New(0-12mo),3,1,84.85,21.2125,1,0
Female,No,Yes,Yes,55,Yes,No,No,No internet service,No internet service,No internet service,No internet service,No internet service,No internet service,Month-to-month,No,Credit card (automatic),20.0,1087.25,0,VIP(4yr+),1,0,19.76818181818182,10.0,1,0
Male,No,No,No,21,Yes,No,No,No internet service,No internet service,No internet service,No internet service,No internet service,No internet service,Month-to-month,No,Credit card (automatic),20.5,402.85,0,Established(1-2yr),1,0,19.183333333333334,10.25,1,0
Female,No,No,No,11,Yes,No,No,No internet service,No internet service,No internet service,No internet service,No internet service,No internet service,Month-to-month,No,Bank transfer (automatic),20.3,246.3,0,New(0-12mo),1,0,22.39090909090909,10.15,1,0
Female,No,No,No,1,Yes,No,Fiber optic,No,Yes,Yes,No,No,No,Month-to-month,Yes,Electronic check,82.3,82.3,1,New(0-12mo),3,1,82.3,20.575,1,0
Female,No,No,No,66,Yes,Yes,Fiber optic,Yes,Yes,Yes,Yes,Yes,No,One year,Yes,Bank transfer (automatic),104.55,6779.05,0,VIP(4yr+),7,1,102.7128787878788,13.06875,0,1
Female,Yes,No,No,46,Yes,Yes,Fiber optic,Yes,Yes,Yes,No,Yes,Yes,One year,Yes,Electronic check,110.0,4874.8,1,Loyal(2-4yr),7,1,105.97391304347826,13.75,0,1
Female,No,No,No,63,Yes,Yes,DSL,Yes,Yes,Yes,Yes,No,Yes,Two year,Yes,Credit card (automatic),80.3,4995.35,0,VIP(4yr+),7,1,79.29126984126985,10.0375,0,2
Male,No,No,Yes,14,Yes,No,No,No internet service,No internet service,No internet service,No internet service,No internet service,No internet service,Month-to-month,No,Mailed check,19.95,268.4,0,Established(1-2yr),1,0,19.17142857142857,9.975,1,0
Male,No,No,No,12,Yes,Yes,Fiber optic,No,No,No,No,Yes,No,Month-to-month,Yes,Electronic check,84.45,1059.55,1,New(0-12mo),3,1,88.29583333333333,21.1125,1,0
Male,Yes,Yes,No,57,Yes,Yes,Fiber optic,No,Yes,Yes,No,No,Yes,Month-to-month,Yes,Bank transfer (automatic),95.25,5427.05,1,VIP(4yr+),5,1,95.21140350877194,15.875,1,0
Male,No,No,No,10,Yes,No,DSL,No,No,No,No,No,No,Month-to-month,Yes,Electronic check,45.55,402.6,1,New(0-12mo),1,1,40.260000000000005,22.775,1,0
Female,No,No,No,42,Yes,No,DSL,No,No,Yes,Yes,No,Yes,Two year,No,Credit card (automatic),66.5,2762.75,0,Loyal(2-4yr),4,1,65.7797619047619,13.3,0,2
Male,No,Yes,No,70,Yes,Yes,DSL,Yes,Yes,Yes,Yes,Yes,No,Two year,No,Mailed check,79.15,5536.5,0,VIP(4yr+),7,1,79.09285714285714,9.89375,0,2
Female,No,Yes,No,60,Yes,No,Fiber optic,Yes,No,No,Yes,Yes,Yes,Two year,Yes,Electronic check,97.2,5611.75,0,VIP(4yr+),5,1,93.52916666666667,16.2,0,2
Female,No,No,No,1,Yes,No,Fiber optic,Yes,Yes,No,Yes,No,No,Month-to-month,Yes,Mailed check,83.4,83.4,0,New(0-12mo),4,1,83.4,16.68,1,0
Male,No,Yes,Yes,23,Yes,No,No,No internet service,No internet service,No internet service,No internet service,No internet service,No internet service,Two year,No,Mailed check,20.9,454.0,0,Established(1-2yr),1,0,19.73913043478261,10.45,0,2
Female,No,No,No,26,Yes,No,Fiber optic,Yes,No,Yes,Yes,No,Yes,One year,Yes,Bank transfer (automatic),95.85,2475.35,0,Loyal(2-4yr),5,1,95.20576923076922,15.975,0,1
Female,No,No,No,40,Yes,Yes,Fiber optic,No,Yes,Yes,No,Yes,No,Month-to-month,Yes,Bank transfer (automatic),93.4,3756.4,0,Loyal(2-4yr),5,1,93.91,15.566666666666668,1,0
Female,Yes,Yes,No,72,Yes,Yes,Fiber optic,Yes,Yes,No,No,Yes,Yes,One year,Yes,Bank transfer (automatic),106.85,7677.4,0,VIP(4yr+),6,1,106.63055555555555,15.264285714285714,0,1
Female,Yes,No,No,15,Yes,Yes,Fiber optic,No,Yes,No,No,Yes,No,Month-to-month,No,Credit card (automatic),89.0,1288.3,0,Established(1-2yr),4,1,85.88666666666667,17.8,1,0
Female,No,No,No,22,Yes,No,DSL,Yes,No,No,No,No,No,Month-to-month,Yes,Electronic check,49.8,1049.05,0,Established(1-2yr),2,1,47.684090909090905,16.599999999999998,1,0
Male,No,No,No,2,Yes,Yes,DSL,No,No,No,No,No,Yes,Month-to-month,No,Bank transfer (automatic),62.05,118.3,1,New(0-12mo),3,1,59.15,15.5125,1,0
Female,No,No,No,41,Yes,Yes,DSL,No,No,Yes,Yes,No,Yes,One year,Yes,Electronic check,68.6,2877.05,0,Loyal(2-4yr),5,1,70.1719512195122,11.433333333333332,0,1
Female,No,Yes,Yes,39,Yes,Yes,Fiber optic,No,Yes,Yes,Yes,No,No,One year,Yes,Electronic check,89.55,3474.45,1,Loyal(2-4yr),5,1,89.08846153846153,14.924999999999999,0,1
Female,Yes,Yes,No,71,Yes,No,Fiber optic,No,Yes,Yes,No,Yes,Yes,Two year,Yes,Electronic check,99.2,7213.75,0,VIP(4yr+),5,1,101.60211267605634,16.533333333333335,0,2
Female,No,Yes,No,59,Yes,Yes,Fiber optic,No,No,Yes,Yes,Yes,No,Month-to-month,No,Electronic check,93.35,5386.5,0,VIP(4yr+),5,1,91.29661016949153,15.558333333333332,1,0
Female,No,No,No,18,Yes,Yes,Fiber optic,No,No,Yes,Yes,No,Yes,Month-to-month,Yes,Bank transfer (automatic),95.05,1679.4,0,Established(1-2yr),5,1,93.30000000000001,15.841666666666667,1,0
Male,No,Yes,Yes,13,Yes,No,No,No internet service,No internet service,No internet service,No internet service,No internet service,No internet service,Month-to-month,Yes,Mailed check,19.85,252.0,0,Established(1-2yr),1,0,19.384615384615383,9.925,1,0
Female,No,No,No,1,Yes,No,Fiber optic,No,No,Yes,No,No,No,Month-to-month,Yes,Electronic check,74.9,74.9,1,New(0-12mo),2,1,74.9,24.96666666666667,1,0
Female,Yes,Yes,No,1,Yes,Yes,Fiber optic,No,Yes,No,No,Yes,No,Month-to-month,Yes,Electronic check,90.6,90.6,1,New(0-12mo),4,1,90.6,18.119999999999997,1,0
Male,No,Yes,No,72,Yes,Yes,Fiber optic,Yes,Yes,No,Yes,Yes,Yes,Two year,Yes,Credit card (automatic),108.95,7875.0,0,VIP(4yr+),7,1,109.375,13.61875,0,2
Male,No,No,No,63,Yes,Yes,DSL,Yes,Yes,Yes,Yes,No,No,One year,No,Electronic check,71.5,4576.3,0,VIP(4yr+),6,1,72.63968253968254,10.214285714285714,0,1
Male,No,No,No,2,Yes,Yes,DSL,No,Yes,No,No,No,No,Month-to-month,Yes,Mailed check,54.4,114.1,1,New(0-12mo),3,1,57.05,13.6,1,0
Female,No,Yes,Yes,29,Yes,No,No,No internet service,No internet service,No internet service,No internet service,No internet service,No internet service,Two year,No,Mailed check,20.2,558.8,0,Loyal(2-4yr),1,0,19.268965517241377,10.1,0,2
Female,No,Yes,No,71,Yes,No,DSL,Yes,No,Yes,Yes,Yes,Yes,Two year,No,Bank transfer (automatic),81.85,5924.4,0,VIP(4yr+),6,1,83.44225352112676,11.692857142857141,0,2
Male,No,No,No,16,Yes,No,No,No internet service,No internet service,No internet service,No internet service,No internet service,No internet service,Two year,No,Credit card (automatic),18.95,326.8,0,Established(1-2yr),1,0,20.425,9.475,0,2
Female,No,No,No,1,Yes,No,Fiber optic,No,No,No,No,No,No,Month-to-month,No,Electronic check,70.5,70.5,1,New(0-12mo),1,1,70.5,35.25,1,0
Female,No,Yes,Yes,38,Yes,No,No,No internet service,No internet service,No internet service,No internet service,No internet service,No internet service,One year,No,Mailed check,20.3,749.35,0,Loyal(2-4yr),1,0,19.719736842105263,10.15,0,1
Male,No,Yes,Yes,70,Yes,Yes,Fiber optic,Yes,Yes,Yes,Yes,Yes,Yes,Two year,No,Credit card (automatic),114.75,7842.3,0,VIP(4yr+),8,1,112.03285714285714,12.75,0,2
Female,No,No,No,37,Yes,Yes,DSL,Yes,Yes,Yes,Yes,Yes,No,Month-to-month,Yes,Credit card (automatic),78.9,2976.95,0,Loyal(2-4yr),7,1,80.4581081081081,9.8625,1,0
Male,No,No,No,12,Yes,No,DSL,No,Yes,No,Yes,No,No,Month-to-month,Yes,Mailed check,53.75,648.65,0,New(0-12mo),3,1,54.05416666666667,13.4375,1,0
Male,No,Yes,Yes,72,Yes,Yes,DSL,Yes,Yes,Yes,Yes,Yes,Yes,Two year,Yes,Bank transfer (automatic),87.55,6463.15,0,VIP(4yr+),8,1,89.76597222222222,9.727777777777778,0,2
Female,No,No,No,10,Yes,No,Fiber optic,Yes,No,No,No,Yes,No,Month-to-month,Yes,Mailed check,84.7,832.05,1,New(0-12mo),3,1,83.205,21.175,1,0
Male,No,No,No,25,Yes,No,No,No internet service,No internet service,No internet service,No internet service,No internet service,No internet service,Month-to-month,Yes,Mailed check,20.15,536.35,0,Loyal(2-4yr),1,0,21.454,10.075,1,0
Female,No,No,No,1,No,No phone service,DSL,No,No,No,No,No,Yes,Month-to-month,No,Mailed check,35.05,35.05,1,New(0-12mo),1,1,35.05,17.525,1,0
Male,No,Yes,Yes,49,Yes,No,Fiber optic,No,Yes,Yes,No,Yes,No,Month-to-month,Yes,Credit card (automatic),90.4,4494.65,0,VIP(4yr+),4,1,91.72755102040816,18.080000000000002,1,0
Male,No,No,Yes,1,Yes,No,No,No internet service,No internet service,No internet service,No internet service,No internet service,No internet service,Month-to-month,Yes,Mailed check,19.45,19.45,1,New(0-12mo),1,0,19.45,9.725,1,0
Female,Yes,Yes,No,38,Yes,No,Fiber optic,Yes,No,No,No,No,Yes,Month-to-month,Yes,Electronic check,83.45,3147.15,0,Loyal(2-4yr),3,1,82.81973684210527,20.8625,1,0
Female,No,No,No,69,Yes,Yes,DSL,Yes,No,Yes,Yes,Yes,Yes,Two year,Yes,Credit card (automatic),85.35,5897.4,0,VIP(4yr+),7,1,85.4695652173913,10.66875,0,2
Male,No,Yes,Yes,57,Yes,Yes,Fiber optic,No,No,No,No,No,No,Month-to-month,Yes,Electronic check,74.3,4018.35,0,VIP(4yr+),2,1,70.49736842105263,24.766666666666666,1,0
Male,No,No,No,1,Yes,No,DSL,No,Yes,No,No,No,No,Month-to-month,No,Electronic check,50.8,50.8,1,New(0-12mo),2,1,50.8,16.933333333333334,1,0
Male,No,Yes,Yes,45,Yes,No,No,No internet service,No internet service,No internet service,No internet service,No internet service,No internet service,Two year,No,Electronic check,19.2,903.7,0,Loyal(2-4yr),1,0,20.082222222222224,9.6,0,2
Female,No,No,No,12,Yes,No,Fiber optic,No,No,Yes,Yes,No,Yes,Month-to-month,Yes,Electronic check,89.4,1095.65,1,New(0-12mo),4,1,91.30416666666667,17.880000000000003,1,0
Female,No,No,Yes,72,Yes,No,No,No internet service,No internet service,No internet service,No internet service,No internet service,No internet service,Two year,Yes,Mailed check,19.75,1567.0,0,VIP(4yr+),1,0,21.76388888888889,9.875,0,2
Female,No,No,Yes,48,No,No phone service,DSL,No,Yes,Yes,No,No,Yes,Month-to-month,No,Credit card (automatic),45.55,2108.35,0,Loyal(2-4yr),3,1,43.92395833333333,11.3875,1,0
Male,No,Yes,No,17,Yes,No,Fiber optic,No,No,No,No,No,No,Month-to-month,Yes,Bank transfer (automatic),70.4,1214.05,1,Established(1-2yr),1,1,71.41470588235293,35.2,1,0
Male,No,Yes,Yes,72,Yes,Yes,Fiber optic,Yes,Yes,Yes,Yes,Yes,Yes,Two year,Yes,Credit card (automatic),112.6,8126.65,0,VIP(4yr+),8,1,112.87013888888889,12.511111111111111,0,2
Female,No,Yes,Yes,46,Yes,No,No,No internet service,No internet service,No internet service,No internet service,No internet service,No internet service,Two year,No,Mailed check,19.4,967.85,0,Loyal(2-4yr),1,0,21.04021739130435,9.7,0,2
Female,No,No,No,72,Yes,Yes,Fiber optic,No,Yes,Yes,Yes,Yes,Yes,Two year,Yes,Bank transfer (automatic),111.6,8012.75,0,VIP(4yr+),7,1,111.28819444444444,13.95,0,2
Male,No,No,No,6,Yes,No,DSL,No,Yes,No,No,Yes,No,Month-to-month,No,Electronic check,59.45,357.6,0,New(0-12mo),3,1,59.6,14.8625,1,0
Male,Yes,Yes,No,57,Yes,Yes,Fiber optic,No,No,Yes,No,Yes,Yes,Month-to-month,No,Electronic check,100.6,5746.15,1,VIP(4yr+),5,1,100.80964912280702,16.766666666666666,1,0
Male,No,No,No,7,Yes,No,DSL,No,No,Yes,Yes,Yes,No,Month-to-month,No,Bank transfer (automatic),64.3,445.95,0,New(0-12mo),4,1,63.707142857142856,12.86,1,0
Male,No,No,Yes,33,Yes,Yes,Fiber optic,Yes,No,Yes,No,No,Yes,Month-to-month,Yes,Bank transfer (automatic),95.3,3275.15,0,Loyal(2-4yr),5,1,99.2469696969697,15.883333333333333,1,0
Male,No,No,No,5,Yes,No,No,No internet service,No internet service,No internet service,No internet service,No internet service,No internet service,Month-to-month,No,Mailed check,19.95,107.05,0,New(0-12mo),1,0,21.41,9.975,1,0
Male,No,No,No,3,Yes,No,Fiber optic,No,Yes,No,No,No,No,Month-to-month,No,Credit card (automatic),74.45,221.1,0,New(0-12mo),2,1,73.7,24.816666666666666,1,0
Female,Yes,Yes,No,20,Yes,No,Fiber optic,No,No,No,No,Yes,Yes,One year,Yes,Bank transfer (automatic),91.0,1859.5,0,Established(1-2yr),3,1,92.975,22.75,0,1
Male,No,Yes,Yes,72,Yes,Yes,No,No internet service,No internet service,No internet service,No internet service,No internet service,No internet service,Two year,No,Bank transfer (automatic),25.0,1738.9,0,VIP(4yr+),2,0,24.15138888888889,8.333333333333334,0,2
Female,No,Yes,Yes,1,Yes,No,Fiber optic,No,No,No,No,No,No,Month-to-month,Yes,Electronic check,69.8,69.8,1,New(0-12mo),1,1,69.8,34.9,1,0
Female,No,Yes,Yes,36,Yes,No,No,No internet service,No internet service,No internet service,No internet service,No internet service,No internet service,Two year,No,Bank transfer (automatic),20.25,717.95,0,Loyal(2-4yr),1,0,19.943055555555556,10.125,0,2
Male,No,Yes,Yes,18,Yes,No,No,No internet service,No internet service,No internet service,No internet service,No internet service,No internet service,One year,No,Bank transfer (automatic),20.05,345.9,0,Established(1-2yr),1,0,19.216666666666665,10.025,0,1
Male,No,No,No,72,Yes,Yes,DSL,Yes,Yes,Yes,Yes,Yes,Yes,Two year,No,Bank transfer (automatic),92.0,6632.75,0,VIP(4yr+),8,1,92.12152777777777,10.222222222222221,0,2
Female,Yes,No,No,45,Yes,Yes,DSL,Yes,No,No,Yes,No,Yes,Month-to-month,Yes,Electronic check,70.05,3062.45,0,Loyal(2-4yr),5,1,68.05444444444444,11.674999999999999,1,0
Male,No,Yes,No,11,Yes,Yes,Fiber optic,No,Yes,No,No,No,No,Month-to-month,Yes,Bank transfer (automatic),80.5,896.9,1,New(0-12mo),3,1,81.53636363636363,20.125,1,0
Female,No,No,No,63,Yes,No,No,No internet service,No internet service,No internet service,No internet service,No internet service,No internet service,Two year,Yes,Mailed check,20.6,1298.7,0,VIP(4yr+),1,0,20.614285714285714,10.3,0,2
Male,No,No,No,65,Yes,Yes,DSL,No,Yes,Yes,Yes,No,Yes,Two year,Yes,Credit card (automatic),74.2,4805.65,0,VIP(4yr+),6,1,73.93307692307691,10.6,0,2
Male,No,Yes,Yes,72,Yes,No,No,No internet service,No internet service,No internet service,No internet service,No internet service,No internet service,Two year,No,Electronic check,20.55,1432.55,0,VIP(4yr+),1,0,19.896527777777777,10.275,0,2
Female,No,No,No,1,Yes,No,Fiber optic,No,No,No,No,No,No,Month-to-month,Yes,Electronic check,70.6,70.6,1,New(0-12mo),1,1,70.6,35.3,1,0
Female,No,No,No,13,Yes,No,No,No internet service,No internet service,No internet service,No internet service,No internet service,No internet service,One year,No,Mailed check,20.2,273.25,0,Established(1-2yr),1,0,21.01923076923077,10.1,0,1
Female,No,Yes,No,66,Yes,Yes,DSL,Yes,Yes,Yes,No,No,No,Two year,No,Bank transfer (automatic),66.9,4370.25,0,VIP(4yr+),5,1,66.2159090909091,11.15,0,2
Female,Yes,Yes,No,70,Yes,Yes,Fiber optic,No,Yes,No,Yes,Yes,Yes,Two year,Yes,Bank transfer (automatic),104.45,7349.35,0,VIP(4yr+),6,1,104.99071428571429,14.921428571428573,0,2
Male,No,Yes,Yes,66,No,No phone service,DSL,No,No,Yes,Yes,Yes,Yes,Two year,No,Bank transfer (automatic),54.65,3632.0,0,VIP(4yr+),4,1,55.03030303030303,10.93,0,2
Female,No,Yes,No,65,Yes,Yes,Fiber optic,No,Yes,Yes,Yes,Yes,Yes,One year,Yes,Credit card (automatic),108.05,7118.9,0,VIP(4yr+),7,1,109.52153846153846,13.50625,0,1
Female,No,Yes,Yes,8,Yes,No,No,No internet service,No internet service,No internet service,No internet service,No internet service,No internet service,One year,Yes,Mailed check,19.75,145.0,1,New(0-12mo),1,0,18.125,9.875,0,1
Male,No,Yes,No,32,Yes,Yes,Fiber optic,No,No,No,Yes,No,No,One year,Yes,Electronic check,79.25,2619.15,0,Loyal(2-4yr),3,1,81.8484375,19.8125,0,1
Female,No,Yes,Yes,3,Yes,No,Fiber optic,No,No,No,No,Yes,No,Month-to-month,Yes,Electronic check,80.7,239.45,0,New(0-12mo),2,1,79.81666666666666,26.900000000000002,1,0
Male,No,No,No,58,Yes,No,Fiber optic,Yes,Yes,No,No,Yes,Yes,One year,No,Bank transfer (automatic),99.15,5720.95,0,VIP(4yr+),5,1,98.63706896551724,16.525000000000002,0,1
Female,No,No,No,34,Yes,No,DSL,Yes,Yes,No,No,No,Yes,One year,No,Electronic check,64.35,2053.05,0,Loyal(2-4yr),4,1,60.38382352941177,12.87,0,1
Male,Yes,Yes,No,64,Yes,Yes,Fiber optic,No,Yes,Yes,No,No,Yes,Month-to-month,Yes,Electronic check,94.25,6081.4,0,VIP(4yr+),5,1,95.021875,15.708333333333334,1,0
Female,No,Yes,No,71,Yes,Yes,Fiber optic,No,No,No,No,Yes,Yes,Two year,Yes,Bank transfer (automatic),93.7,6585.35,1,VIP(4yr+),4,1,92.75140845070423,18.740000000000002,0,2
Male,No,No,No,10,Yes,Yes,Fiber optic,No,No,No,No,No,No,Month-to-month,No,Electronic check,75.05,786.3,0,New(0-12mo),2,1,78.63,25.016666666666666,1,0
Female,No,No,No,71,Yes,Yes,Fiber optic,Yes,Yes,Yes,Yes,Yes,Yes,Two year,Yes,Credit card (automatic),113.15,7993.3,0,VIP(4yr+),8,1,112.58169014084507,12.572222222222223,0,2
Male,No,No,No,24,Yes,No,Fiber optic,No,Yes,Yes,No,No,Yes,Month-to-month,Yes,Electronic check,89.55,2187.15,0,Established(1-2yr),4,1,91.13125000000001,17.91,1,0
Male,No,No,No,2,Yes,No,Fiber optic,No,No,Yes,Yes,No,No,Month-to-month,Yes,Electronic check,79.85,152.45,1,New(0-12mo),3,1,76.225,19.9625,1,0
Male,No,No,No,2,Yes,No,Fiber optic,Yes,No,No,No,No,No,Month-to-month,Yes,Electronic check,75.7,189.2,1,New(0-12mo),2,1,94.6,25.233333333333334,1,0
Male,No,Yes,Yes,72,Yes,No,No,No internet service,No internet service,No internet service,No internet service,No internet service,No internet service,Two year,Yes,Credit card (automatic),19.8,1414.65,0,VIP(4yr+),1,0,19.647916666666667,9.9,0,2
Male,No,No,No,13,Yes,No,No,No internet service,No internet service,No internet service,No internet service,No internet service,No internet service,Two year,No,Mailed check,19.95,243.65,0,Established(1-2yr),1,0,18.742307692307694,9.975,0,2
Male,No,Yes,Yes,7,Yes,No,No,No internet service,No internet service,No internet service,No internet service,No internet service,No internet service,One year,No,Mailed check,20.65,150.0,0,New(0-12mo),1,0,21.428571428571427,10.325,0,1
Female,No,Yes,No,40,Yes,Yes,DSL,No,Yes,No,No,No,No,Month-to-month,No,Credit card (automatic),56.6,2379.1,0,Loyal(2-4yr),3,1,59.4775,14.15,1,0
Female,No,No,No,16,Yes,Yes,Fiber optic,No,No,Yes,No,No,Yes,Month-to-month,Yes,Electronic check,88.45,1422.1,1,Established(1-2yr),4,1,88.88125,17.69,1,0
Male,No,Yes,Yes,54,Yes,Yes,DSL,No,No,Yes,No,No,Yes,Two year,No,Credit card (automatic),63.35,3409.1,0,VIP(4yr+),4,1,63.13148148148148,12.67,0,2
Male,No,Yes,Yes,44,Yes,No,DSL,No,Yes,No,Yes,No,No,Month-to-month,Yes,Bank transfer (automatic),54.9,2549.1,0,Loyal(2-4yr),3,1,57.934090909090905,13.725,1,0
Male,No,No,No,9,Yes,No,Fiber optic,No,No,No,No,No,No,Month-to-month,No,Mailed check,70.05,657.5,0,New(0-12mo),1,1,73.05555555555556,35.025,1,0
Female,No,No,No,6,No,No phone service,DSL,Yes,No,No,No,No,No,Month-to-month,No,Bank transfer (automatic),29.45,161.45,0,New(0-12mo),1,1,26.90833333333333,14.725,1,0
Female,No,No,No,1,No,No phone service,DSL,No,No,No,No,No,No,Month-to-month,No,Electronic check,25.25,25.25,0,New(0-12mo),0,1,25.25,25.25,1,0
Female,No,Yes,No,64,Yes,No,DSL,Yes,Yes,Yes,Yes,No,Yes,Two year,Yes,Mailed check,74.35,4759.55,0,VIP(4yr+),6,1,74.36796875,10.62142857142857,0,2
Male,No,Yes,No,67,Yes,Yes,DSL,Yes,Yes,Yes,Yes,No,No,Two year,No,Credit card (automatic),70.9,4677.1,0,VIP(4yr+),6,1,69.80746268656716,10.12857142857143,0,2
Male,No,No,Yes,8,No,No phone service,DSL,Yes,No,No,Yes,No,Yes,Two year,Yes,Mailed check,44.55,343.45,0,New(0-12mo),3,1,42.93125,11.1375,0,2
Female,No,Yes,No,69,Yes,No,Fiber optic,Yes,Yes,No,Yes,Yes,Yes,One year,Yes,Credit card (automatic),106.4,7251.9,0,VIP(4yr+),6,1,105.1,15.200000000000001,0,1
Female,Yes,No,No,13,Yes,Yes,Fiber optic,Yes,No,No,No,Yes,Yes,Month-to-month,Yes,Electronic check,100.8,1308.1,1,Established(1-2yr),5,1,100.62307692307692,16.8,1,0
Male,No,No,No,18,Yes,Yes,Fiber optic,No,No,Yes,No,Yes,No,One year,Yes,Credit card (automatic),89.6,1633.0,0,Established(1-2yr),4,1,90.72222222222223,17.919999999999998,0,1
Male,No,No,No,7,Yes,Yes,Fiber optic,No,No,No,No,Yes,Yes,Month-to-month,Yes,Electronic check,93.85,635.6,1,New(0-12mo),4,1,90.8,18.77,1,0
Female,No,Yes,No,72,Yes,Yes,Fiber optic,Yes,Yes,Yes,Yes,Yes,Yes,Two year,Yes,Credit card (automatic),117.15,8529.5,0,VIP(4yr+),8,1,118.46527777777777,13.016666666666667,0,2
Male,No,Yes,Yes,69,Yes,No,No,No internet service,No internet service,No internet service,No internet service,No internet service,No internet service,Two year,No,Bank transfer (automatic),20.2,1376.5,0,VIP(4yr+),1,0,19.94927536231884,10.1,0,2
Female,No,Yes,Yes,68,Yes,Yes,DSL,Yes,Yes,Yes,No,Yes,No,One year,Yes,Credit card (automatic),73.0,5163.0,0,VIP(4yr+),6,1,75.92647058823529,10.428571428571429,0,1
Male,No,Yes,Yes,1,Yes,No,No,No internet service,No internet service,No internet service,No internet service,No internet service,No internet service,One year,Yes,Electronic check,20.2,20.2,0,New(0-12mo),1,0,20.2,10.1,0,1
Female,No,Yes,Yes,0,No,No phone service,DSL,Yes,Yes,Yes,Yes,Yes,No,Two year,No,Credit card (automatic),56.05,0.0,0,New(0-12mo),5,1,0.0,9.341666666666667,0,2
Female,No,Yes,Yes,31,Yes,Yes,Fiber optic,No,No,Yes,Yes,Yes,Yes,Month-to-month,Yes,Electronic check,104.2,3243.45,1,Loyal(2-4yr),6,1,104.62741935483871,14.885714285714286,1,0
Male,No,No,No,44,Yes,No,No,No internet service,No internet service,No internet service,No internet service,No internet service,No internet service,One year,No,Credit card (automatic),19.5,835.5,0,Loyal(2-4yr),1,0,18.988636363636363,9.75,0,1
Male,Yes,No,No,5,Yes,Yes,Fiber optic,No,Yes,No,No,No,Yes,Month-to-month,Yes,Electronic check,89.8,502.6,1,New(0-12mo),4,1,100.52000000000001,17.96,1,0
Female,Yes,No,No,37,Yes,Yes,Fiber optic,No,No,No,No,Yes,Yes,Month-to-month,Yes,Electronic check,96.55,3580.3,1,Loyal(2-4yr),4,1,96.76486486486488,19.31,1,0
Male,No,Yes,No,53,Yes,No,No,No internet service,No internet service,No internet service,No internet service,No internet service,No internet service,Two year,No,Credit card (automatic),19.9,1110.05,0,VIP(4yr+),1,0,20.944339622641508,9.95,0,2
Female,No,No,No,50,Yes,Yes,Fiber optic,Yes,Yes,No,Yes,Yes,Yes,Two year,Yes,Electronic check,109.65,5551.15,1,VIP(4yr+),7,1,111.023,13.70625,0,2
Male,No,No,Yes,1,Yes,No,No,No internet service,No internet service,No internet service,No internet service,No internet service,No internet service,Month-to-month,No,Mailed check,20.75,20.75,0,New(0-12mo),1,0,20.75,10.375,1,0
Male,No,No,No,10,Yes,Yes,DSL,Yes,No,No,No,No,No,Month-to-month,Yes,Credit card (automatic),54.5,568.2,0,New(0-12mo),3,1,56.82000000000001,13.625,1,0
Male,No,Yes,No,70,Yes,Yes,Fiber optic,Yes,Yes,Yes,No,Yes,No,Two year,Yes,Credit card (automatic),99.35,6944.5,0,VIP(4yr+),6,1,99.20714285714286,14.192857142857141,0,2
Female,No,Yes,No,62,Yes,Yes,Fiber optic,Yes,Yes,Yes,Yes,Yes,Yes,Two year,No,Mailed check,113.95,6891.4,0,VIP(4yr+),8,1,111.1516129032258,12.661111111111111,0,2
Male,No,Yes,Yes,63,Yes,Yes,DSL,Yes,Yes,Yes,No,Yes,Yes,Two year,No,Credit card (automatic),83.5,5435.0,0,VIP(4yr+),7,1,86.26984126984127,10.4375,0,2
Female,No,Yes,Yes,72,Yes,No,DSL,Yes,No,Yes,Yes,Yes,Yes,Two year,Yes,Bank transfer (automatic),80.45,5886.85,0,VIP(4yr+),6,1,81.76180555555555,11.492857142857144,0,2
Male,No,Yes,Yes,8,Yes,No,DSL,No,No,No,No,Yes,No,Month-to-month,Yes,Electronic check,54.4,475.1,0,New(0-12mo),2,1,59.3875,18.133333333333333,1,0
Male,No,No,No,13,No,No phone service,DSL,No,No,No,No,No,No,Month-to-month,Yes,Bank transfer (automatic),25.15,331.85,0,Established(1-2yr),0,1,25.52692307692308,25.15,1,0
Female,Yes,No,No,38,Yes,Yes,Fiber optic,No,No,No,Yes,Yes,Yes,Month-to-month,Yes,Electronic check,99.55,3734.25,1,Loyal(2-4yr),5,1,98.26973684210526,16.591666666666665,1,0
Male,No,Yes,Yes,60,Yes,No,DSL,No,Yes,No,Yes,Yes,Yes,Two year,No,Bank transfer (automatic),76.95,4543.95,0,VIP(4yr+),5,1,75.7325,12.825000000000001,0,2
Female,No,Yes,Yes,63,Yes,No,No,No internet service,No internet service,No internet service,No internet service,No internet service,No internet service,Two year,No,Electronic check,19.35,1263.85,0,VIP(4yr+),1,0,20.06111111111111,9.675,0,2
Female,No,Yes,No,72,Yes,Yes,Fiber optic,Yes,No,Yes,No,Yes,Yes,Two year,Yes,Credit card (automatic),105.0,7589.8,0,VIP(4yr+),6,1,105.41388888888889,15.0,0,2
Male,No,No,No,32,Yes,Yes,Fiber optic,Yes,Yes,No,Yes,Yes,Yes,Month-to-month,Yes,Credit card (automatic),108.15,3432.9,1,Loyal(2-4yr),7,1,107.278125,13.51875,1,0
Male,No,Yes,Yes,34,Yes,No,Fiber optic,No,Yes,Yes,No,Yes,No,Month-to-month,Yes,Electronic check,89.85,3091.75,0,Loyal(2-4yr),4,1,90.93382352941177,17.97,1,0
Male,No,No,No,12,Yes,Yes,No,No internet service,No internet service,No internet service,No internet service,No internet service,No internet service,One year,No,Credit card (automatic),24.95,280.4,0,New(0-12mo),2,0,23.366666666666664,8.316666666666666,0,1
Male,No,Yes,Yes,29,Yes,Yes,Fiber optic,No,No,Yes,No,No,Yes,Month-to-month,Yes,Electronic check,89.2,2698.35,1,Loyal(2-4yr),4,1,93.04655172413793,17.84,1,0
Female,No,Yes,No,53,Yes,No,Fiber optic,No,No,No,Yes,Yes,Yes,One year,Yes,Electronic check,93.45,4872.2,0,VIP(4yr+),4,1,91.92830188679245,18.69,0,1
Male,No,Yes,Yes,10,Yes,No,No,No internet service,No internet service,No internet service,No internet service,No internet service,No internet service,Month-to-month,Yes,Credit card (automatic),20.05,218.5,0,New(0-12mo),1,0,21.85,10.025,1,0
Male,No,No,No,29,Yes,No,DSL,No,No,Yes,Yes,Yes,Yes,One year,Yes,Bank transfer (automatic),75.35,2243.9,0,Loyal(2-4yr),5,1,77.37586206896552,12.558333333333332,0,1
Female,No,Yes,No,72,Yes,Yes,Fiber optic,Yes,No,Yes,Yes,Yes,No,Two year,Yes,Bank transfer (automatic),98.2,7015.9,0,VIP(4yr+),6,1,97.44305555555555,14.028571428571428,0,2
Male,No,Yes,Yes,71,Yes,No,No,No internet service,No internet service,No internet service,No internet service,No internet service,No internet service,Two year,No,Mailed check,19.8,1396.25,0,VIP(4yr+),1,0,19.66549295774648,9.9,0,2
Male,No,No,No,11,Yes,No,Fiber optic,Yes,No,No,No,No,No,Month-to-month,Yes,Electronic check,73.5,791.75,1,New(0-12mo),2,1,71.97727272727273,24.5,1,0
Male,No,No,Yes,9,Yes,No,DSL,No,No,No,No,Yes,No,Month-to-month,No,Electronic check,55.35,449.75,1,New(0-12mo),2,1,49.97222222222222,18.45,1,0
Female,No,Yes,No,25,Yes,No,No,No internet service,No internet service,No internet service,No internet service,No internet service,No internet service,One year,Yes,Bank transfer (automatic),20.2,507.9,0,Loyal(2-4yr),1,0,20.316,10.1,0,1
Male,No,No,Yes,4,Yes,Yes,Fiber optic,No,Yes,No,No,Yes,Yes,Month-to-month,Yes,Electronic check,101.7,364.55,1,New(0-12mo),5,1,91.1375,16.95,1,0
Male,No,No,No,21,No,No phone service,DSL,No,Yes,No,Yes,No,No,Month-to-month,Yes,Mailed check,36.0,780.15,0,Established(1-2yr),2,1,37.15,12.0,1,0
Male,No,Yes,Yes,34,No,No phone service,DSL,Yes,No,No,No,No,No,One year,No,Bank transfer (automatic),30.4,938.65,0,Loyal(2-4yr),1,1,27.60735294117647,15.2,0,1
Male,No,Yes,Yes,13,Yes,No,Fiber optic,No,No,Yes,No,Yes,Yes,Month-to-month,Yes,Mailed check,96.65,1162.85,1,Established(1-2yr),4,1,89.44999999999999,19.330000000000002,1,0
Male,No,Yes,No,8,Yes,Yes,Fiber optic,No,No,No,No,No,Yes,Month-to-month,Yes,Bank transfer (automatic),85.65,659.45,0,New(0-12mo),3,1,82.43125,21.4125,1,0
Male,No,No,No,1,Yes,No,Fiber optic,No,No,No,No,No,Yes,Month-to-month,No,Electronic check,80.5,80.5,1,New(0-12mo),2,1,80.5,26.833333333333332,1,0
Male,No,Yes,Yes,51,Yes,Yes,No,No internet service,No internet service,No internet service,No internet service,No internet service,No internet service,Two year,Yes,Mailed check,24.95,1222.25,0,VIP(4yr+),2,0,23.965686274509803,8.316666666666666,0,2
Male,No,Yes,No,60,Yes,No,DSL,Yes,Yes,No,Yes,No,No,Two year,Yes,Mailed check,61.35,3766.2,0,VIP(4yr+),4,1,62.769999999999996,12.27,0,2
Female,No,No,No,7,Yes,No,No,No internet service,No internet service,No internet service,No internet service,No internet service,No internet service,Month-to-month,No,Bank transfer (automatic),20.0,137.6,1,New(0-12mo),1,0,19.657142857142855,10.0,1,0
Male,No,No,No,1,Yes,No,No,No internet service,No internet service,No internet service,No internet service,No internet service,No internet service,Month-to-month,Yes,Mailed check,19.6,19.6,1,New(0-12mo),1,0,19.6,9.8,1,0
Male,No,Yes,Yes,13,Yes,No,DSL,No,No,No,No,No,No,Month-to-month,No,Bank transfer (automatic),44.8,559.2,0,Established(1-2yr),1,1,43.01538461538462,22.4,1,0
Male,No,No,Yes,15,Yes,Yes,Fiber optic,No,Yes,No,No,Yes,No,Month-to-month,Yes,Electronic check,91.0,1430.05,0,Established(1-2yr),4,1,95.33666666666666,18.2,1,0
Female,No,No,No,25,Yes,No,DSL,Yes,Yes,Yes,Yes,Yes,No,One year,No,Mailed check,74.3,1863.8,1,Loyal(2-4yr),6,1,74.55199999999999,10.614285714285714,0,1
Male,No,Yes,No,72,Yes,Yes,No,No internet service,No internet service,No internet service,No internet service,No internet service,No internet service,Two year,No,Credit card (automatic),25.85,1872.2,0,VIP(4yr+),2,0,26.00277777777778,8.616666666666667,0,2
Male,Yes,Yes,No,20,Yes,Yes,Fiber optic,No,Yes,No,Yes,Yes,Yes,Month-to-month,No,Electronic check,107.05,2172.05,0,Established(1-2yr),6,1,108.6025,15.292857142857143,1,0
Male,No,No,No,67,Yes,No,No,No internet service,No internet service,No internet service,No internet service,No internet service,No internet service,Two year,No,Bank transfer (automatic),19.95,1311.75,0,VIP(4yr+),1,0,19.578358208955223,9.975,0,2
Male,No,Yes,No,29,No,No phone service,DSL,No,No,No,No,Yes,Yes,Month-to-month,Yes,Electronic check,45.9,1332.4,0,Loyal(2-4yr),2,1,45.9448275862069,15.299999999999999,1,0
Male,No,No,No,66,Yes,Yes,DSL,Yes,Yes,Yes,Yes,No,No,Two year,No,Bank transfer (automatic),68.75,4447.55,0,VIP(4yr+),6,1,67.38712121212122,9.821428571428571,0,2
Male,No,No,No,4,Yes,No,No,No internet service,No internet service,No internet service,No internet service,No internet service,No internet service,Month-to-month,No,Mailed check,19.0,73.45,0,New(0-12mo),1,0,18.3625,9.5,1,0
Female,No,No,No,3,No,No phone service,DSL,No,No,No,No,Yes,No,Month-to-month,No,Credit card (automatic),35.2,108.95,1,New(0-12mo),1,1,36.31666666666667,17.6,1,0
Female,No,Yes,Yes,56,Yes,Yes,DSL,Yes,Yes,Yes,Yes,Yes,No,Two year,No,Credit card (automatic),81.25,4620.4,0,VIP(4yr+),7,1,82.50714285714285,10.15625,0,2
Female,No,Yes,Yes,3,Yes,No,No,No internet service,No internet service,No internet service,No internet service,No internet service,No internet service,Month-to-month,No,Mailed check,19.65,60.65,0,New(0-12mo),1,0,20.216666666666665,9.825,1,0
Male,No,No,No,9,Yes,No,Fiber optic,No,No,Yes,No,No,No,Month-to-month,Yes,Electronic check,73.8,704.3,0,New(0-12mo),2,1,78.25555555555555,24.599999999999998,1,0
Female,No,Yes,No,18,Yes,No,Fiber optic,Yes,No,No,No,No,No,Month-to-month,No,Electronic check,74.8,1438.05,0,Established(1-2yr),2,1,79.89166666666667,24.933333333333334,1,0
Female,No,Yes,Yes,61,Yes,No,DSL,No,No,Yes,Yes,Yes,Yes,Two year,Yes,Bank transfer (automatic),73.8,4616.05,0,VIP(4yr+),5,1,75.67295081967214,12.299999999999999,0,2
Male,No,No,No,10,Yes,No,Fiber optic,Yes,No,Yes,No,No,No,Month-to-month,Yes,Mailed check,79.85,887.35,0,New(0-12mo),3,1,88.735,19.9625,1,0
Female,No,No,No,28,Yes,Yes,Fiber optic,No,Yes,No,No,No,Yes,Month-to-month,Yes,Electronic check,89.95,2625.55,1,Loyal(2-4yr),4,1,93.76964285714287,17.990000000000002,1,0
Male,No,Yes,No,41,Yes,No,No,No internet service,No internet service,No internet service,No internet service,No internet service,No internet service,Two year,Yes,Electronic check,19.75,899.45,0,Loyal(2-4yr),1,0,21.93780487804878,9.875,0,2
Female,Yes,No,No,8,Yes,Yes,Fiber optic,No,No,No,No,No,Yes,Month-to-month,No,Electronic check,85.2,695.75,0,New(0-12mo),3,1,86.96875,21.3,1,0
Female,No,Yes,Yes,16,No,No phone service,DSL,No,No,No,No,No,Yes,Month-to-month,Yes,Credit card (automatic),35.5,552.7,0,Established(1-2yr),1,1,34.54375,17.75,1,0
Male,Yes,Yes,No,27,Yes,Yes,Fiber optic,No,No,No,No,No,No,Month-to-month,Yes,Electronic check,75.5,1893.95,1,Loyal(2-4yr),2,1,70.1462962962963,25.166666666666668,1,0
Male,No,No,No,3,Yes,No,No,No internet service,No internet service,No internet service,No internet service,No internet service,No internet service,Month-to-month,Yes,Credit card (automatic),20.75,67.1,0,New(0-12mo),1,0,22.366666666666664,10.375,1,0
Male,No,No,No,1,No,No phone service,DSL,No,No,No,Yes,No,No,Month-to-month,No,Mailed check,29.15,29.15,0,New(0-12mo),1,1,29.15,14.575,1,0
Female,No,Yes,Yes,33,Yes,Yes,Fiber optic,No,Yes,Yes,Yes,No,No,Month-to-month,No,Credit card (automatic),88.6,2888.7,0,Loyal(2-4yr),5,1,87.53636363636363,14.766666666666666,1,0
Male,No,Yes,Yes,6,Yes,Yes,No,No internet service,No internet service,No internet service,No internet service,No internet service,No internet service,Two year,No,Mailed check,25.4,153.3,0,New(0-12mo),2,0,25.55,8.466666666666667,0,2
Female,No,No,No,7,Yes,No,No,No internet service,No internet service,No internet service,No internet service,No internet service,No internet service,Month-to-month,No,Mailed check,20.35,150.6,0,New(0-12mo),1,0,21.514285714285712,10.175,1,0
Male,No,No,No,1,Yes,No,No,No internet service,No internet service,No internet service,No internet service,No internet service,No internet service,Month-to-month,No,Mailed check,21.1,21.1,0,New(0-12mo),1,0,21.1,10.55,1,0
Female,No,Yes,Yes,45,Yes,Yes,No,No internet service,No internet service,No internet service,No internet service,No internet service,No internet service,Two year,Yes,Credit card (automatic),24.65,1171.3,0,Loyal(2-4yr),2,0,26.028888888888886,8.216666666666667,0,2
Female,No,No,No,18,Yes,Yes,Fiber optic,No,No,No,Yes,Yes,Yes,Month-to-month,Yes,Bank transfer (automatic),99.85,1776.95,1,Established(1-2yr),5,1,98.71944444444445,16.641666666666666,1,0
Female,No,Yes,No,54,Yes,Yes,Fiber optic,Yes,Yes,Yes,Yes,Yes,Yes,One year,Yes,Mailed check,114.65,6049.5,0,VIP(4yr+),8,1,112.02777777777777,12.738888888888889,0,1
Male,Yes,Yes,No,65,Yes,Yes,Fiber optic,Yes,Yes,No,No,Yes,No,Two year,Yes,Credit card (automatic),92.7,5968.4,0,VIP(4yr+),5,1,91.82153846153845,15.450000000000001,0,2
Male,No,Yes,Yes,66,Yes,Yes,DSL,No,Yes,Yes,No,Yes,Yes,Two year,No,Bank transfer (automatic),79.85,5234.95,0,VIP(4yr+),6,1,79.31742424242424,11.407142857142857,0,2
Male,No,No,No,64,Yes,Yes,Fiber optic,Yes,Yes,No,No,No,No,One year,Yes,Credit card (automatic),84.3,5289.05,0,VIP(4yr+),4,1,82.64140625,16.86,0,1
Female,No,No,No,13,No,No phone service,DSL,Yes,No,No,No,No,No,Month-to-month,Yes,Bank transfer (automatic),30.85,394.1,0,Established(1-2yr),1,1,30.315384615384616,15.425,1,0
Female,Yes,No,No,5,No,No phone service,DSL,No,Yes,No,No,No,No,Month-to-month,No,Electronic check,28.45,131.05,1,New(0-12mo),1,1,26.21,14.225,1,0
Male,No,Yes,Yes,72,Yes,Yes,DSL,Yes,Yes,Yes,Yes,No,Yes,Two year,No,Credit card (automatic),81.0,5750.0,0,VIP(4yr+),7,1,79.86111111111111,10.125,0,2
Male,Yes,No,No,43,Yes,No,Fiber optic,No,No,No,No,Yes,Yes,Month-to-month,Yes,Mailed check,89.55,3856.75,1,Loyal(2-4yr),3,1,89.69186046511628,22.3875,1,0
Female,Yes,No,No,18,Yes,No,Fiber optic,No,Yes,No,No,No,No,Month-to-month,Yes,Electronic check,74.7,1294.6,0,Established(1-2yr),2,1,71.92222222222222,24.900000000000002,1,0
Male,No,No,No,8,Yes,No,DSL,No,No,No,No,Yes,Yes,Month-to-month,Yes,Electronic check,66.25,546.45,0,New(0-12mo),3,1,68.30625,16.5625,1,0
Male,No,Yes,Yes,0,Yes,Yes,No,No internet service,No internet service,No internet service,No internet service,No internet service,No internet service,Two year,No,Mailed check,25.75,0.0,0,New(0-12mo),2,0,0.0,8.583333333333334,0,2
Male,No,Yes,Yes,41,Yes,No,DSL,Yes,Yes,Yes,No,No,No,One year,Yes,Bank transfer (automatic),60.3,2511.3,0,Loyal(2-4yr),4,1,61.25121951219513,12.059999999999999,0,1
Female,No,No,No,34,Yes,Yes,DSL,No,No,No,Yes,Yes,No,Month-to-month,No,Mailed check,65.0,2157.5,0,Loyal(2-4yr),4,1,63.455882352941174,13.0,1,0
Male,No,Yes,Yes,45,Yes,No,DSL,Yes,Yes,Yes,Yes,Yes,Yes,Two year,Yes,Mailed check,84.35,3858.05,0,Loyal(2-4yr),7,1,85.73444444444445,10.54375,0,2
Male,No,Yes,No,51,Yes,Yes,Fiber optic,No,No,No,No,Yes,Yes,Month-to-month,Yes,Electronic check,94.65,4812.75,1,VIP(4yr+),4,1,94.36764705882354,18.93,1,0
Male,Yes,No,No,14,Yes,No,Fiber optic,No,No,No,No,Yes,Yes,Month-to-month,No,Credit card (automatic),90.45,1266.1,1,Established(1-2yr),3,1,90.43571428571428,22.6125,1,0
Male,No,Yes,No,53,Yes,Yes,Fiber optic,Yes,No,Yes,No,No,Yes,Month-to-month,No,Electronic check,93.9,5029.2,1,VIP(4yr+),5,1,94.89056603773585,15.65,1,0
Female,No,Yes,No,9,Yes,Yes,Fiber optic,Yes,Yes,Yes,No,No,No,Month-to-month,No,Bank transfer (automatic),91.75,865.8,1,New(0-12mo),5,1,96.19999999999999,15.291666666666666,1,0
Female,No,No,No,23,Yes,Yes,Fiber optic,No,No,No,No,No,No,Month-to-month,No,Bank transfer (automatic),75.6,1758.6,1,Established(1-2yr),2,1,76.4608695652174,25.2,1,0
Female,No,Yes,Yes,58,Yes,No,No,No internet service,No internet service,No internet service,No internet service,No internet service,No internet service,Two year,Yes,Mailed check,19.85,1158.85,0,VIP(4yr+),1,0,19.980172413793102,9.925,0,2
Female,No,Yes,Yes,67,Yes,Yes,DSL,Yes,No,No,No,Yes,Yes,Two year,Yes,Electronic check,75.5,5229.45,0,VIP(4yr+),5,1,78.05149253731344,12.583333333333334,0,2
Female,Yes,No,No,14,Yes,Yes,Fiber optic,No,Yes,Yes,No,Yes,Yes,Month-to-month,Yes,Electronic check,104.85,1531.4,1,Established(1-2yr),6,1,109.38571428571429,14.978571428571428,1,0
Male,No,Yes,No,72,Yes,Yes,DSL,No,Yes,Yes,Yes,Yes,Yes,Two year,Yes,Bank transfer (automatic),85.15,6316.2,0,VIP(4yr+),7,1,87.725,10.64375,0,2
Male,No,No,No,10,Yes,Yes,Fiber optic,No,Yes,No,No,No,No,Month-to-month,Yes,Bank transfer (automatic),80.7,788.8,1,New(0-12mo),3,1,78.88,20.175,1,0
Male,No,No,No,24,Yes,No,DSL,Yes,No,No,No,No,No,Month-to-month,Yes,Electronic check,51.15,1275.7,0,Established(1-2yr),2,1,53.15416666666667,17.05,1,0
Male,Yes,No,No,8,Yes,Yes,Fiber optic,No,No,Yes,No,No,No,Month-to-month,Yes,Electronic check,81.25,585.95,1,New(0-12mo),3,1,73.24375,20.3125,1,0
Female,Yes,Yes,No,29,No,No phone service,DSL,Yes,No,Yes,No,No,Yes,Month-to-month,Yes,Electronic check,45.0,1228.65,0,Loyal(2-4yr),3,1,42.36724137931035,11.25,1,0
Male,No,Yes,Yes,52,Yes,No,DSL,No,Yes,Yes,Yes,Yes,No,One year,Yes,Electronic check,68.75,3482.85,0,VIP(4yr+),5,1,66.97788461538461,11.458333333333334,0,1
Male,Yes,No,No,19,Yes,Yes,Fiber optic,No,Yes,No,No,Yes,No,Month-to-month,Yes,Electronic check,88.2,1775.8,1,Established(1-2yr),4,1,93.46315789473684,17.64,1,0
Male,No,No,No,52,Yes,No,Fiber optic,Yes,No,Yes,No,Yes,No,One year,No,Electronic check,91.25,4738.3,0,VIP(4yr+),4,1,91.12115384615385,18.25,0,1
Female,No,Yes,No,68,Yes,Yes,Fiber optic,Yes,Yes,Yes,Yes,Yes,Yes,Two year,No,Mailed check,118.6,7990.05,0,VIP(4yr+),8,1,117.50073529411765,13.177777777777777,0,2
Male,No,No,No,7,Yes,Yes,Fiber optic,No,No,No,No,No,Yes,Month-to-month,Yes,Mailed check,85.2,602.55,1,New(0-12mo),3,1,86.07857142857142,21.3,1,0
Male,No,Yes,Yes,8,Yes,No,No,No internet service,No internet service,No internet service,No internet service,No internet service,No internet service,Two year,No,Credit card (automatic),19.6,125.0,0,New(0-12mo),1,0,15.625,9.8,0,2
Female,No,Yes,Yes,58,Yes,Yes,No,No internet service,No internet service,No internet service,No internet service,No internet service,No internet service,Two year,No,Credit card (automatic),25.15,1509.9,0,VIP(4yr+),2,0,26.032758620689656,8.383333333333333,0,2
Female,No,Yes,No,17,Yes,Yes,Fiber optic,No,No,No,No,Yes,Yes,Month-to-month,No,Electronic check,92.6,1579.7,0,Established(1-2yr),4,1,92.9235294117647,18.52,1,0
Male,No,No,Yes,1,Yes,Yes,Fiber optic,No,No,Yes,No,Yes,Yes,Month-to-month,Yes,Electronic check,99.75,99.75,1,New(0-12mo),5,1,99.75,16.625,1,0
Female,Yes,No,No,32,Yes,No,Fiber optic,No,Yes,No,No,No,No,Month-to-month,Yes,Electronic check,74.4,2276.95,1,Loyal(2-4yr),2,1,71.1546875,24.8,1,0
Male,No,Yes,No,50,No,No phone service,DSL,Yes,No,No,Yes,Yes,No,One year,Yes,Bank transfer (automatic),44.45,2188.45,0,VIP(4yr+),3,1,43.769,11.1125,0,1
Male,No,No,No,3,Yes,No,No,No internet service,No internet service,No internet service,No internet service,No internet service,No internet service,Month-to-month,Yes,Electronic check,20.25,61.45,0,New(0-12mo),1,0,20.483333333333334,10.125,1,0
Male,No,No,No,1,Yes,No,Fiber optic,No,No,No,No,Yes,Yes,Month-to-month,Yes,Electronic check,89.9,89.9,1,New(0-12mo),3,1,89.9,22.475,1,0
Male,No,No,No,1,Yes,Yes,Fiber optic,No,No,No,No,Yes,Yes,Month-to-month,Yes,Electronic check,95.45,95.45,1,New(0-12mo),4,1,95.45,19.09,1,0
Female,No,No,No,33,Yes,Yes,Fiber optic,No,Yes,Yes,No,Yes,Yes,Month-to-month,No,Electronic check,107.55,3645.5,0,Loyal(2-4yr),6,1,110.46969696969697,15.364285714285714,1,0
Female,No,No,No,3,Yes,Yes,Fiber optic,No,No,No,No,No,No,Month-to-month,No,Electronic check,76.1,257.6,0,New(0-12mo),2,1,85.86666666666667,25.366666666666664,1,0
Male,No,Yes,No,34,Yes,Yes,Fiber optic,No,No,Yes,No,Yes,Yes,Month-to-month,No,Electronic check,100.85,3527.3,0,Loyal(2-4yr),5,1,103.74411764705883,16.808333333333334,1,0
Female,No,Yes,Yes,56,Yes,Yes,DSL,Yes,No,No,No,Yes,No,One year,No,Bank transfer (automatic),65.2,3512.15,0,VIP(4yr+),4,1,62.71696428571429,13.040000000000001,0,1
Male,No,Yes,Yes,56,Yes,Yes,No,No internet service,No internet service,No internet service,No internet service,No internet service,No internet service,One year,Yes,Mailed check,24.45,1431.65,0,VIP(4yr+),2,0,25.56517857142857,8.15,0,1
Male,No,Yes,No,8,Yes,No,No,No internet service,No internet service,No internet service,No internet service,No internet service,No internet service,Month-to-month,No,Mailed check,20.25,158.35,0,New(0-12mo),1,0,19.79375,10.125,1,0
Female,No,No,No,37,Yes,No,No,No internet service,No internet service,No internet service,No internet service,No internet service,No internet service,One year,Yes,Electronic check,19.8,695.05,0,Loyal(2-4yr),1,0,18.785135135135135,9.9,0,1
Female,No,No,No,16,No,No phone service,DSL,Yes,No,No,No,Yes,No,Month-to-month,Yes,Electronic check,38.9,664.4,0,Established(1-2yr),2,1,41.525,12.966666666666667,1,0
Female,No,Yes,Yes,49,Yes,Yes,No,No internet service,No internet service,No internet service,No internet service,No internet service,No internet service,Two year,No,Mailed check,25.25,1211.65,0,VIP(4yr+),2,0,24.727551020408164,8.416666666666666,0,2
Male,Yes,Yes,No,16,Yes,Yes,Fiber optic,No,No,Yes,No,Yes,Yes,Month-to-month,Yes,Electronic check,98.75,1587.55,1,Established(1-2yr),5,1,99.221875,16.458333333333332,1,0
Male,No,No,No,9,Yes,No,Fiber optic,No,No,No,No,No,No,Month-to-month,Yes,Electronic check,70.5,597.9,0,New(0-12mo),1,1,66.43333333333334,35.25,1,0
Male,No,No,No,13,Yes,Yes,Fiber optic,No,No,No,Yes,Yes,Yes,Month-to-month,No,Electronic check,100.75,1313.25,0,Established(1-2yr),5,1,101.01923076923077,16.791666666666668,1,0
Male,No,Yes,Yes,67,Yes,No,No,No internet service,No internet service,No internet service,No internet service,No internet service,No internet service,Two year,Yes,Mailed check,20.8,1411.9,0,VIP(4yr+),1,0,21.07313432835821,10.4,0,2
Female,No,No,Yes,2,Yes,No,No,No internet service,No internet service,No internet service,No internet service,No internet service,No internet service,Month-to-month,Yes,Electronic check,19.6,35.85,1,New(0-12mo),1,0,17.925,9.8,1,0
Male,Yes,No,Yes,1,Yes,No,DSL,No,No,Yes,No,No,No,Month-to-month,Yes,Mailed check,50.15,50.15,1,New(0-12mo),2,1,50.15,16.716666666666665,1,0
Male,No,Yes,No,14,No,No phone service,DSL,No,No,No,No,Yes,Yes,Month-to-month,No,Electronic check,46.35,667.7,1,Established(1-2yr),2,1,47.69285714285714,15.450000000000001,1,0
Male,Yes,No,No,2,Yes,No,DSL,Yes,No,Yes,No,Yes,No,Month-to-month,No,Bank transfer (automatic),66.4,94.55,1,New(0-12mo),4,1,47.275,13.280000000000001,1,0
Male,No,No,No,31,Yes,No,DSL,No,No,Yes,Yes,No,No,Month-to-month,Yes,Electronic check,55.25,1715.65,1,Loyal(2-4yr),3,1,55.343548387096774,13.8125,1,0
Male,No,No,No,26,Yes,No,No,No internet service,No internet service,No internet service,No internet service,No internet service,No internet service,Month-to-month,No,Mailed check,20.9,518.3,0,Loyal(2-4yr),1,0,19.934615384615384,10.45,1,0
Female,No,Yes,Yes,18,Yes,No,No,No internet service,No internet service,No internet service,No internet service,No internet service,No internet service,Month-to-month,Yes,Mailed check,20.25,401.95,0,Established(1-2yr),1,0,22.330555555555556,10.125,1,0
Female,No,Yes,Yes,62,Yes,Yes,Fiber optic,No,Yes,Yes,Yes,Yes,Yes,One year,Yes,Electronic check,110.8,6840.95,0,VIP(4yr+),7,1,110.33790322580644,13.85,0,1
Male,No,Yes,Yes,67,Yes,No,DSL,Yes,Yes,No,No,No,No,Two year,Yes,Bank transfer (automatic),54.2,3838.2,0,VIP(4yr+),3,1,57.286567164179104,13.55,0,2
Male,No,Yes,Yes,5,Yes,No,No,No internet service,No internet service,No internet service,No internet service,No internet service,No internet service,One year,No,Electronic check,20.55,99.45,0,New(0-12mo),1,0,19.89,10.275,0,1
Male,Yes,Yes,No,68,No,No phone service,DSL,Yes,Yes,Yes,No,No,No,Two year,Yes,Electronic check,41.95,2965.75,0,VIP(4yr+),3,1,43.6139705882353,10.4875,0,2
Female,No,Yes,No,49,Yes,Yes,DSL,Yes,Yes,Yes,No,No,Yes,One year,No,Electronic check,71.8,3472.05,0,VIP(4yr+),6,1,70.85816326530613,10.257142857142856,0,1
Female,Yes,No,No,6,Yes,No,Fiber optic,No,No,Yes,No,No,No,Month-to-month,No,Electronic check,74.4,434.1,1,New(0-12mo),2,1,72.35000000000001,24.8,1,0
Female,No,No,No,29,Yes,Yes,DSL,No,Yes,No,No,No,No,One year,Yes,Electronic check,55.25,1620.2,0,Loyal(2-4yr),3,1,55.86896551724138,13.8125,0,1
Female,Yes,No,No,6,Yes,No,No,No internet service,No internet service,No internet service,No internet service,No internet service,No internet service,Month-to-month,No,Bank transfer (automatic),19.5,106.8,0,New(0-12mo),1,0,17.8,9.75,1,0
Female,No,Yes,Yes,49,Yes,Yes,Fiber optic,No,Yes,Yes,Yes,Yes,Yes,Two year,Yes,Bank transfer (automatic),107.95,5293.2,1,VIP(4yr+),7,1,108.02448979591837,13.49375,0,2
Male,No,No,Yes,2,Yes,No,DSL,No,No,No,No,No,Yes,Month-to-month,Yes,Electronic check,55.3,108.65,0,New(0-12mo),2,1,54.325,18.433333333333334,1,0
Female,No,Yes,No,51,Yes,Yes,No,No internet service,No internet service,No internet service,No internet service,No internet service,No internet service,Two year,No,Mailed check,25.5,1281.25,0,VIP(4yr+),2,0,25.122549019607842,8.5,0,2
Female,No,Yes,Yes,68,Yes,Yes,Fiber optic,No,No,No,No,Yes,No,One year,Yes,Electronic check,83.0,5685.8,1,VIP(4yr+),3,1,83.61470588235295,20.75,0,1
Female,No,No,No,9,Yes,No,Fiber optic,Yes,No,No,No,No,No,Month-to-month,Yes,Credit card (automatic),74.25,639.65,1,New(0-12mo),2,1,71.07222222222222,24.75,1,0
Female,No,Yes,No,72,Yes,Yes,No,No internet service,No internet service,No internet service,No internet service,No internet service,No internet service,Two year,Yes,Credit card (automatic),24.15,1776.45,0,VIP(4yr+),2,0,24.672916666666666,8.049999999999999,0,2
Female,Yes,No,No,41,Yes,Yes,Fiber optic,No,Yes,Yes,No,Yes,Yes,Month-to-month,Yes,Electronic check,104.4,4133.95,0,Loyal(2-4yr),6,1,100.8280487804878,14.914285714285715,1,0
Female,No,Yes,No,48,Yes,Yes,DSL,Yes,No,No,Yes,No,No,One year,Yes,Bank transfer (automatic),60.6,2985.25,0,Loyal(2-4yr),4,1,62.192708333333336,12.120000000000001,0,1
Male,No,No,No,9,Yes,No,No,No internet service,No internet service,No internet service,No internet service,No internet service,No internet service,Month-to-month,Yes,Mailed check,18.95,185.6,1,New(0-12mo),1,0,20.62222222222222,9.475,1,0
Female,No,Yes,Yes,10,Yes,Yes,Fiber optic,No,No,No,No,No,Yes,Month-to-month,No,Electronic check,85.95,858.6,0,New(0-12mo),3,1,85.86,21.4875,1,0
Male,No,No,No,1,Yes,No,No,No internet service,No internet service,No internet service,No internet service,No internet service,No internet service,Month-to-month,Yes,Mailed check,20.45,20.45,0,New(0-12mo),1,0,20.45,10.225,1,0
Female,No,Yes,Yes,64,Yes,Yes,Fiber optic,No,Yes,Yes,Yes,Yes,Yes,One year,Yes,Electronic check,111.45,7266.95,0,VIP(4yr+),7,1,113.54609375,13.93125,0,1
Male,No,Yes,Yes,28,No,No phone service,DSL,Yes,No,Yes,Yes,Yes,No,One year,No,Mailed check,50.8,1386.8,0,Loyal(2-4yr),4,1,49.528571428571425,10.16,0,1
Female,No,Yes,No,38,Yes,Yes,Fiber optic,No,No,Yes,Yes,Yes,Yes,Month-to-month,Yes,Electronic check,105.0,4026.4,1,Loyal(2-4yr),6,1,105.9578947368421,15.0,1,0
Female,Yes,No,No,50,Yes,Yes,Fiber optic,No,Yes,No,Yes,Yes,Yes,One year,Yes,Electronic check,106.8,5347.95,0,VIP(4yr+),6,1,106.959,15.257142857142856,0,1
Male,No,No,No,1,Yes,No,DSL,No,No,No,Yes,No,No,Month-to-month,No,Credit card (automatic),49.0,49.0,0,New(0-12mo),2,1,49.0,16.333333333333332,1,0
Male,Yes,Yes,No,61,Yes,Yes,Fiber optic,No,Yes,No,Yes,No,No,One year,Yes,Bank transfer (automatic),85.55,5251.75,0,VIP(4yr+),4,1,86.09426229508196,17.11,0,1
Female,No,No,No,6,Yes,No,DSL,No,No,No,No,No,Yes,Month-to-month,Yes,Electronic check,55.0,340.4,0,New(0-12mo),2,1,56.73333333333333,18.333333333333332,1,0
Female,No,Yes,Yes,72,Yes,Yes,DSL,Yes,Yes,Yes,Yes,Yes,Yes,Two year,No,Bank transfer (automatic),92.65,6733.0,0,VIP(4yr+),8,1,93.51388888888889,10.294444444444444,0,2
Female,No,Yes,No,64,Yes,Yes,DSL,No,No,Yes,Yes,No,No,One year,No,Bank transfer (automatic),58.35,3756.45,0,VIP(4yr+),4,1,58.69453125,11.67,0,1
Female,No,Yes,Yes,70,Yes,No,No,No internet service,No internet service,No internet service,No internet service,No internet service,No internet service,Two year,No,Bank transfer (automatic),19.8,1378.75,0,VIP(4yr+),1,0,19.696428571428573,9.9,0,2
Female,No,Yes,Yes,72,Yes,Yes,DSL,Yes,No,Yes,No,Yes,No,Two year,Yes,Bank transfer (automatic),71.45,5025.85,0,VIP(4yr+),5,1,69.80347222222223,11.908333333333333,0,2
Male,No,No,Yes,54,Yes,No,Fiber optic,Yes,Yes,No,Yes,Yes,Yes,One year,Yes,Electronic check,105.85,5826.65,0,VIP(4yr+),6,1,107.90092592592592,15.12142857142857,0,1
Female,No,Yes,Yes,39,Yes,No,No,No internet service,No internet service,No internet service,No internet service,No internet service,No internet service,Two year,Yes,Bank transfer (automatic),19.85,854.8,0,Loyal(2-4yr),1,0,21.91794871794872,9.925,0,2
Female,No,No,No,4,Yes,No,Fiber optic,No,No,No,No,No,No,Month-to-month,Yes,Electronic check,70.15,268.35,1,New(0-12mo),1,1,67.0875,35.075,1,0
Male,No,Yes,No,36,Yes,Yes,Fiber optic,No,No,No,No,Yes,Yes,Month-to-month,Yes,Electronic check,95.4,3474.2,0,Loyal(2-4yr),4,1,96.50555555555555,19.080000000000002,1,0
Male,No,No,No,7,No,No phone service,DSL,No,No,No,No,No,No,One year,Yes,Credit card (automatic),24.35,150.85,0,New(0-12mo),0,1,21.55,24.35,0,1
Male,No,No,Yes,39,No,No phone service,DSL,Yes,No,No,Yes,Yes,No,One year,No,Bank transfer (automatic),45.05,1790.6,0,Loyal(2-4yr),3,1,45.91282051282051,11.2625,0,1
Female,No,Yes,Yes,72,Yes,Yes,DSL,Yes,Yes,Yes,Yes,Yes,Yes,Two year,No,Credit card (automatic),90.95,6652.45,0,VIP(4yr+),8,1,92.39513888888888,10.105555555555556,0,2
Male,No,No,No,12,Yes,Yes,Fiber optic,No,No,No,No,Yes,Yes,Month-to-month,No,Electronic check,94.55,1173.55,0,New(0-12mo),4,1,97.79583333333333,18.91,1,0
Male,No,Yes,No,61,Yes,Yes,DSL,No,Yes,Yes,No,Yes,Yes,Two year,No,Bank transfer (automatic),80.9,4932.5,0,VIP(4yr+),6,1,80.86065573770492,11.557142857142859,0,2
Female,No,No,No,8,Yes,No,No,No internet service,No internet service,No internet service,No internet service,No internet service,No internet service,Month-to-month,Yes,Mailed check,20.7,137.6,0,New(0-12mo),1,0,17.2,10.35,1,0
Male,Yes,No,No,35,Yes,No,DSL,No,No,Yes,Yes,Yes,Yes,One year,Yes,Electronic check,73.0,2471.25,0,Loyal(2-4yr),5,1,70.60714285714286,12.166666666666666,0,1
Male,No,Yes,No,3,Yes,Yes,No,No internet service,No internet service,No internet service,No internet service,No internet service,No internet service,Month-to-month,Yes,Mailed check,23.6,89.05,0,New(0-12mo),2,0,29.683333333333334,7.866666666666667,1,0
Male,Yes,No,No,3,Yes,Yes,Fiber optic,No,No,No,No,No,No,Month-to-month,Yes,Electronic check,77.0,237.75,1,New(0-12mo),2,1,79.25,25.666666666666668,1,0
Male,Yes,No,No,10,Yes,No,Fiber optic,No,Yes,No,No,No,No,Month-to-month,Yes,Electronic check,72.85,688.65,1,New(0-12mo),2,1,68.865,24.28333333333333,1,0
Male,No,No,No,3,No,No phone service,DSL,No,No,No,No,No,No,Month-to-month,No,Electronic check,25.1,79.8,0,New(0-12mo),0,1,26.599999999999998,25.1,1,0
Female,No,Yes,Yes,47,Yes,No,No,No internet service,No internet service,No internet service,No internet service,No internet service,No internet service,Two year,No,Credit card (automatic),20.25,873.4,0,Loyal(2-4yr),1,0,18.582978723404256,10.125,0,2
Male,No,Yes,No,65,Yes,No,No,No internet service,No internet service,No internet service,No internet service,No internet service,No internet service,Two year,Yes,Credit card (automatic),20.4,1414.45,0,VIP(4yr+),1,0,21.76076923076923,10.2,0,2
Female,No,Yes,Yes,40,Yes,No,No,No internet service,No internet service,No internet service,No internet service,No internet service,No internet service,Two year,No,Bank transfer (automatic),20.15,777.35,0,Loyal(2-4yr),1,0,19.43375,10.075,0,2
Female,Yes,Yes,No,71,Yes,No,Fiber optic,Yes,Yes,Yes,Yes,Yes,No,Two year,Yes,Electronic check,99.4,7168.25,0,VIP(4yr+),6,1,100.96126760563381,14.200000000000001,0,2
Female,No,No,No,2,Yes,No,DSL,No,Yes,No,No,No,No,Month-to-month,Yes,Mailed check,49.6,114.7,1,New(0-12mo),2,1,57.35,16.533333333333335,1,0
Male,No,No,Yes,21,Yes,No,DSL,No,No,No,No,No,No,Month-to-month,No,Mailed check,45.65,985.05,0,Established(1-2yr),1,1,46.90714285714286,22.825,1,0
Female,No,No,No,68,Yes,Yes,DSL,No,Yes,Yes,No,Yes,Yes,Two year,Yes,Electronic check,80.65,5330.2,0,VIP(4yr+),6,1,78.38529411764705,11.521428571428572,0,2
Female,No,No,No,2,Yes,No,No,No internet service,No internet service,No internet service,No internet service,No internet service,No internet service,Month-to-month,Yes,Mailed check,20.05,39.25,0,New(0-12mo),1,0,19.625,10.025,1,0
Male,No,No,Yes,1,Yes,Yes,Fiber optic,No,No,No,No,No,No,Month-to-month,Yes,Electronic check,74.35,74.35,1,New(0-12mo),2,1,74.35,24.78333333333333,1,0
Female,No,Yes,No,32,Yes,No,No,No internet service,No internet service,No internet service,No internet service,No internet service,No internet service,One year,No,Mailed check,19.3,593.2,0,Loyal(2-4yr),1,0,18.5375,9.65,0,1
Female,No,Yes,Yes,52,Yes,No,No,No internet service,No internet service,No internet service,No internet service,No internet service,No internet service,Two year,No,Mailed check,19.35,1031.7,0,VIP(4yr+),1,0,19.840384615384615,9.675,0,2
Male,No,Yes,No,72,Yes,Yes,Fiber optic,Yes,Yes,Yes,Yes,Yes,Yes,Two year,Yes,Credit card (automatic),114.1,8086.4,0,VIP(4yr+),8,1,112.3111111111111,12.677777777777777,0,2
Female,No,No,No,57,Yes,Yes,Fiber optic,No,Yes,No,Yes,No,Yes,One year,No,Electronic check,94.7,5468.95,0,VIP(4yr+),5,1,95.94649122807017,15.783333333333333,0,1
Female,No,Yes,No,56,Yes,No,Fiber optic,Yes,No,Yes,No,No,No,Two year,No,Bank transfer (automatic),80.3,4513.65,0,VIP(4yr+),3,1,80.60089285714285,20.075,0,2
Male,No,Yes,Yes,1,No,No phone service,DSL,No,Yes,No,No,No,No,Month-to-month,No,Electronic check,30.2,30.2,1,New(0-12mo),1,1,30.2,15.1,1,0
Male,No,Yes,Yes,60,Yes,No,No,No internet service,No internet service,No internet service,No internet service,No internet service,No internet service,Two year,No,Credit card (automatic),19.65,1161.75,0,VIP(4yr+),1,0,19.3625,9.825,0,2
Female,No,Yes,Yes,30,Yes,No,No,No internet service,No internet service,No internet service,No internet service,No internet service,No internet service,Two year,No,Mailed check,19.7,599.25,0,Loyal(2-4yr),1,0,19.975,9.85,0,2
Female,No,Yes,No,59,Yes,Yes,Fiber optic,Yes,Yes,No,No,Yes,No,Month-to-month,Yes,Electronic check,94.75,5597.65,0,VIP(4yr+),5,1,94.87542372881356,15.791666666666666,1,0
Female,No,No,No,29,Yes,Yes,Fiber optic,No,No,Yes,No,Yes,Yes,Month-to-month,Yes,Credit card (automatic),98.6,2933.2,1,Loyal(2-4yr),5,1,101.14482758620689,16.433333333333334,1,0
Female,No,Yes,Yes,11,No,No phone service,DSL,Yes,No,No,No,No,No,Month-to-month,Yes,Electronic check,29.6,346.45,0,New(0-12mo),1,1,31.495454545454546,14.8,1,0
Male,No,No,No,2,Yes,No,Fiber optic,No,Yes,No,No,No,No,Month-to-month,No,Electronic check,74.95,151.75,0,New(0-12mo),2,1,75.875,24.983333333333334,1,0
Female,No,Yes,Yes,52,Yes,No,No,No internet service,No internet service,No internet service,No internet service,No internet service,No internet service,One year,No,Credit card (automatic),19.6,1012.4,0,VIP(4yr+),1,0,19.46923076923077,9.8,0,1
Male,Yes,Yes,No,10,Yes,Yes,Fiber optic,No,No,No,No,No,Yes,Month-to-month,No,Electronic check,85.55,851.75,1,New(0-12mo),3,1,85.175,21.3875,1,0
Male,Yes,Yes,Yes,43,Yes,Yes,Fiber optic,No,Yes,Yes,Yes,Yes,Yes,Month-to-month,Yes,Bank transfer (automatic),110.75,4687.9,1,Loyal(2-4yr),7,1,109.02093023255813,13.84375,1,0
Male,No,Yes,Yes,10,No,No phone service,DSL,Yes,Yes,Yes,Yes,No,Yes,Two year,No,Credit card (automatic),53.7,521.0,0,New(0-12mo),5,1,52.1,8.950000000000001,0,2
Male,No,No,No,1,Yes,No,Fiber optic,No,Yes,No,No,No,Yes,Month-to-month,Yes,Electronic check,85.0,85.0,0,New(0-12mo),3,1,85.0,21.25,1,0
Female,No,Yes,No,19,Yes,Yes,Fiber optic,No,No,Yes,No,No,Yes,Month-to-month,No,Mailed check,89.65,1761.05,1,Established(1-2yr),4,1,92.68684210526315,17.93,1,0
Female,No,No,Yes,16,Yes,No,Fiber optic,No,No,No,No,Yes,No,Month-to-month,Yes,Electronic check,81.0,1312.15,1,Established(1-2yr),2,1,82.009375,27.0,1,0
Male,No,No,No,12,Yes,No,DSL,No,Yes,No,No,No,No,Month-to-month,Yes,Bank transfer (automatic),49.05,593.05,0,New(0-12mo),2,1,49.42083333333333,16.349999999999998,1,0
Male,No,No,No,45,No,No phone service,DSL,Yes,No,Yes,Yes,No,No,One year,No,Bank transfer (automatic),42.3,1840.75,0,Loyal(2-4yr),3,1,40.90555555555556,10.575,0,1
Male,No,Yes,Yes,39,Yes,No,Fiber optic,No,Yes,No,No,Yes,No,Month-to-month,Yes,Mailed check,86.3,3266.0,1,Loyal(2-4yr),3,1,83.74358974358974,21.575,1,0
Male,No,Yes,No,72,Yes,Yes,Fiber optic,Yes,Yes,Yes,No,Yes,Yes,Two year,Yes,Electronic check,109.65,7880.25,0,VIP(4yr+),7,1,109.44791666666667,13.70625,0,2
Female,Yes,Yes,No,60,Yes,Yes,Fiber optic,No,Yes,Yes,No,Yes,Yes,Month-to-month,Yes,Electronic check,105.9,6401.25,0,VIP(4yr+),6,1,106.6875,15.12857142857143,1,0
Male,Yes,Yes,No,55,Yes,Yes,Fiber optic,No,No,No,No,No,No,Month-to-month,Yes,Electronic check,74.0,4052.4,0,VIP(4yr+),2,1,73.68,24.666666666666668,1,0
Female,No,Yes,Yes,60,Yes,No,DSL,No,Yes,Yes,Yes,Yes,Yes,Two year,Yes,Bank transfer (automatic),80.6,4946.7,0,VIP(4yr+),6,1,82.445,11.514285714285714,0,2
Female,Yes,Yes,No,66,No,No phone service,DSL,No,Yes,Yes,No,Yes,No,One year,No,Bank transfer (automatic),45.55,3027.25,0,VIP(4yr+),3,1,45.86742424242424,11.3875,0,1
Male,No,No,No,1,Yes,No,No,No internet service,No internet service,No internet service,No internet service,No internet service,No internet service,Month-to-month,No,Bank transfer (automatic),20.2,20.2,0,New(0-12mo),1,0,20.2,10.1,1,0
Male,No,Yes,Yes,23,Yes,No,No,No internet service,No internet service,No internet service,No internet service,No internet service,No internet service,One year,No,Mailed check,19.65,436.9,0,Established(1-2yr),1,0,18.995652173913044,9.825,0,1
Male,Yes,No,No,6,Yes,No,Fiber optic,No,No,No,No,Yes,No,Month-to-month,Yes,Electronic check,79.7,497.6,0,New(0-12mo),2,1,82.93333333333334,26.566666666666666,1,0
Male,No,No,No,4,Yes,No,Fiber optic,Yes,Yes,No,Yes,No,Yes,Month-to-month,Yes,Mailed check,94.9,360.55,0,New(0-12mo),5,1,90.1375,15.816666666666668,1,0
Female,No,No,No,16,Yes,No,DSL,No,Yes,No,Yes,No,No,Month-to-month,Yes,Mailed check,53.9,834.15,1,Established(1-2yr),3,1,52.134375,13.475,1,0
Female,No,No,No,1,Yes,No,No,No internet service,No internet service,No internet service,No internet service,No internet service,No internet service,Month-to-month,Yes,Mailed check,19.5,19.5,0,New(0-12mo),1,0,19.5,9.75,1,0
Male,No,No,No,1,Yes,No,Fiber optic,No,No,No,No,No,Yes,Month-to-month,Yes,Electronic check,80.8,80.8,1,New(0-12mo),2,1,80.8,26.933333333333334,1,0
Male,No,Yes,Yes,67,Yes,Yes,Fiber optic,No,Yes,Yes,Yes,Yes,Yes,Two year,Yes,Bank transfer (automatic),111.2,7530.8,0,VIP(4yr+),7,1,112.4,13.9,0,2
Female,No,Yes,Yes,24,Yes,Yes,DSL,Yes,No,Yes,No,Yes,Yes,Two year,No,Credit card (automatic),78.6,1846.65,0,Established(1-2yr),6,1,76.94375000000001,11.228571428571428,0,2
Male,No,Yes,Yes,4,Yes,No,No,No internet service,No internet service,No internet service,No internet service,No internet service,No internet service,Month-to-month,Yes,Mailed check,20.5,77.6,0,New(0-12mo),1,0,19.4,10.25,1,0
Male,No,No,No,1,Yes,No,No,No internet service,No internet service,No internet service,No internet service,No internet service,No internet service,Month-to-month,No,Electronic check,19.2,19.2,0,New(0-12mo),1,0,19.2,9.6,1,0
Male,No,Yes,Yes,66,Yes,Yes,DSL,Yes,No,Yes,Yes,Yes,Yes,Two year,Yes,Mailed check,84.0,5714.25,0,VIP(4yr+),7,1,86.57954545454545,10.5,0,2
Male,No,No,No,15,No,No phone service,DSL,No,No,No,Yes,No,No,Month-to-month,Yes,Electronic check,29.7,438.25,1,Established(1-2yr),1,1,29.216666666666665,14.85,1,0
Female,Yes,Yes,No,72,Yes,Yes,DSL,Yes,Yes,Yes,No,Yes,Yes,Two year,Yes,Credit card (automatic),84.1,6129.65,0,VIP(4yr+),7,1,85.13402777777777,10.5125,0,2
Female,No,Yes,No,72,Yes,Yes,Fiber optic,Yes,Yes,Yes,Yes,Yes,Yes,Two year,No,Credit card (automatic),112.1,7965.95,0,VIP(4yr+),8,1,110.63819444444444,12.455555555555556,0,2
Female,No,No,No,40,Yes,No,DSL,No,No,Yes,No,No,No,One year,Yes,Mailed check,50.25,2023.55,0,Loyal(2-4yr),2,1,50.58875,16.75,0,1
Male,No,Yes,Yes,25,Yes,Yes,DSL,No,No,No,No,Yes,No,Month-to-month,No,Electronic check,60.35,1404.65,0,Loyal(2-4yr),3,1,56.18600000000001,15.0875,1,0
Female,No,No,No,13,Yes,Yes,DSL,Yes,No,Yes,No,Yes,Yes,Month-to-month,Yes,Electronic check,78.75,995.35,0,Established(1-2yr),6,1,76.56538461538462,11.25,1,0
Female,Yes,Yes,No,28,Yes,Yes,Fiber optic,No,No,No,Yes,Yes,Yes,Month-to-month,Yes,Credit card (automatic),101.3,2812.2,1,Loyal(2-4yr),5,1,100.43571428571428,16.883333333333333,1,0
Female,No,Yes,Yes,60,Yes,Yes,Fiber optic,Yes,Yes,No,No,Yes,No,One year,No,Bank transfer (automatic),94.15,5811.8,0,VIP(4yr+),5,1,96.86333333333333,15.691666666666668,0,1
Female,No,Yes,No,28,Yes,Yes,Fiber optic,No,No,Yes,Yes,Yes,Yes,Month-to-month,Yes,Electronic check,104.8,3046.05,1,Loyal(2-4yr),6,1,108.78750000000001,14.971428571428572,1,0
Male,No,Yes,Yes,35,Yes,Yes,DSL,No,No,No,Yes,Yes,Yes,One year,Yes,Bank transfer (automatic),73.45,2661.1,0,Loyal(2-4yr),5,1,76.03142857142856,12.241666666666667,0,1
Female,No,No,No,20,Yes,Yes,DSL,No,Yes,No,Yes,No,Yes,Month-to-month,Yes,Credit card (automatic),68.9,1370.35,0,Established(1-2yr),5,1,68.5175,11.483333333333334,1,0
Male,No,No,No,32,Yes,Yes,Fiber optic,Yes,No,No,Yes,No,No,Month-to-month,No,Bank transfer (automatic),87.65,2766.4,0,Loyal(2-4yr),4,1,86.45,17.53,1,0
Female,No,Yes,Yes,36,Yes,Yes,Fiber optic,No,Yes,Yes,No,Yes,No,Month-to-month,Yes,Bank transfer (automatic),97.35,3457.9,1,Loyal(2-4yr),5,1,96.05277777777778,16.224999999999998,1,0
Male,No,No,Yes,53,Yes,No,DSL,Yes,Yes,No,Yes,No,No,One year,No,Credit card (automatic),62.85,3419.5,0,VIP(4yr+),4,1,64.51886792452831,12.57,0,1
Male,No,No,No,24,No,No phone service,DSL,Yes,No,No,No,Yes,Yes,One year,Yes,Mailed check,50.6,1288.75,0,Established(1-2yr),3,1,53.697916666666664,12.65,0,1
Male,No,No,No,2,Yes,No,DSL,Yes,No,No,Yes,No,No,Month-to-month,Yes,Mailed check,54.45,87.3,0,New(0-12mo),3,1,43.65,13.6125,1,0
Female,No,No,No,47,Yes,No,Fiber optic,Yes,No,No,No,No,No,Month-to-month,No,Credit card (automatic),75.45,3545.1,0,Loyal(2-4yr),2,1,75.42765957446808,25.150000000000002,1,0
Male,No,Yes,Yes,45,Yes,Yes,Fiber optic,No,Yes,Yes,No,No,Yes,Month-to-month,Yes,Bank transfer (automatic),95.95,4456.65,0,Loyal(2-4yr),5,1,99.03666666666666,15.991666666666667,1,0
Female,No,No,No,4,Yes,No,DSL,No,No,No,No,No,No,Month-to-month,Yes,Mailed check,46.0,193.6,1,New(0-12mo),1,1,48.4,23.0,1,0
Male,No,Yes,No,72,Yes,Yes,Fiber optic,No,Yes,Yes,Yes,Yes,Yes,Two year,Yes,Credit card (automatic),110.6,7962.2,0,VIP(4yr+),7,1,110.58611111111111,13.825,0,2
Female,No,No,No,6,Yes,No,DSL,Yes,Yes,No,No,No,No,Month-to-month,No,Electronic check,56.25,389.1,1,New(0-12mo),3,1,64.85000000000001,14.0625,1,0
Male,No,No,Yes,5,Yes,No,No,No internet service,No internet service,No internet service,No internet service,No internet service,No internet service,Month-to-month,No,Mailed check,20.2,83.75,0,New(0-12mo),1,0,16.75,10.1,1,0
Male,No,No,No,26,Yes,Yes,Fiber optic,Yes,Yes,No,No,Yes,No,Month-to-month,Yes,Credit card (automatic),92.4,2349.8,0,Loyal(2-4yr),5,1,90.37692307692308,15.4,1,0
Male,No,No,No,35,Yes,Yes,DSL,Yes,No,No,No,No,No,Two year,No,Mailed check,55.25,1924.1,0,Loyal(2-4yr),3,1,54.97428571428571,13.8125,0,2
Male,No,Yes,Yes,25,Yes,No,Fiber optic,No,Yes,No,No,No,No,Month-to-month,Yes,Electronic check,75.5,1901.05,0,Loyal(2-4yr),2,1,76.042,25.166666666666668,1,0
Female,No,Yes,Yes,35,Yes,Yes,DSL,Yes,No,Yes,Yes,Yes,No,Month-to-month,No,Electronic check,72.25,2568.55,1,Loyal(2-4yr),6,1,73.38714285714286,10.321428571428571,1,0
Male,No,No,No,21,Yes,No,DSL,Yes,No,Yes,No,Yes,No,Month-to-month,No,Bank transfer (automatic),65.35,1424.4,0,Established(1-2yr),4,1,67.82857142857144,13.069999999999999,1,0
Male,No,Yes,Yes,69,Yes,Yes,DSL,No,Yes,Yes,Yes,Yes,Yes,Two year,Yes,Bank transfer (automatic),81.95,5601.4,0,VIP(4yr+),7,1,81.17971014492753,10.24375,0,2
Male,No,No,No,66,Yes,Yes,Fiber optic,No,Yes,No,No,No,Yes,Month-to-month,No,Credit card (automatic),89.4,5976.9,0,VIP(4yr+),4,1,90.5590909090909,17.880000000000003,1,0
Female,No,No,No,42,No,No phone service,DSL,Yes,Yes,Yes,Yes,No,Yes,One year,Yes,Electronic check,54.75,2348.45,0,Loyal(2-4yr),5,1,55.915476190476184,9.125,0,1
Male,No,No,No,4,Yes,No,No,No internet service,No internet service,No internet service,No internet service,No internet service,No internet service,Month-to-month,Yes,Mailed check,19.95,59.25,0,New(0-12mo),1,0,14.8125,9.975,1,0
Male,No,No,No,8,Yes,Yes,Fiber optic,No,No,No,No,No,Yes,Month-to-month,Yes,Electronic check,86.55,649.65,1,New(0-12mo),3,1,81.20625,21.6375,1,0
Male,No,Yes,No,68,Yes,Yes,DSL,Yes,Yes,Yes,Yes,Yes,Yes,Two year,Yes,Credit card (automatic),90.8,6302.85,0,VIP(4yr+),8,1,92.68897058823529,10.088888888888889,0,2
Male,Yes,No,No,51,Yes,Yes,Fiber optic,No,No,Yes,No,Yes,Yes,Month-to-month,Yes,Electronic check,97.8,4913.3,1,VIP(4yr+),5,1,96.33921568627451,16.3,1,0
Male,No,Yes,No,44,Yes,No,DSL,No,Yes,Yes,Yes,Yes,No,One year,Yes,Electronic check,70.95,3250.45,0,Loyal(2-4yr),5,1,73.87386363636364,11.825000000000001,0,1
Female,Yes,No,No,20,Yes,Yes,Fiber optic,No,Yes,Yes,No,No,Yes,Month-to-month,Yes,Electronic check,94.1,1782.4,1,Established(1-2yr),5,1,89.12,15.683333333333332,1,0
Male,No,No,No,2,Yes,Yes,Fiber optic,Yes,No,No,No,No,Yes,Month-to-month,No,Mailed check,90.75,174.75,0,New(0-12mo),4,1,87.375,18.15,1,0
Female,No,No,No,9,Yes,No,DSL,No,No,No,Yes,Yes,No,Month-to-month,Yes,Bank transfer (automatic),59.5,530.05,0,New(0-12mo),3,1,58.89444444444444,14.875,1,0
Female,No,Yes,Yes,72,Yes,Yes,Fiber optic,Yes,Yes,No,No,Yes,No,Two year,Yes,Bank transfer (automatic),95.9,6954.15,0,VIP(4yr+),5,1,96.58541666666666,15.983333333333334,0,2
Male,Yes,Yes,No,68,Yes,Yes,Fiber optic,No,No,Yes,No,No,No,Month-to-month,Yes,Credit card (automatic),80.35,5589.3,0,VIP(4yr+),3,1,82.19558823529412,20.0875,1,0
Male,No,Yes,Yes,35,Yes,No,No,No internet service,No internet service,No internet service,No internet service,No internet service,No internet service,One year,No,Electronic check,19.9,666.0,0,Loyal(2-4yr),1,0,19.02857142857143,9.95,0,1
Female,No,No,No,72,Yes,Yes,DSL,Yes,Yes,Yes,Yes,Yes,Yes,Two year,Yes,Bank transfer (automatic),91.35,6697.2,0,VIP(4yr+),8,1,93.01666666666667,10.149999999999999,0,2
Female,Yes,Yes,Yes,61,Yes,Yes,DSL,No,No,Yes,No,Yes,No,One year,Yes,Electronic check,65.2,3965.05,0,VIP(4yr+),4,1,65.00081967213114,13.040000000000001,0,1
Male,No,Yes,Yes,35,Yes,Yes,No,No internet service,No internet service,No internet service,No internet service,No internet service,No internet service,Two year,No,Bank transfer (automatic),25.45,809.25,0,Loyal(2-4yr),2,0,23.12142857142857,8.483333333333333,0,2
Male,No,Yes,Yes,2,Yes,No,DSL,No,No,No,No,No,No,Month-to-month,Yes,Electronic check,44.5,90.05,0,New(0-12mo),1,1,45.025,22.25,1,0
Male,No,Yes,Yes,72,Yes,No,No,No internet service,No internet service,No internet service,No internet service,No internet service,No internet service,Two year,No,Bank transfer (automatic),21.0,1493.75,0,VIP(4yr+),1,0,20.74652777777778,10.5,0,2
Female,No,No,No,1,Yes,No,Fiber optic,No,No,No,No,No,No,Month-to-month,No,Electronic check,71.35,71.35,1,New(0-12mo),1,1,71.35,35.675,1,0
Female,No,No,No,5,Yes,Yes,Fiber optic,No,No,Yes,Yes,No,No,Month-to-month,Yes,Electronic check,82.75,417.75,0,New(0-12mo),4,1,83.55,16.55,1,0
Female,No,No,No,19,No,No phone service,DSL,No,Yes,No,No,No,Yes,Month-to-month,Yes,Electronic check,39.7,710.05,0,Established(1-2yr),2,1,37.37105263157895,13.233333333333334,1,0
Female,No,No,No,56,Yes,Yes,Fiber optic,No,Yes,Yes,No,Yes,Yes,One year,Yes,Electronic check,106.8,5914.4,0,VIP(4yr+),6,1,105.61428571428571,15.257142857142856,0,1
Male,No,Yes,No,5,Yes,Yes,Fiber optic,No,Yes,No,No,No,No,Month-to-month,Yes,Electronic check,78.75,412.1,1,New(0-12mo),3,1,82.42,19.6875,1,0
Female,No,No,No,66,No,No phone service,DSL,Yes,No,Yes,Yes,Yes,Yes,Two year,Yes,Bank transfer (automatic),61.35,4193.4,0,VIP(4yr+),5,1,63.53636363636363,10.225,0,2
Male,Yes,No,No,1,Yes,No,DSL,No,No,No,No,No,No,Month-to-month,Yes,Mailed check,45.85,45.85,0,New(0-12mo),1,1,45.85,22.925,1,0
Female,No,No,No,8,Yes,No,DSL,Yes,No,No,No,No,No,Month-to-month,Yes,Electronic check,49.85,365.55,1,New(0-12mo),2,1,45.69375,16.616666666666667,1,0
Male,Yes,Yes,No,55,Yes,Yes,Fiber optic,No,Yes,Yes,Yes,Yes,Yes,Two year,Yes,Electronic check,113.6,6292.7,0,VIP(4yr+),7,1,114.41272727272727,14.2,0,2
Female,No,No,No,19,Yes,No,DSL,No,Yes,No,No,Yes,No,One year,No,Electronic check,58.2,1045.25,0,Established(1-2yr),3,1,55.01315789473684,14.55,0,1
Female,No,No,No,46,Yes,No,DSL,No,No,Yes,Yes,No,No,Two year,No,Credit card (automatic),54.35,2460.15,1,Loyal(2-4yr),3,1,53.481521739130436,13.5875,0,2
Female,No,No,No,30,Yes,No,DSL,Yes,Yes,Yes,Yes,Yes,No,One year,No,Credit card (automatic),74.65,2308.6,0,Loyal(2-4yr),6,1,76.95333333333333,10.664285714285715,0,1
Female,No,Yes,No,24,Yes,No,Fiber optic,No,Yes,Yes,No,Yes,Yes,Month-to-month,Yes,Credit card (automatic),99.3,2431.35,1,Established(1-2yr),5,1,101.30624999999999,16.55,1,0
Male,No,Yes,No,72,Yes,Yes,DSL,Yes,Yes,Yes,Yes,Yes,Yes,Two year,Yes,Credit card (automatic),92.0,6782.15,0,VIP(4yr+),8,1,94.19652777777777,10.222222222222221,0,2
Male,No,Yes,Yes,72,Yes,Yes,Fiber optic,Yes,Yes,Yes,No,Yes,Yes,Two year,Yes,Bank transfer (automatic),110.3,7966.9,0,VIP(4yr+),7,1,110.65138888888889,13.7875,0,2
Female,No,No,No,9,Yes,No,No,No internet service,No internet service,No internet service,No internet service,No internet service,No internet service,Month-to-month,No,Bank transfer (automatic),20.15,238.15,0,New(0-12mo),1,0,26.461111111111112,10.075,1,0
Female,No,Yes,Yes,54,Yes,Yes,DSL,Yes,No,No,Yes,No,No,Two year,No,Bank transfer (automatic),60.0,3273.95,0,VIP(4yr+),4,1,60.6287037037037,12.0,0,2
Female,No,Yes,Yes,72,Yes,Yes,Fiber optic,No,Yes,Yes,No,Yes,Yes,One year,Yes,Credit card (automatic),103.2,7362.9,0,VIP(4yr+),6,1,102.26249999999999,14.742857142857144,0,1
Male,No,Yes,Yes,14,Yes,No,No,No internet service,No internet service,No internet service,No internet service,No internet service,No internet service,One year,No,Mailed check,19.75,309.35,0,Established(1-2yr),1,0,22.09642857142857,9.875,0,1
Male,No,No,No,71,Yes,Yes,Fiber optic,No,Yes,No,No,No,No,One year,Yes,Credit card (automatic),79.05,5552.5,0,VIP(4yr+),3,1,78.20422535211267,19.7625,0,1
Male,No,Yes,No,70,Yes,Yes,No,No internet service,No internet service,No internet service,No internet service,No internet service,No internet service,Two year,No,Bank transfer (automatic),25.15,1940.85,0,VIP(4yr+),2,0,27.72642857142857,8.383333333333333,0,2
Female,No,No,No,8,Yes,Yes,DSL,Yes,No,No,Yes,No,Yes,Month-to-month,No,Electronic check,71.15,563.65,1,New(0-12mo),5,1,70.45625,11.858333333333334,1,0
Male,No,No,No,12,Yes,Yes,No,No internet service,No internet service,No internet service,No internet service,No internet service,No internet service,Month-to-month,No,Electronic check,25.0,316.2,0,New(0-12mo),2,0,26.349999999999998,8.333333333333334,1,0
Male,No,Yes,No,25,Yes,No,Fiber optic,No,No,No,Yes,Yes,Yes,Month-to-month,Yes,Credit card (automatic),95.7,2338.35,0,Loyal(2-4yr),4,1,93.53399999999999,19.14,1,0
Male,No,Yes,Yes,64,Yes,Yes,Fiber optic,No,Yes,Yes,Yes,Yes,Yes,Two year,Yes,Credit card (automatic),109.2,6741.15,0,VIP(4yr+),7,1,105.33046875,13.65,0,2
Male,No,Yes,Yes,1,Yes,No,No,No internet service,No internet service,No internet service,No internet service,No internet service,No internet service,One year,No,Mailed check,20.4,20.4,0,New(0-12mo),1,0,20.4,10.2,0,1
Female,No,Yes,No,21,Yes,No,Fiber optic,No,No,No,Yes,Yes,No,Month-to-month,Yes,Electronic check,86.05,1818.9,0,Established(1-2yr),3,1,86.61428571428571,21.5125,1,0
Female,No,No,No,37,Yes,No,Fiber optic,No,Yes,Yes,No,No,No,One year,No,Electronic check,80.05,3019.1,0,Loyal(2-4yr),3,1,81.59729729729729,20.0125,0,1
Female,No,No,No,5,Yes,No,DSL,No,No,No,No,No,No,Month-to-month,Yes,Credit card (automatic),44.05,202.15,0,New(0-12mo),1,1,40.43,22.025,1,0
Male,No,No,No,2,Yes,No,Fiber optic,No,No,No,No,No,No,Month-to-month,Yes,Credit card (automatic),69.8,134.7,1,New(0-12mo),1,1,67.35,34.9,1,0
Male,Yes,No,No,70,No,No phone service,DSL,No,Yes,Yes,No,Yes,No,One year,Yes,Credit card (automatic),44.05,3011.65,0,VIP(4yr+),3,1,43.02357142857143,11.0125,0,1
Male,No,No,No,47,Yes,Yes,Fiber optic,Yes,Yes,No,No,Yes,No,One year,No,Bank transfer (automatic),94.8,4535.85,0,Loyal(2-4yr),5,1,96.50744680851065,15.799999999999999,0,1
Female,No,No,No,42,Yes,Yes,DSL,No,No,Yes,Yes,Yes,Yes,Two year,Yes,Credit card (automatic),78.45,3373.4,0,Loyal(2-4yr),6,1,80.31904761904762,11.207142857142857,0,2
Female,No,Yes,Yes,43,Yes,No,DSL,No,No,No,No,Yes,No,Month-to-month,No,Electronic check,56.15,2499.3,1,Loyal(2-4yr),2,1,58.12325581395349,18.716666666666665,1,0
Female,No,No,No,68,Yes,No,No,No internet service,No internet service,No internet service,No internet service,No internet service,No internet service,Two year,No,Credit card (automatic),20.5,1424.9,0,VIP(4yr+),1,0,20.954411764705885,10.25,0,2
Female,Yes,No,No,27,Yes,Yes,Fiber optic,Yes,Yes,Yes,No,Yes,Yes,One year,Yes,Bank transfer (automatic),110.5,2857.6,0,Loyal(2-4yr),7,1,105.83703703703704,13.8125,0,1
Male,No,Yes,No,22,Yes,No,DSL,Yes,No,No,Yes,No,No,One year,Yes,Credit card (automatic),56.25,1292.2,0,Established(1-2yr),3,1,58.73636363636364,14.0625,0,1
Female,No,Yes,Yes,59,Yes,Yes,DSL,Yes,No,Yes,Yes,Yes,No,Two year,Yes,Mailed check,76.45,4519.5,0,VIP(4yr+),6,1,76.60169491525424,10.921428571428573,0,2
Male,No,No,No,56,Yes,Yes,Fiber optic,No,Yes,No,No,Yes,Yes,Month-to-month,No,Electronic check,98.6,5581.05,0,VIP(4yr+),5,1,99.66160714285715,16.433333333333334,1,0
Male,No,No,No,53,Yes,No,No,No internet service,No internet service,No internet service,No internet service,No internet service,No internet service,Two year,No,Credit card (automatic),19.5,1050.5,0,VIP(4yr+),1,0,19.82075471698113,9.75,0,2
Male,No,No,No,19,Yes,No,Fiber optic,No,No,No,No,Yes,No,Month-to-month,Yes,Bank transfer (automatic),78.7,1495.1,0,Established(1-2yr),2,1,78.68947368421053,26.233333333333334,1,0
Female,Yes,Yes,Yes,62,Yes,Yes,Fiber optic,No,Yes,Yes,No,No,Yes,Month-to-month,Yes,Credit card (automatic),96.1,6019.35,0,VIP(4yr+),5,1,97.08629032258065,16.016666666666666,1,0
Female,No,No,No,30,Yes,No,Fiber optic,No,No,No,Yes,Yes,No,Month-to-month,No,Electronic check,85.15,2555.9,1,Loyal(2-4yr),3,1,85.19666666666667,21.2875,1,0
Male,Yes,No,No,27,Yes,Yes,Fiber optic,No,Yes,No,Yes,Yes,Yes,One year,Yes,Bank transfer (automatic),104.65,2964.0,0,Loyal(2-4yr),6,1,109.77777777777777,14.950000000000001,0,1
Male,No,No,No,15,Yes,No,Fiber optic,No,No,Yes,Yes,Yes,Yes,Month-to-month,Yes,Electronic check,101.35,1553.95,1,Established(1-2yr),5,1,103.59666666666666,16.891666666666666,1,0
Female,Yes,No,No,1,Yes,No,Fiber optic,No,Yes,No,No,No,No,Month-to-month,Yes,Electronic check,73.0,73.0,1,New(0-12mo),2,1,73.0,24.333333333333332,1,0
Male,No,No,No,22,Yes,Yes,No,No internet service,No internet service,No internet service,No internet service,No internet service,No internet service,Month-to-month,Yes,Credit card (automatic),24.85,493.4,0,Established(1-2yr),2,0,22.427272727272726,8.283333333333333,1,0
Male,No,Yes,Yes,10,Yes,No,DSL,No,Yes,No,No,No,No,One year,No,Mailed check,49.55,475.7,0,New(0-12mo),2,1,47.57,16.516666666666666,0,1
Female,No,Yes,No,67,Yes,Yes,DSL,Yes,Yes,Yes,No,No,No,Two year,No,Mailed check,65.65,4322.85,0,VIP(4yr+),5,1,64.52014925373135,10.941666666666668,0,2
Male,Yes,Yes,No,72,Yes,Yes,Fiber optic,Yes,Yes,Yes,No,Yes,Yes,Two year,Yes,Bank transfer (automatic),109.55,7920.7,0,VIP(4yr+),7,1,110.00972222222222,13.69375,0,2
Female,No,No,No,13,Yes,No,Fiber optic,No,No,No,No,Yes,No,Month-to-month,Yes,Mailed check,81.9,1028.9,0,Established(1-2yr),2,1,79.14615384615385,27.3,1,0
Male,No,Yes,Yes,68,Yes,No,DSL,Yes,Yes,No,Yes,Yes,Yes,Two year,No,Bank transfer (automatic),82.85,5776.45,0,VIP(4yr+),6,1,84.94779411764705,11.835714285714285,0,2
Male,No,No,No,44,Yes,No,Fiber optic,No,No,No,No,No,No,Month-to-month,No,Credit card (automatic),68.85,2958.95,0,Loyal(2-4yr),1,1,67.24886363636364,34.425,1,0
Male,No,No,No,13,Yes,No,Fiber optic,No,Yes,Yes,No,No,No,Month-to-month,Yes,Electronic check,79.8,973.45,1,Established(1-2yr),3,1,74.88076923076923,19.95,1,0
Male,No,No,No,1,Yes,No,Fiber optic,No,No,No,No,No,No,Month-to-month,Yes,Electronic check,70.05,70.05,1,New(0-12mo),1,1,70.05,35.025,1,0
Female,No,Yes,No,43,Yes,No,DSL,Yes,No,Yes,Yes,Yes,Yes,Two year,Yes,Electronic check,78.8,3460.3,0,Loyal(2-4yr),6,1,80.47209302325582,11.257142857142856,0,2
Female,No,No,No,14,Yes,No,DSL,Yes,No,No,No,No,No,Month-to-month,No,Bank transfer (automatic),50.1,709.5,0,Established(1-2yr),2,1,50.67857142857143,16.7,1,0
Female,No,Yes,Yes,16,Yes,No,No,No internet service,No internet service,No internet service,No internet service,No internet service,No internet service,Two year,No,Mailed check,19.7,301.55,0,Established(1-2yr),1,0,18.846875,9.85,0,2
Female,No,Yes,Yes,71,Yes,Yes,Fiber optic,Yes,Yes,Yes,Yes,Yes,Yes,Two year,No,Credit card (automatic),113.65,8166.8,0,VIP(4yr+),8,1,115.02535211267606,12.627777777777778,0,2
Female,No,No,No,15,Yes,No,No,No internet service,No internet service,No internet service,No internet service,No internet service,No internet service,Month-to-month,No,Bank transfer (automatic),19.4,289.3,1,Established(1-2yr),1,0,19.28666666666667,9.7,1,0
Female,No,Yes,Yes,16,Yes,Yes,Fiber optic,No,Yes,No,No,No,No,Month-to-month,Yes,Credit card (automatic),79.95,1267.95,0,Established(1-2yr),3,1,79.246875,19.9875,1,0
Male,No,No,No,4,Yes,No,No,No internet service,No internet service,No internet service,No internet service,No internet service,No internet service,Month-to-month,No,Mailed check,20.7,73.05,0,New(0-12mo),1,0,18.2625,10.35,1,0
Female,No,No,No,1,Yes,No,No,No internet service,No internet service,No internet service,No internet service,No internet service,No internet service,Month-to-month,No,Credit card (automatic),19.4,19.4,0,New(0-12mo),1,0,19.4,9.7,1,0
Female,No,No,No,17,Yes,No,Fiber optic,No,No,No,No,No,No,Month-to-month,Yes,Electronic check,70.0,1144.5,1,Established(1-2yr),1,1,67.32352941176471,35.0,1,0
Female,No,Yes,No,1,Yes,No,No,No internet service,No internet service,No internet service,No internet service,No internet service,No internet service,Month-to-month,Yes,Mailed check,20.65,20.65,0,New(0-12mo),1,0,20.65,10.325,1,0
Female,No,No,No,5,Yes,Yes,Fiber optic,No,No,No,No,Yes,Yes,Month-to-month,Yes,Mailed check,93.9,486.85,1,New(0-12mo),4,1,97.37,18.78,1,0
Male,No,No,No,18,Yes,No,Fiber optic,No,Yes,Yes,No,Yes,Yes,Month-to-month,No,Credit card (automatic),101.3,1794.65,0,Established(1-2yr),5,1,99.70277777777778,16.883333333333333,1,0
Male,No,Yes,Yes,22,Yes,No,No,No internet service,No internet service,No internet service,No internet service,No internet service,No internet service,One year,No,Bank transfer (automatic),20.25,488.25,0,Established(1-2yr),1,0,22.193181818181817,10.125,0,1
Female,No,Yes,No,72,Yes,Yes,Fiber optic,No,Yes,Yes,Yes,Yes,Yes,Two year,Yes,Bank transfer (automatic),110.45,7982.5,0,VIP(4yr+),7,1,110.86805555555556,13.80625,0,2
Female,No,Yes,No,72,Yes,Yes,DSL,Yes,Yes,Yes,Yes,Yes,No,Two year,No,Credit card (automatic),79.2,5401.9,0,VIP(4yr+),7,1,75.02638888888889,9.9,0,2
Female,Yes,No,No,4,Yes,No,Fiber optic,No,Yes,No,No,No,No,Month-to-month,No,Electronic check,72.75,317.75,0,New(0-12mo),2,1,79.4375,24.25,1,0
Female,No,Yes,Yes,61,Yes,No,DSL,Yes,No,No,No,No,No,One year,Yes,Bank transfer (automatic),49.7,2961.4,0,VIP(4yr+),2,1,48.54754098360656,16.566666666666666,0,1
Male,No,Yes,No,56,No,No phone service,DSL,No,No,Yes,Yes,Yes,Yes,One year,Yes,Bank transfer (automatic),54.05,2959.8,0,VIP(4yr+),4,1,52.853571428571435,10.809999999999999,0,1
Male,No,Yes,Yes,30,Yes,No,Fiber optic,No,Yes,Yes,No,No,No,Month-to-month,No,Bank transfer (automatic),82.05,2570.2,0,Loyal(2-4yr),3,1,85.67333333333333,20.5125,1,0
Male,No,Yes,Yes,56,No,No phone service,DSL,No,Yes,Yes,No,No,No,One year,Yes,Credit card (automatic),36.1,1971.5,0,VIP(4yr+),2,1,35.205357142857146,12.033333333333333,0,1
Male,No,No,No,27,Yes,No,Fiber optic,No,No,No,No,No,No,Month-to-month,Yes,Mailed check,69.05,1793.25,0,Loyal(2-4yr),1,1,66.41666666666667,34.525,1,0
Male,Yes,No,No,4,No,No phone service,DSL,No,No,No,No,No,No,Month-to-month,Yes,Bank transfer (automatic),25.2,102.5,1,New(0-12mo),0,1,25.625,25.2,1,0
Male,No,No,No,25,Yes,No,Fiber optic,No,No,No,No,No,No,Month-to-month,No,Electronic check,69.75,1729.35,0,Loyal(2-4yr),1,1,69.17399999999999,34.875,1,0
Female,No,Yes,Yes,67,Yes,Yes,DSL,No,No,Yes,Yes,No,Yes,Two year,Yes,Bank transfer (automatic),69.9,4615.9,0,VIP(4yr+),5,1,68.89402985074626,11.65,0,2
Female,No,Yes,No,65,Yes,No,DSL,No,No,No,Yes,Yes,No,Two year,Yes,Credit card (automatic),59.8,3808.2,0,VIP(4yr+),3,1,58.58769230769231,14.95,0,2
Female,No,Yes,Yes,56,Yes,Yes,Fiber optic,No,No,Yes,No,Yes,Yes,One year,Yes,Credit card (automatic),99.8,5515.45,0,VIP(4yr+),5,1,98.49017857142857,16.633333333333333,0,1
Female,No,Yes,No,54,Yes,Yes,DSL,No,No,No,No,Yes,Yes,One year,Yes,Credit card (automatic),70.15,3715.65,1,VIP(4yr+),4,1,68.80833333333334,14.030000000000001,0,1
Female,No,Yes,No,3,Yes,Yes,Fiber optic,No,No,No,No,No,No,Month-to-month,Yes,Credit card (automatic),74.75,229.5,1,New(0-12mo),2,1,76.5,24.916666666666668,1,0
Female,No,No,No,1,Yes,No,Fiber optic,No,No,No,No,No,No,Month-to-month,Yes,Electronic check,70.1,70.1,1,New(0-12mo),1,1,70.1,35.05,1,0
Female,No,Yes,Yes,55,Yes,Yes,Fiber optic,Yes,No,No,No,Yes,Yes,One year,No,Mailed check,100.9,5448.6,0,VIP(4yr+),5,1,99.06545454545456,16.816666666666666,0,1
Female,No,Yes,No,57,Yes,Yes,DSL,No,Yes,Yes,Yes,Yes,No,One year,No,Bank transfer (automatic),74.6,4368.95,0,VIP(4yr+),6,1,76.64824561403509,10.657142857142857,0,1
Female,No,Yes,No,72,Yes,Yes,Fiber optic,Yes,Yes,No,No,No,Yes,Two year,Yes,Credit card (automatic),94.45,6921.7,0,VIP(4yr+),5,1,96.13472222222222,15.741666666666667,0,2
Female,No,No,No,5,Yes,No,Fiber optic,No,No,No,No,No,Yes,Month-to-month,Yes,Electronic check,80.0,412.5,1,New(0-12mo),2,1,82.5,26.666666666666668,1,0
Female,No,No,No,41,Yes,No,No,No internet service,No internet service,No internet service,No internet service,No internet service,No internet service,One year,Yes,Mailed check,19.75,806.95,0,Loyal(2-4yr),1,0,19.681707317073172,9.875,0,1
Female,Yes,Yes,No,1,Yes,No,DSL,Yes,No,No,No,No,No,Month-to-month,Yes,Electronic check,49.55,49.55,1,New(0-12mo),2,1,49.55,16.516666666666666,1,0
Male,No,Yes,Yes,67,No,No phone service,DSL,Yes,No,No,No,Yes,Yes,Two year,No,Credit card (automatic),50.9,3281.65,0,VIP(4yr+),3,1,48.97985074626866,12.725,0,2
Male,No,Yes,No,53,Yes,Yes,DSL,Yes,No,Yes,Yes,Yes,No,One year,No,Bank transfer (automatic),77.4,4155.95,0,VIP(4yr+),6,1,78.41415094339622,11.057142857142859,0,1
Male,No,Yes,Yes,16,Yes,No,DSL,Yes,No,Yes,No,Yes,No,Two year,No,Mailed check,64.25,1024.0,0,Established(1-2yr),4,1,64.0,12.85,0,2
Female,No,No,No,61,Yes,Yes,Fiber optic,No,No,Yes,No,No,Yes,Month-to-month,No,Mailed check,89.2,5500.6,0,VIP(4yr+),4,1,90.17377049180328,17.84,1,0
Female,No,No,No,1,No,No phone service,DSL,No,No,No,No,No,No,Month-to-month,Yes,Mailed check,24.9,24.9,0,New(0-12mo),0,1,24.9,24.9,1,0
Male,No,Yes,Yes,33,Yes,No,DSL,No,No,Yes,Yes,Yes,Yes,One year,Yes,Mailed check,73.9,2405.05,1,Loyal(2-4yr),5,1,72.88030303030304,12.316666666666668,0,1
Male,No,No,No,34,Yes,Yes,Fiber optic,Yes,Yes,Yes,Yes,Yes,Yes,One year,No,Credit card (automatic),116.25,3899.05,0,Loyal(2-4yr),8,1,114.6779411764706,12.916666666666666,0,1
Female,No,Yes,No,43,Yes,Yes,DSL,No,No,No,Yes,Yes,No,One year,Yes,Bank transfer (automatic),64.85,2908.2,0,Loyal(2-4yr),4,1,67.63255813953488,12.969999999999999,0,1
Female,No,No,No,10,Yes,Yes,Fiber optic,No,Yes,No,No,No,No,Month-to-month,Yes,Bank transfer (automatic),80.05,830.7,1,New(0-12mo),3,1,83.07000000000001,20.0125,1,0
Male,No,Yes,No,29,Yes,Yes,Fiber optic,No,Yes,No,No,No,No,Month-to-month,Yes,Bank transfer (automatic),80.15,2265.25,1,Loyal(2-4yr),3,1,78.11206896551724,20.0375,1,0
Female,No,Yes,Yes,24,No,No phone service,DSL,Yes,Yes,Yes,Yes,No,Yes,Two year,Yes,Mailed check,52.5,1208.15,0,Established(1-2yr),5,1,50.33958333333334,8.75,0,2
Female,No,Yes,Yes,69,Yes,No,DSL,No,Yes,Yes,Yes,No,No,One year,No,Bank transfer (automatic),59.1,4134.7,0,VIP(4yr+),4,1,59.9231884057971,11.82,0,1
Male,Yes,Yes,No,34,Yes,No,Fiber optic,No,No,No,No,No,No,Month-to-month,No,Credit card (automatic),71.55,2427.35,0,Loyal(2-4yr),1,1,71.39264705882353,35.775,1,0
Female,No,No,No,24,Yes,No,No,No internet service,No internet service,No internet service,No internet service,No internet service,No internet service,Two year,Yes,Bank transfer (automatic),19.55,470.2,0,Established(1-2yr),1,0,19.591666666666665,9.775,0,2
Female,No,No,No,2,Yes,No,No,No internet service,No internet service,No internet service,No internet service,No internet service,No internet service,Month-to-month,No,Credit card (automatic),20.35,35.1,0,New(0-12mo),1,0,17.55,10.175,1,0
Female,No,Yes,No,12,Yes,No,DSL,No,Yes,No,No,No,No,Month-to-month,Yes,Electronic check,51.25,612.1,0,New(0-12mo),2,1,51.00833333333333,17.083333333333332,1,0
Male,No,No,No,2,Yes,No,Fiber optic,No,No,Yes,No,No,Yes,Month-to-month,Yes,Electronic check,85.85,167.3,1,New(0-12mo),3,1,83.65,21.4625,1,0
Female,No,Yes,Yes,56,Yes,No,No,No internet service,No internet service,No internet service,No internet service,No internet service,No internet service,Two year,Yes,Credit card (automatic),19.8,1119.9,0,VIP(4yr+),1,0,19.998214285714287,9.9,0,2
Female,No,No,No,39,Yes,No,Fiber optic,No,No,Yes,Yes,No,No,Two year,Yes,Electronic check,80.45,3201.55,1,Loyal(2-4yr),3,1,82.09102564102565,20.1125,0,2
Male,No,Yes,Yes,24,Yes,No,No,No internet service,No internet service,No internet service,No internet service,No internet service,No internet service,One year,No,Mailed check,20.25,439.75,0,Established(1-2yr),1,0,18.322916666666668,10.125,0,1
Male,No,No,No,20,Yes,Yes,DSL,No,Yes,No,Yes,Yes,No,One year,Yes,Electronic check,68.7,1416.2,0,Established(1-2yr),5,1,70.81,11.450000000000001,0,1
Female,No,No,No,5,Yes,No,DSL,Yes,No,Yes,No,No,No,Month-to-month,No,Credit card (automatic),55.8,300.4,0,New(0-12mo),3,1,60.08,13.95,1,0
Male,No,No,No,1,Yes,No,No,No internet service,No internet service,No internet service,No internet service,No internet service,No internet service,Month-to-month,Yes,Mailed check,20.1,20.1,1,New(0-12mo),1,0,20.1,10.05,1,0
Male,Yes,No,No,32,Yes,Yes,Fiber optic,No,No,Yes,No,No,No,Month-to-month,Yes,Credit card (automatic),81.1,2619.25,0,Loyal(2-4yr),3,1,81.8515625,20.275,1,0
Male,No,Yes,Yes,27,Yes,Yes,DSL,No,No,No,Yes,Yes,Yes,Month-to-month,No,Bank transfer (automatic),71.6,1957.1,0,Loyal(2-4yr),5,1,72.48518518518519,11.933333333333332,1,0
Male,No,No,No,22,Yes,No,No,No internet service,No internet service,No internet service,No internet service,No internet service,No internet service,One year,No,Credit card (automatic),20.3,467.15,0,Established(1-2yr),1,0,21.23409090909091,10.15,0,1
Male,Yes,Yes,Yes,41,Yes,Yes,Fiber optic,No,Yes,Yes,Yes,Yes,Yes,One year,Yes,Electronic check,111.95,4534.9,1,Loyal(2-4yr),7,1,110.60731707317072,13.99375,0,1
Male,Yes,Yes,No,9,Yes,No,No,No internet service,No internet service,No internet service,No internet service,No internet service,No internet service,Month-to-month,Yes,Mailed check,21.25,204.55,0,New(0-12mo),1,0,22.727777777777778,10.625,1,0
Female,No,No,No,2,Yes,No,DSL,No,No,No,No,No,No,Month-to-month,Yes,Mailed check,45.85,105.6,0,New(0-12mo),1,1,52.8,22.925,1,0
Female,No,Yes,No,26,Yes,No,DSL,No,Yes,Yes,No,Yes,Yes,Two year,Yes,Credit card (automatic),73.5,1905.7,0,Loyal(2-4yr),5,1,73.29615384615384,12.25,0,2
Female,No,No,No,35,Yes,Yes,Fiber optic,No,No,Yes,No,Yes,Yes,Month-to-month,Yes,Electronic check,100.25,3527.6,1,Loyal(2-4yr),5,1,100.78857142857143,16.708333333333332,1,0
Male,No,Yes,Yes,69,Yes,No,DSL,Yes,Yes,Yes,Yes,Yes,No,Two year,Yes,Bank transfer (automatic),75.75,5388.15,0,VIP(4yr+),6,1,78.0891304347826,10.821428571428571,0,2
Male,No,No,No,12,Yes,Yes,Fiber optic,No,No,No,Yes,Yes,Yes,Month-to-month,Yes,Mailed check,99.95,1132.75,1,New(0-12mo),5,1,94.39583333333333,16.658333333333335,1,0
Male,No,Yes,Yes,54,Yes,Yes,DSL,Yes,Yes,No,Yes,No,No,Two year,Yes,Credit card (automatic),65.65,3566.7,0,VIP(4yr+),5,1,66.05,10.941666666666668,0,2
Female,No,Yes,No,33,Yes,Yes,Fiber optic,No,No,Yes,Yes,No,Yes,Month-to-month,Yes,Credit card (automatic),95.0,3008.15,0,Loyal(2-4yr),5,1,91.1560606060606,15.833333333333334,1,0
Male,No,Yes,No,2,Yes,No,Fiber optic,No,No,No,Yes,Yes,Yes,Month-to-month,Yes,Electronic check,94.2,167.5,1,New(0-12mo),4,1,83.75,18.84,1,0
Male,Yes,No,No,63,Yes,Yes,Fiber optic,Yes,Yes,Yes,No,Yes,Yes,Month-to-month,Yes,Bank transfer (automatic),109.4,7031.45,0,VIP(4yr+),7,1,111.61031746031746,13.675,1,0
Female,No,No,No,8,Yes,No,Fiber optic,No,Yes,No,No,No,No,Month-to-month,No,Electronic check,75.6,535.55,0,New(0-12mo),2,1,66.94375,25.2,1,0
Female,No,No,No,2,Yes,No,No,No internet service,No internet service,No internet service,No internet service,No internet service,No internet service,Month-to-month,Yes,Bank transfer (automatic),20.7,39.85,0,New(0-12mo),1,0,19.925,10.35,1,0
Male,No,No,No,54,Yes,No,DSL,Yes,Yes,No,Yes,Yes,No,Month-to-month,Yes,Mailed check,69.9,3883.3,0,VIP(4yr+),5,1,71.91296296296296,11.65,1,0
Female,No,Yes,Yes,4,Yes,No,DSL,Yes,No,No,No,No,No,Month-to-month,No,Electronic check,50.3,217.1,0,New(0-12mo),2,1,54.275,16.766666666666666,1,0
Female,Yes,No,No,72,Yes,Yes,Fiber optic,No,Yes,Yes,Yes,Yes,Yes,Two year,No,Electronic check,111.65,7943.45,0,VIP(4yr+),7,1,110.32569444444444,13.95625,0,2
Male,No,No,No,1,Yes,No,No,No internet service,No internet service,No internet service,No internet service,No internet service,No internet service,Month-to-month,No,Mailed check,19.55,19.55,0,New(0-12mo),1,0,19.55,9.775,1,0
Female,Yes,No,No,35,Yes,Yes,Fiber optic,Yes,No,No,No,Yes,Yes,Month-to-month,Yes,Electronic check,99.05,3554.6,0,Loyal(2-4yr),5,1,101.56,16.508333333333333,1,0
Female,No,No,No,3,Yes,Yes,Fiber optic,No,No,No,No,No,No,Month-to-month,Yes,Electronic check,74.25,210.3,1,New(0-12mo),2,1,70.10000000000001,24.75,1,0
Female,No,No,No,17,Yes,Yes,Fiber optic,No,No,Yes,No,No,No,Month-to-month,No,Bank transfer (automatic),80.05,1345.65,0,Established(1-2yr),3,1,79.15588235294118,20.0125,1,0
Male,Yes,Yes,No,29,Yes,Yes,Fiber optic,No,No,No,No,Yes,Yes,Month-to-month,Yes,Electronic check,94.45,2653.65,1,Loyal(2-4yr),4,1,91.5051724137931,18.89,1,0
Female,Yes,No,No,43,Yes,Yes,Fiber optic,No,Yes,No,No,Yes,No,Month-to-month,Yes,Electronic check,90.25,3838.75,0,Loyal(2-4yr),4,1,89.27325581395348,18.05,1,0
Male,No,No,No,20,Yes,No,No,No internet service,No internet service,No internet service,No internet service,No internet service,No internet service,One year,Yes,Mailed check,19.7,415.9,0,Established(1-2yr),1,0,20.794999999999998,9.85,0,1
Male,No,No,No,17,Yes,No,Fiber optic,No,Yes,Yes,No,No,Yes,Month-to-month,Yes,Credit card (automatic),90.95,1612.2,0,Established(1-2yr),4,1,94.83529411764707,18.19,1,0
Female,No,Yes,Yes,71,Yes,No,No,No internet service,No internet service,No internet service,No internet service,No internet service,No internet service,Two year,No,Credit card (automatic),19.9,1397.3,0,VIP(4yr+),1,0,19.680281690140845,9.95,0,2
Female,No,Yes,Yes,57,Yes,No,Fiber optic,No,Yes,No,No,Yes,Yes,One year,Yes,Electronic check,95.0,5535.8,0,VIP(4yr+),4,1,97.11929824561403,19.0,0,1
Female,No,Yes,Yes,22,Yes,No,No,No internet service,No internet service,No internet service,No internet service,No internet service,No internet service,Month-to-month,No,Mailed check,19.9,400.3,0,Established(1-2yr),1,0,18.195454545454545,9.95,1,0
Female,No,No,No,9,Yes,No,Fiber optic,No,No,No,No,No,Yes,Month-to-month,Yes,Electronic check,79.55,723.4,1,New(0-12mo),2,1,80.37777777777778,26.516666666666666,1,0
Male,Yes,Yes,No,1,Yes,Yes,Fiber optic,No,No,No,No,No,No,Month-to-month,Yes,Electronic check,74.4,74.4,1,New(0-12mo),2,1,74.4,24.8,1,0
Female,No,No,No,15,Yes,No,No,No internet service,No internet service,No internet service,No internet service,No internet service,No internet service,Month-to-month,No,Mailed check,19.9,320.45,0,Established(1-2yr),1,0,21.363333333333333,9.95,1,0
Female,No,No,No,3,Yes,Yes,DSL,No,No,No,No,Yes,No,Month-to-month,Yes,Electronic check,60.25,170.5,0,New(0-12mo),3,1,56.833333333333336,15.0625,1,0
Male,Yes,No,No,4,Yes,No,Fiber optic,No,No,No,No,No,No,Month-to-month,Yes,Electronic check,70.65,293.85,0,New(0-12mo),1,1,73.4625,35.325,1,0
Male,No,No,No,37,Yes,Yes,DSL,Yes,Yes,Yes,Yes,Yes,Yes,One year,Yes,Bank transfer (automatic),90.6,3358.65,0,Loyal(2-4yr),8,1,90.77432432432433,10.066666666666666,0,1
Female,Yes,Yes,No,12,Yes,Yes,Fiber optic,No,Yes,Yes,No,Yes,No,Month-to-month,Yes,Electronic check,98.1,1060.2,1,New(0-12mo),5,1,88.35000000000001,16.349999999999998,1,0
Female,No,Yes,Yes,71,Yes,Yes,Fiber optic,Yes,Yes,Yes,Yes,Yes,Yes,Two year,No,Bank transfer (automatic),114.6,8100.25,0,VIP(4yr+),8,1,114.08802816901408,12.733333333333333,0,2
Male,No,No,Yes,30,No,No phone service,DSL,No,No,No,No,Yes,Yes,Month-to-month,Yes,Electronic check,44.5,1307.8,0,Loyal(2-4yr),2,1,43.593333333333334,14.833333333333334,1,0
Male,No,Yes,No,35,Yes,Yes,Fiber optic,No,No,No,No,No,No,Month-to-month,Yes,Electronic check,75.2,2576.2,1,Loyal(2-4yr),2,1,73.60571428571428,25.066666666666666,1,0
Male,No,No,No,22,Yes,Yes,Fiber optic,No,Yes,No,No,No,No,Month-to-month,Yes,Electronic check,79.35,1730.35,1,Established(1-2yr),3,1,78.65227272727272,19.8375,1,0
Male,No,Yes,No,30,Yes,No,No,No internet service,No internet service,No internet service,No internet service,No internet service,No internet service,Two year,No,Mailed check,19.05,637.55,0,Loyal(2-4yr),1,0,21.251666666666665,9.525,0,2
Female,No,No,No,4,No,No phone service,DSL,Yes,No,Yes,Yes,No,Yes,Month-to-month,No,Mailed check,48.25,202.25,0,New(0-12mo),4,1,50.5625,9.65,1,0
Male,Yes,No,No,4,Yes,No,Fiber optic,No,No,No,No,No,No,Month-to-month,No,Electronic check,69.35,261.65,0,New(0-12mo),1,1,65.4125,34.675,1,0
Male,No,Yes,Yes,1,Yes,No,No,No internet service,No internet service,No internet service,No internet service,No internet service,No internet service,One year,No,Mailed check,19.65,19.65,0,New(0-12mo),1,0,19.65,9.825,0,1
Male,Yes,No,No,15,Yes,Yes,Fiber optic,No,No,No,No,No,No,Month-to-month,No,Electronic check,75.65,1146.65,1,Established(1-2yr),2,1,76.44333333333334,25.21666666666667,1,0
Male,No,No,No,33,Yes,No,Fiber optic,No,Yes,No,Yes,No,No,Two year,No,Bank transfer (automatic),80.6,2651.1,0,Loyal(2-4yr),3,1,80.33636363636363,20.15,0,2
Female,No,No,No,20,Yes,No,Fiber optic,Yes,No,Yes,No,Yes,No,Month-to-month,Yes,Bank transfer (automatic),89.4,1871.15,0,Established(1-2yr),4,1,93.5575,17.880000000000003,1,0
Female,No,No,No,1,Yes,No,Fiber optic,No,No,No,No,No,No,Month-to-month,No,Electronic check,70.1,70.1,0,New(0-12mo),1,1,70.1,35.05,1,0
Female,No,Yes,Yes,67,Yes,Yes,Fiber optic,No,No,Yes,Yes,Yes,Yes,Two year,Yes,Bank transfer (automatic),105.65,6717.9,0,VIP(4yr+),6,1,100.26716417910447,15.092857142857143,0,2
Male,Yes,Yes,No,7,Yes,Yes,Fiber optic,No,No,Yes,No,Yes,Yes,Month-to-month,Yes,Electronic check,101.95,700.85,1,New(0-12mo),5,1,100.12142857142858,16.991666666666667,1,0
Male,No,Yes,Yes,28,Yes,No,Fiber optic,No,Yes,Yes,Yes,Yes,No,One year,No,Bank transfer (automatic),92.9,2768.35,0,Loyal(2-4yr),5,1,98.86964285714285,15.483333333333334,0,1
Female,No,Yes,No,63,Yes,Yes,DSL,Yes,Yes,No,No,Yes,Yes,One year,Yes,Credit card (automatic),79.7,4786.15,0,VIP(4yr+),6,1,75.97063492063492,11.385714285714286,0,1
Male,No,No,No,10,No,No phone service,DSL,No,No,No,No,No,Yes,Month-to-month,Yes,Mailed check,33.9,298.45,1,New(0-12mo),1,1,29.845,16.95,1,0
Female,No,No,No,27,Yes,No,DSL,No,Yes,Yes,Yes,Yes,Yes,One year,No,Mailed check,78.2,2078.95,0,Loyal(2-4yr),6,1,76.99814814814815,11.171428571428573,0,1
Female,No,No,No,35,No,No phone service,DSL,No,No,No,No,No,No,Month-to-month,No,Electronic check,24.15,812.5,0,Loyal(2-4yr),0,1,23.214285714285715,24.15,1,0
Male,No,No,No,44,Yes,No,Fiber optic,No,Yes,No,Yes,Yes,Yes,Month-to-month,No,Electronic check,100.55,4398.15,1,Loyal(2-4yr),5,1,99.95795454545454,16.758333333333333,1,0
Female,No,Yes,Yes,72,Yes,No,DSL,Yes,Yes,Yes,Yes,Yes,Yes,Two year,No,Bank transfer (automatic),85.3,6129.2,0,VIP(4yr+),7,1,85.12777777777778,10.6625,0,2
Female,No,Yes,No,72,Yes,Yes,No,No internet service,No internet service,No internet service,No internet service,No internet service,No internet service,Two year,Yes,Bank transfer (automatic),25.25,1841.2,0,VIP(4yr+),2,0,25.572222222222223,8.416666666666666,0,2
Female,No,No,No,1,Yes,No,Fiber optic,No,No,No,No,No,No,Month-to-month,Yes,Electronic check,69.5,69.5,1,New(0-12mo),1,1,69.5,34.75,1,0
Male,No,Yes,Yes,23,Yes,Yes,No,No internet service,No internet service,No internet service,No internet service,No internet service,No internet service,One year,No,Mailed check,24.35,538.5,0,Established(1-2yr),2,0,23.41304347826087,8.116666666666667,0,1
Male,Yes,No,No,3,Yes,Yes,Fiber optic,No,Yes,Yes,No,Yes,Yes,Month-to-month,Yes,Electronic check,105.0,294.45,1,New(0-12mo),6,1,98.14999999999999,15.0,1,0
Female,No,No,No,18,Yes,No,Fiber optic,No,No,No,No,No,No,Month-to-month,Yes,Electronic check,71.1,1247.75,0,Established(1-2yr),1,1,69.31944444444444,35.55,1,0
Female,No,No,No,14,Yes,Yes,Fiber optic,No,No,Yes,No,No,No,Month-to-month,Yes,Electronic check,80.45,1072.0,1,Established(1-2yr),3,1,76.57142857142857,20.1125,1,0
Female,Yes,Yes,No,31,Yes,Yes,Fiber optic,No,No,No,No,No,Yes,Month-to-month,Yes,Electronic check,84.85,2633.4,0,Loyal(2-4yr),3,1,84.9483870967742,21.2125,1,0
Female,No,Yes,No,37,No,No phone service,DSL,Yes,No,No,Yes,Yes,No,Two year,No,Electronic check,45.4,1593.1,0,Loyal(2-4yr),3,1,43.056756756756755,11.35,0,2
Male,Yes,Yes,No,72,No,No phone service,DSL,Yes,Yes,Yes,Yes,Yes,Yes,Two year,Yes,Credit card (automatic),64.95,4546.0,0,VIP(4yr+),6,1,63.138888888888886,9.278571428571428,0,2
Female,No,No,No,33,Yes,Yes,Fiber optic,Yes,No,No,No,No,Yes,Month-to-month,Yes,Electronic check,90.65,2989.6,0,Loyal(2-4yr),4,1,90.5939393939394,18.130000000000003,1,0
Male,No,No,No,15,Yes,Yes,Fiber optic,No,No,No,No,Yes,Yes,Month-to-month,Yes,Electronic check,93.35,1444.65,1,Established(1-2yr),4,1,96.31,18.669999999999998,1,0
Female,No,Yes,Yes,59,Yes,Yes,DSL,Yes,Yes,Yes,Yes,Yes,Yes,Two year,No,Credit card (automatic),90.3,5194.05,0,VIP(4yr+),8,1,88.03474576271186,10.033333333333333,0,2
Female,Yes,No,No,1,No,No phone service,DSL,No,No,No,No,No,No,Month-to-month,No,Electronic check,25.25,25.25,1,New(0-12mo),0,1,25.25,25.25,1,0
Female,No,Yes,Yes,12,Yes,No,No,No internet service,No internet service,No internet service,No internet service,No internet service,No internet service,Month-to-month,Yes,Credit card (automatic),20.1,232.4,0,New(0-12mo),1,0,19.366666666666667,10.05,1,0
Female,No,Yes,No,60,No,No phone service,DSL,Yes,Yes,Yes,No,No,Yes,One year,No,Electronic check,50.05,2911.5,0,VIP(4yr+),4,1,48.525,10.01,0,1
Female,No,Yes,Yes,31,Yes,Yes,Fiber optic,No,Yes,No,No,No,Yes,Month-to-month,Yes,Electronic check,91.15,2995.45,1,Loyal(2-4yr),4,1,96.62741935483871,18.23,1,0
Male,No,Yes,Yes,6,Yes,No,No,No internet service,No internet service,No internet service,No internet service,No internet service,No internet service,Month-to-month,No,Credit card (automatic),19.85,138.85,0,New(0-12mo),1,0,23.141666666666666,9.925,1,0
Male,Yes,Yes,No,64,Yes,Yes,Fiber optic,No,No,Yes,Yes,Yes,Yes,Two year,No,Electronic check,102.1,6538.45,0,VIP(4yr+),6,1,102.16328125,14.585714285714285,0,2
Female,Yes,Yes,No,67,Yes,Yes,Fiber optic,Yes,Yes,No,No,Yes,Yes,One year,Yes,Electronic check,105.6,7112.15,0,VIP(4yr+),6,1,106.15149253731343,15.085714285714285,0,1
Female,No,No,No,52,No,No phone service,DSL,Yes,Yes,No,Yes,No,No,Two year,No,Mailed check,39.1,1982.1,0,VIP(4yr+),3,1,38.11730769230769,9.775,0,2
Male,Yes,Yes,Yes,72,Yes,Yes,Fiber optic,Yes,Yes,Yes,Yes,Yes,Yes,Two year,Yes,Credit card (automatic),115.75,8399.15,0,VIP(4yr+),8,1,116.6548611111111,12.86111111111111,0,2
Female,No,Yes,Yes,71,Yes,Yes,Fiber optic,Yes,Yes,Yes,No,Yes,No,Two year,No,Bank transfer (automatic),100.5,7030.65,0,VIP(4yr+),6,1,99.02323943661972,14.357142857142858,0,2
Female,Yes,No,No,34,Yes,Yes,Fiber optic,No,Yes,No,Yes,Yes,No,Month-to-month,Yes,Electronic check,96.35,3190.25,0,Loyal(2-4yr),5,1,93.83088235294117,16.058333333333334,1,0
Male,No,No,No,10,Yes,Yes,DSL,No,No,No,No,Yes,Yes,Month-to-month,Yes,Credit card (automatic),72.15,794.25,1,New(0-12mo),4,1,79.425,14.430000000000001,1,0
Male,No,No,No,1,Yes,No,DSL,No,No,No,No,No,No,Month-to-month,Yes,Mailed check,45.55,45.55,0,New(0-12mo),1,1,45.55,22.775,1,0
Female,No,No,Yes,62,Yes,Yes,No,No internet service,No internet service,No internet service,No internet service,No internet service,No internet service,Two year,No,Bank transfer (automatic),26.0,1638.7,0,VIP(4yr+),2,0,26.43064516129032,8.666666666666666,0,2
Male,No,Yes,Yes,25,Yes,No,No,No internet service,No internet service,No internet service,No internet service,No internet service,No internet service,One year,No,Electronic check,19.6,411.15,0,Loyal(2-4yr),1,0,16.445999999999998,9.8,0,1
Male,No,Yes,Yes,70,Yes,Yes,DSL,Yes,Yes,Yes,Yes,No,Yes,One year,No,Bank transfer (automatic),78.35,5445.95,0,VIP(4yr+),7,1,77.79928571428572,9.79375,0,1
Female,No,No,No,60,No,No phone service,DSL,Yes,No,Yes,No,Yes,Yes,Two year,No,Electronic check,53.6,3237.05,0,VIP(4yr+),4,1,53.950833333333335,10.72,0,2
Male,No,No,No,57,Yes,No,No,No internet service,No internet service,No internet service,No internet service,No internet service,No internet service,Two year,No,Credit card (automatic),20.55,1252.85,0,VIP(4yr+),1,0,21.979824561403507,10.275,0,2
Female,No,Yes,Yes,45,No,No phone service,DSL,No,Yes,Yes,Yes,No,Yes,One year,No,Bank transfer (automatic),51.0,2264.5,0,Loyal(2-4yr),4,1,50.32222222222222,10.2,0,1
Female,No,No,No,30,Yes,Yes,Fiber optic,No,Yes,No,No,Yes,Yes,Month-to-month,Yes,Electronic check,100.2,2983.8,1,Loyal(2-4yr),5,1,99.46000000000001,16.7,1,0
Female,No,Yes,Yes,41,Yes,No,No,No internet service,No internet service,No internet service,No internet service,No internet service,No internet service,Two year,No,Bank transfer (automatic),19.3,772.4,0,Loyal(2-4yr),1,0,18.839024390243903,9.65,0,2
Female,No,No,No,71,Yes,Yes,Fiber optic,No,Yes,Yes,Yes,Yes,Yes,Two year,Yes,Electronic check,111.25,7984.15,0,VIP(4yr+),7,1,112.45281690140844,13.90625,0,2
Female,No,No,No,60,Yes,No,No,No internet service,No internet service,No internet service,No internet service,No internet service,No internet service,Two year,No,Bank transfer (automatic),19.85,1128.1,0,VIP(4yr+),1,0,18.801666666666666,9.925,0,2
Male,Yes,Yes,No,59,No,No phone service,DSL,No,Yes,No,No,Yes,Yes,Month-to-month,Yes,Electronic check,50.25,2997.45,0,VIP(4yr+),3,1,50.80423728813559,12.5625,1,0
Female,No,No,No,29,No,No phone service,DSL,Yes,Yes,No,Yes,No,No,One year,No,Credit card (automatic),39.5,1082.75,0,Loyal(2-4yr),3,1,37.33620689655172,9.875,0,1
Male,No,Yes,Yes,71,Yes,No,Fiber optic,Yes,Yes,Yes,No,Yes,Yes,One year,Yes,Bank transfer (automatic),104.65,7288.4,0,VIP(4yr+),6,1,102.65352112676055,14.950000000000001,0,1
Male,No,No,No,53,Yes,Yes,No,No internet service,No internet service,No internet service,No internet service,No internet service,No internet service,Two year,No,Mailed check,24.6,1279.0,0,VIP(4yr+),2,0,24.132075471698112,8.200000000000001,0,2
Female,No,No,No,1,No,No phone service,DSL,No,No,Yes,Yes,No,No,Month-to-month,No,Mailed check,35.9,35.9,0,New(0-12mo),2,1,35.9,11.966666666666667,1,0
Male,Yes,No,No,50,Yes,Yes,Fiber optic,No,No,No,No,Yes,Yes,Month-to-month,Yes,Electronic check,95.7,4816.7,1,VIP(4yr+),4,1,96.334,19.14,1,0
Female,No,No,No,63,Yes,Yes,Fiber optic,Yes,Yes,Yes,No,Yes,Yes,Month-to-month,No,Credit card (automatic),108.25,6780.1,0,VIP(4yr+),7,1,107.62063492063493,13.53125,1,0
Female,No,No,Yes,1,Yes,No,Fiber optic,No,No,No,No,Yes,No,Month-to-month,Yes,Electronic check,79.35,79.35,1,New(0-12mo),2,1,79.35,26.45,1,0
Male,No,No,No,63,Yes,Yes,Fiber optic,Yes,Yes,Yes,Yes,Yes,No,One year,No,Credit card (automatic),104.5,6590.8,0,VIP(4yr+),7,1,104.61587301587302,13.0625,0,1
Male,No,No,No,20,Yes,No,Fiber optic,Yes,Yes,Yes,Yes,Yes,Yes,Month-to-month,Yes,Bank transfer (automatic),108.2,2203.7,0,Established(1-2yr),7,1,110.18499999999999,13.525,1,0
Male,No,No,No,64,Yes,Yes,Fiber optic,No,Yes,No,Yes,Yes,Yes,One year,Yes,Credit card (automatic),105.65,6903.1,1,VIP(4yr+),6,1,107.8609375,15.092857142857143,0,1
Male,No,No,No,58,Yes,No,No,No internet service,No internet service,No internet service,No internet service,No internet service,No internet service,Two year,Yes,Bank transfer (automatic),19.15,1035.5,0,VIP(4yr+),1,0,17.853448275862068,9.575,0,2
Female,No,Yes,Yes,14,Yes,No,No,No internet service,No internet service,No internet service,No internet service,No internet service,No internet service,Two year,Yes,Mailed check,19.7,263.65,0,Established(1-2yr),1,0,18.832142857142856,9.85,0,2
Female,No,Yes,Yes,67,No,No phone service,DSL,Yes,Yes,No,No,No,No,Two year,No,Bank transfer (automatic),36.15,2434.45,0,VIP(4yr+),2,1,36.33507462686567,12.049999999999999,0,2
Female,No,Yes,Yes,25,Yes,Yes,Fiber optic,No,No,Yes,No,No,Yes,Month-to-month,Yes,Electronic check,89.1,2368.4,1,Loyal(2-4yr),4,1,94.736,17.82,1,0
Male,No,No,No,2,Yes,No,No,No internet service,No internet service,No internet service,No internet service,No internet service,No internet service,One year,No,Mailed check,19.95,47.7,0,New(0-12mo),1,0,23.85,9.975,0,1
Male,No,Yes,Yes,58,Yes,Yes,Fiber optic,No,No,Yes,Yes,No,Yes,Two year,No,Bank transfer (automatic),94.35,5563.65,0,VIP(4yr+),5,1,95.925,15.725,0,2
Female,No,Yes,Yes,70,Yes,Yes,Fiber optic,Yes,Yes,Yes,Yes,No,No,Two year,No,Bank transfer (automatic),93.9,6579.05,1,VIP(4yr+),6,1,93.98642857142858,13.414285714285715,0,2
Female,Yes,No,No,71,Yes,Yes,Fiber optic,No,Yes,No,No,Yes,Yes,Month-to-month,Yes,Credit card (automatic),99.65,6951.15,0,VIP(4yr+),5,1,97.90352112676055,16.608333333333334,1,0
Female,No,No,No,22,Yes,No,DSL,No,Yes,Yes,No,Yes,No,One year,No,Bank transfer (automatic),65.25,1441.8,0,Established(1-2yr),4,1,65.53636363636363,13.05,0,1
Male,No,Yes,Yes,61,Yes,No,No,No internet service,No internet service,No internet service,No internet service,No internet service,No internet service,Two year,No,Credit card (automatic),20.55,1305.95,0,VIP(4yr+),1,0,21.409016393442624,10.275,0,2
Male,No,No,No,35,Yes,Yes,Fiber optic,Yes,No,Yes,Yes,Yes,Yes,Two year,Yes,Electronic check,108.95,4025.5,0,Loyal(2-4yr),7,1,115.01428571428572,13.61875,0,2
Female,No,No,No,7,Yes,No,DSL,No,No,No,Yes,Yes,Yes,Month-to-month,Yes,Credit card (automatic),70.75,450.8,1,New(0-12mo),4,1,64.4,14.15,1,0
Female,No,Yes,Yes,72,Yes,No,No,No internet service,No internet service,No internet service,No internet service,No internet service,No internet service,Two year,No,Bank transfer (automatic),19.55,1463.45,0,VIP(4yr+),1,0,20.325694444444444,9.775,0,2
Male,No,No,No,50,Yes,No,Fiber optic,Yes,Yes,Yes,Yes,No,No,One year,Yes,Credit card (automatic),90.1,4549.45,0,VIP(4yr+),5,1,90.98899999999999,15.016666666666666,0,1
Male,No,No,No,22,Yes,No,No,No internet service,No internet service,No internet service,No internet service,No internet service,No internet service,One year,No,Mailed check,20.3,475.1,0,Established(1-2yr),1,0,21.595454545454547,10.15,0,1
Female,No,No,No,15,Yes,No,DSL,No,Yes,No,No,No,No,Month-to-month,No,Electronic check,48.85,736.8,0,Established(1-2yr),2,1,49.12,16.283333333333335,1,0
Male,No,No,No,1,Yes,Yes,Fiber optic,No,No,No,No,No,No,Month-to-month,Yes,Electronic check,74.9,74.9,1,New(0-12mo),2,1,74.9,24.96666666666667,1,0
Female,No,Yes,No,71,Yes,Yes,DSL,Yes,Yes,Yes,Yes,Yes,Yes,Two year,No,Electronic check,90.1,6310.9,0,VIP(4yr+),8,1,88.88591549295774,10.011111111111111,0,2
Male,No,No,No,51,Yes,Yes,Fiber optic,No,No,Yes,No,No,No,Month-to-month,No,Credit card (automatic),80.0,4242.35,1,VIP(4yr+),3,1,83.18333333333334,20.0,1,0
Female,No,No,No,7,Yes,Yes,DSL,Yes,No,No,No,No,No,Month-to-month,Yes,Electronic check,53.65,404.35,0,New(0-12mo),3,1,57.76428571428572,13.4125,1,0
Female,No,Yes,No,72,Yes,Yes,DSL,Yes,Yes,No,Yes,No,No,Two year,No,Bank transfer (automatic),64.75,4804.75,0,VIP(4yr+),5,1,66.73263888888889,10.791666666666666,0,2
Female,Yes,Yes,No,37,Yes,No,No,No internet service,No internet service,No internet service,No internet service,No internet service,No internet service,One year,No,Mailed check,19.6,727.8,0,Loyal(2-4yr),1,0,19.67027027027027,9.8,0,1
Male,No,No,No,1,Yes,No,No,No internet service,No internet service,No internet service,No internet service,No internet service,No internet service,Month-to-month,No,Mailed check,20.5,20.5,1,New(0-12mo),1,0,20.5,10.25,1,0
Male,No,No,No,46,No,No phone service,DSL,No,No,Yes,Yes,No,No,One year,No,Credit card (automatic),33.7,1537.85,0,Loyal(2-4yr),2,1,33.43152173913043,11.233333333333334,0,1
Female,Yes,Yes,No,65,Yes,No,Fiber optic,Yes,Yes,Yes,No,No,Yes,Month-to-month,No,Electronic check,94.4,6126.15,0,VIP(4yr+),5,1,94.24846153846153,15.733333333333334,1,0
Female,No,No,No,15,Yes,Yes,DSL,Yes,No,No,No,No,Yes,Month-to-month,Yes,Bank transfer (automatic),64.65,994.55,1,Established(1-2yr),4,1,66.30333333333333,12.930000000000001,1,0
Female,No,Yes,Yes,40,Yes,Yes,Fiber optic,No,No,Yes,Yes,No,No,Month-to-month,Yes,Electronic check,84.85,3303.05,1,Loyal(2-4yr),4,1,82.57625,16.97,1,0
Male,Yes,Yes,Yes,60,Yes,Yes,Fiber optic,Yes,No,No,No,No,No,Month-to-month,Yes,Electronic check,80.95,4859.1,0,VIP(4yr+),3,1,80.985,20.2375,1,0
Male,No,No,No,14,Yes,Yes,No,No internet service,No internet service,No internet service,No internet service,No internet service,No internet service,One year,Yes,Credit card (automatic),24.8,321.7,0,Established(1-2yr),2,0,22.978571428571428,8.266666666666667,0,1
Male,Yes,No,No,24,Yes,Yes,Fiber optic,No,Yes,No,No,No,No,Month-to-month,Yes,Electronic check,80.5,2088.45,0,Established(1-2yr),3,1,87.01875,20.125,1,0
Male,No,Yes,Yes,61,Yes,No,DSL,Yes,Yes,Yes,Yes,Yes,Yes,One year,No,Bank transfer (automatic),84.9,5264.5,0,VIP(4yr+),7,1,86.30327868852459,10.6125,0,1
Female,Yes,Yes,No,56,Yes,Yes,Fiber optic,No,No,Yes,No,Yes,Yes,Month-to-month,Yes,Bank transfer (automatic),100.65,5688.05,1,VIP(4yr+),5,1,101.57232142857143,16.775000000000002,1,0
Female,No,Yes,Yes,30,Yes,No,No,No internet service,No internet service,No internet service,No internet service,No internet service,No internet service,One year,No,Bank transfer (automatic),19.55,608.5,0,Loyal(2-4yr),1,0,20.283333333333335,9.775,0,1
Female,No,Yes,Yes,2,No,No phone service,DSL,No,No,No,Yes,No,No,Month-to-month,No,Bank transfer (automatic),29.05,44.75,0,New(0-12mo),1,1,22.375,14.525,1,0
Female,No,Yes,No,57,Yes,No,No,No internet service,No internet service,No internet service,No internet service,No internet service,No internet service,Two year,No,Bank transfer (automatic),19.9,1115.6,0,VIP(4yr+),1,0,19.5719298245614,9.95,0,2
Female,No,Yes,Yes,20,Yes,No,No,No internet service,No internet service,No internet service,No internet service,No internet service,No internet service,Month-to-month,No,Mailed check,20.35,442.6,0,Established(1-2yr),1,0,22.130000000000003,10.175,1,0
Male,No,No,No,1,Yes,No,DSL,No,No,No,No,No,Yes,Month-to-month,Yes,Electronic check,55.25,55.25,0,New(0-12mo),2,1,55.25,18.416666666666668,1,0
Female,No,Yes,Yes,64,Yes,Yes,No,No internet service,No internet service,No internet service,No internet service,No internet service,No internet service,One year,No,Mailed check,24.9,1595.5,0,VIP(4yr+),2,0,24.9296875,8.299999999999999,0,1
Male,Yes,No,No,70,No,No phone service,DSL,No,No,No,No,Yes,Yes,One year,Yes,Electronic check,45.25,3264.45,1,VIP(4yr+),2,1,46.635,15.083333333333334,0,1
Male,Yes,Yes,No,41,Yes,No,Fiber optic,No,Yes,No,No,Yes,Yes,Month-to-month,Yes,Electronic check,94.55,3851.45,0,Loyal(2-4yr),4,1,93.93780487804878,18.91,1,0
Male,No,Yes,Yes,22,Yes,No,No,No internet service,No internet service,No internet service,No internet service,No internet service,No internet service,One year,No,Mailed check,19.95,433.5,0,Established(1-2yr),1,0,19.704545454545453,9.975,0,1
Male,No,No,No,19,Yes,No,No,No internet service,No internet service,No internet service,No internet service,No internet service,No internet service,Two year,No,Mailed check,19.65,358.15,0,Established(1-2yr),1,0,18.849999999999998,9.825,0,2
Female,Yes,No,No,1,Yes,No,Fiber optic,No,No,Yes,No,No,Yes,Month-to-month,Yes,Electronic check,85.0,85.0,1,New(0-12mo),3,1,85.0,21.25,1,0
Male,No,No,No,4,No,No phone service,DSL,No,No,No,Yes,No,Yes,Month-to-month,Yes,Electronic check,40.05,162.45,0,New(0-12mo),2,1,40.6125,13.35,1,0
Male,No,Yes,Yes,71,Yes,Yes,DSL,Yes,Yes,No,Yes,No,No,One year,Yes,Credit card (automatic),66.85,4748.7,0,VIP(4yr+),5,1,66.8830985915493,11.141666666666666,0,1
Male,Yes,No,No,5,Yes,No,No,No internet service,No internet service,No internet service,No internet service,No internet service,No internet service,Month-to-month,No,Bank transfer (automatic),20.05,94.15,0,New(0-12mo),1,0,18.830000000000002,10.025,1,0
Male,No,No,Yes,33,Yes,No,No,No internet service,No internet service,No internet service,No internet service,No internet service,No internet service,One year,Yes,Mailed check,20.15,682.15,0,Loyal(2-4yr),1,0,20.671212121212122,10.075,0,1
Female,No,Yes,Yes,27,Yes,No,Fiber optic,Yes,No,No,No,No,No,Month-to-month,No,Mailed check,74.4,1972.35,0,Loyal(2-4yr),2,1,73.05,24.8,1,0
Female,No,No,No,1,Yes,No,Fiber optic,No,No,Yes,No,Yes,No,Month-to-month,Yes,Electronic check,85.45,85.45,1,New(0-12mo),3,1,85.45,21.3625,1,0
Male,No,Yes,Yes,72,Yes,No,DSL,Yes,No,Yes,Yes,Yes,Yes,Two year,Yes,Electronic check,80.8,5728.55,0,VIP(4yr+),6,1,79.56319444444445,11.542857142857143,0,2
Male,No,Yes,Yes,38,Yes,Yes,Fiber optic,No,No,Yes,Yes,Yes,No,Two year,Yes,Bank transfer (automatic),94.9,3616.25,0,Loyal(2-4yr),5,1,95.16447368421052,15.816666666666668,0,2
Female,No,No,No,6,Yes,No,DSL,Yes,Yes,No,No,No,No,Month-to-month,No,Mailed check,55.15,322.9,0,New(0-12mo),3,1,53.81666666666666,13.7875,1,0
Female,Yes,Yes,No,64,Yes,No,Fiber optic,Yes,Yes,Yes,No,No,Yes,One year,No,Bank transfer (automatic),97.0,6430.9,0,VIP(4yr+),5,1,100.4828125,16.166666666666668,0,1
Male,No,No,No,2,No,No phone service,DSL,No,Yes,Yes,Yes,No,No,Month-to-month,Yes,Credit card (automatic),40.4,77.15,1,New(0-12mo),3,1,38.575,10.1,1,0
Male,Yes,Yes,No,7,No,No phone service,DSL,Yes,No,No,No,No,No,Month-to-month,No,Bank transfer (automatic),29.8,220.45,0,New(0-12mo),1,1,31.49285714285714,14.9,1,0
Male,No,No,No,1,No,No phone service,DSL,No,No,No,No,Yes,Yes,Month-to-month,Yes,Mailed check,45.3,45.3,1,New(0-12mo),2,1,45.3,15.1,1,0
Male,No,No,No,2,Yes,No,No,No internet service,No internet service,No internet service,No internet service,No internet service,No internet service,Month-to-month,Yes,Credit card (automatic),19.9,33.7,0,New(0-12mo),1,0,16.85,9.95,1,0
Female,No,No,No,1,Yes,No,DSL,No,No,No,No,No,No,Month-to-month,No,Mailed check,45.15,45.15,0,New(0-12mo),1,1,45.15,22.575,1,0
Male,Yes,Yes,Yes,11,Yes,Yes,Fiber optic,No,No,No,No,No,No,Month-to-month,Yes,Credit card (automatic),75.2,775.3,0,New(0-12mo),2,1,70.48181818181818,25.066666666666666,1,0
Male,No,Yes,Yes,19,Yes,No,DSL,Yes,No,No,No,No,No,One year,Yes,Bank transfer (automatic),48.95,955.6,0,Established(1-2yr),2,1,50.294736842105266,16.316666666666666,0,1
Female,No,No,No,6,Yes,No,No,No internet service,No internet service,No internet service,No internet service,No internet service,No internet service,Two year,No,Mailed check,19.55,124.45,0,New(0-12mo),1,0,20.741666666666667,9.775,0,2
Female,No,Yes,No,9,Yes,No,Fiber optic,No,No,Yes,No,No,No,Month-to-month,Yes,Bank transfer (automatic),75.75,655.9,1,New(0-12mo),2,1,72.87777777777778,25.25,1,0
Female,No,No,No,1,No,No phone service,DSL,No,No,No,No,Yes,No,Month-to-month,Yes,Electronic check,35.75,35.75,1,New(0-12mo),1,1,35.75,17.875,1,0
Female,No,No,No,62,Yes,Yes,Fiber optic,Yes,Yes,Yes,Yes,Yes,Yes,One year,Yes,Credit card (automatic),115.05,7133.45,0,VIP(4yr+),8,1,115.05564516129031,12.783333333333333,0,1
Male,No,No,Yes,7,Yes,No,No,No internet service,No internet service,No internet service,No internet service,No internet service,No internet service,One year,No,Mailed check,19.45,136.75,0,New(0-12mo),1,0,19.535714285714285,9.725,0,1
Male,No,No,No,13,Yes,No,No,No internet service,No internet service,No internet service,No internet service,No internet service,No internet service,Two year,No,Credit card (automatic),20.0,268.45,0,Established(1-2yr),1,0,20.65,10.0,0,2
Male,No,No,Yes,23,Yes,No,DSL,No,Yes,No,Yes,No,No,Month-to-month,Yes,Bank transfer (automatic),55.3,1284.2,0,Established(1-2yr),3,1,55.834782608695654,13.825,1,0
Female,No,No,No,8,Yes,Yes,Fiber optic,No,No,Yes,No,Yes,Yes,Month-to-month,Yes,Electronic check,99.65,820.5,1,New(0-12mo),5,1,102.5625,16.608333333333334,1,0
Male,No,No,No,8,Yes,Yes,Fiber optic,No,Yes,No,No,Yes,Yes,Month-to-month,No,Electronic check,100.85,819.55,1,New(0-12mo),5,1,102.44375,16.808333333333334,1,0
Female,No,Yes,Yes,4,Yes,No,No,No internet service,No internet service,No internet service,No internet service,No internet service,No internet service,Month-to-month,No,Mailed check,20.35,76.35,1,New(0-12mo),1,0,19.0875,10.175,1,0
Male,No,Yes,No,10,Yes,Yes,Fiber optic,No,No,No,No,Yes,No,Month-to-month,Yes,Electronic check,85.6,813.85,1,New(0-12mo),3,1,81.385,21.4,1,0
Male,No,Yes,Yes,58,Yes,No,Fiber optic,No,Yes,No,No,Yes,Yes,Month-to-month,Yes,Electronic check,92.85,5305.05,0,VIP(4yr+),4,1,91.46637931034483,18.57,1,0
Female,No,Yes,Yes,40,No,No phone service,DSL,No,Yes,No,No,Yes,Yes,Month-to-month,Yes,Electronic check,50.85,2036.55,0,Loyal(2-4yr),3,1,50.91375,12.7125,1,0
Female,No,No,No,8,Yes,Yes,Fiber optic,No,No,No,No,Yes,No,Month-to-month,Yes,Electronic check,87.05,762.1,1,New(0-12mo),3,1,95.2625,21.7625,1,0
Male,No,Yes,No,58,Yes,No,DSL,No,No,Yes,No,No,No,One year,No,Credit card (automatic),50.3,2878.55,0,VIP(4yr+),2,1,49.630172413793105,16.766666666666666,0,1
Female,No,No,No,2,Yes,No,DSL,Yes,No,No,No,Yes,Yes,Month-to-month,Yes,Electronic check,70.75,146.9,1,New(0-12mo),4,1,73.45,14.15,1,0
Female,No,Yes,Yes,62,Yes,No,No,No internet service,No internet service,No internet service,No internet service,No internet service,No internet service,Two year,No,Bank transfer (automatic),20.3,1296.15,0,VIP(4yr+),1,0,20.905645161290323,10.15,0,2
Female,No,Yes,No,22,Yes,No,DSL,No,Yes,Yes,No,No,No,Month-to-month,Yes,Mailed check,54.7,1178.75,0,Established(1-2yr),3,1,53.57954545454545,13.675,1,0
Male,No,Yes,No,68,Yes,No,Fiber optic,No,Yes,No,Yes,Yes,Yes,One year,Yes,Electronic check,100.3,6754.35,0,VIP(4yr+),5,1,99.32867647058823,16.716666666666665,0,1
Female,Yes,Yes,Yes,65,Yes,Yes,Fiber optic,No,No,Yes,Yes,Yes,Yes,One year,Yes,Bank transfer (automatic),103.9,6767.1,0,VIP(4yr+),6,1,104.10923076923078,14.842857142857143,0,1
Female,No,Yes,No,3,Yes,No,No,No internet service,No internet service,No internet service,No internet service,No internet service,No internet service,Month-to-month,Yes,Mailed check,19.9,45.75,0,New(0-12mo),1,0,15.25,9.95,1,0
Female,Yes,Yes,No,37,Yes,No,Fiber optic,No,No,Yes,Yes,Yes,No,Month-to-month,No,Electronic check,90.0,3371.75,0,Loyal(2-4yr),4,1,91.12837837837837,18.0,1,0
Male,Yes,Yes,No,41,Yes,Yes,Fiber optic,Yes,No,Yes,No,No,No,Month-to-month,Yes,Bank transfer (automatic),83.75,3273.55,1,Loyal(2-4yr),4,1,79.84268292682927,16.75,1,0
Male,No,No,Yes,4,Yes,No,DSL,Yes,No,No,No,No,No,Month-to-month,Yes,Electronic check,49.4,184.4,1,New(0-12mo),2,1,46.1,16.466666666666665,1,0
Female,No,No,No,22,Yes,Yes,DSL,Yes,No,No,Yes,No,No,Month-to-month,Yes,Mailed check,59.05,1253.5,0,Established(1-2yr),4,1,56.97727272727273,11.809999999999999,1,0
Male,No,Yes,No,64,Yes,Yes,Fiber optic,No,Yes,No,Yes,Yes,Yes,Two year,Yes,Electronic check,105.25,6823.4,0,VIP(4yr+),6,1,106.615625,15.035714285714286,0,2
Female,No,Yes,Yes,51,No,No phone service,DSL,No,No,Yes,Yes,Yes,Yes,One year,Yes,Electronic check,56.15,2898.95,0,VIP(4yr+),4,1,56.84215686274509,11.23,0,1
Female,No,No,No,2,Yes,No,No,No internet service,No internet service,No internet service,No internet service,No internet service,No internet service,Month-to-month,No,Mailed check,19.4,61.05,0,New(0-12mo),1,0,30.525,9.7,1,0
Female,No,No,No,23,No,No phone service,DSL,No,No,No,No,Yes,Yes,Month-to-month,Yes,Electronic check,44.95,996.85,0,Established(1-2yr),2,1,43.34130434782609,14.983333333333334,1,0
Male,No,No,No,9,Yes,No,DSL,Yes,No,Yes,Yes,No,Yes,Month-to-month,Yes,Bank transfer (automatic),68.25,576.95,0,New(0-12mo),5,1,64.10555555555555,11.375,1,0
Female,No,Yes,Yes,46,Yes,Yes,Fiber optic,Yes,No,Yes,Yes,No,Yes,Two year,No,Mailed check,99.65,4630.2,0,Loyal(2-4yr),6,1,100.65652173913043,14.235714285714286,0,2
Female,No,No,No,3,Yes,No,DSL,No,No,No,No,No,No,Month-to-month,No,Electronic check,44.6,122.7,0,New(0-12mo),1,1,40.9,22.3,1,0
Female,No,No,Yes,31,Yes,No,No,No internet service,No internet service,No internet service,No internet service,No internet service,No internet service,One year,No,Credit card (automatic),20.1,589.25,0,Loyal(2-4yr),1,0,19.008064516129032,10.05,0,1
Female,No,Yes,No,30,Yes,Yes,Fiber optic,No,Yes,No,Yes,Yes,No,Month-to-month,Yes,Credit card (automatic),94.1,2804.45,1,Loyal(2-4yr),5,1,93.48166666666665,15.683333333333332,1,0
Female,No,Yes,Yes,53,Yes,No,No,No internet service,No internet service,No internet service,No internet service,No internet service,No internet service,One year,No,Bank transfer (automatic),19.55,1007.9,0,VIP(4yr+),1,0,19.016981132075472,9.775,0,1
Male,Yes,Yes,Yes,50,Yes,Yes,DSL,Yes,Yes,Yes,No,No,Yes,Two year,Yes,Bank transfer (automatic),75.15,3822.45,0,VIP(4yr+),6,1,76.449,10.735714285714286,0,2
Male,No,Yes,Yes,71,Yes,Yes,Fiber optic,Yes,Yes,Yes,Yes,Yes,Yes,Two year,Yes,Bank transfer (automatic),114.0,8175.9,0,VIP(4yr+),8,1,115.15352112676055,12.666666666666666,0,2
Female,Yes,No,No,26,Yes,No,Fiber optic,Yes,No,No,No,Yes,No,Month-to-month,Yes,Credit card (automatic),85.8,2193.65,0,Loyal(2-4yr),3,1,84.37115384615385,21.45,1,0
Male,No,No,No,24,Yes,Yes,Fiber optic,No,Yes,No,No,Yes,No,Month-to-month,Yes,Credit card (automatic),90.55,2282.55,1,Established(1-2yr),4,1,95.10625,18.11,1,0
Male,No,Yes,Yes,22,Yes,No,No,No internet service,No internet service,No internet service,No internet service,No internet service,No internet service,One year,No,Mailed check,20.15,419.9,0,Established(1-2yr),1,0,19.086363636363636,10.075,0,1
Female,No,No,No,28,Yes,No,Fiber optic,No,No,No,No,No,Yes,Month-to-month,Yes,Electronic check,80.6,2244.95,0,Loyal(2-4yr),2,1,80.17678571428571,26.866666666666664,1,0
Male,Yes,Yes,No,33,Yes,Yes,Fiber optic,No,Yes,No,No,Yes,Yes,Month-to-month,Yes,Bank transfer (automatic),100.6,3270.25,0,Loyal(2-4yr),5,1,99.09848484848484,16.766666666666666,1,0
Female,No,Yes,Yes,3,Yes,No,DSL,No,No,No,No,No,No,Month-to-month,No,Mailed check,44.3,134.5,1,New(0-12mo),1,1,44.833333333333336,22.15,1,0
Female,Yes,Yes,No,42,Yes,Yes,Fiber optic,No,No,No,No,Yes,Yes,Month-to-month,Yes,Electronic check,95.05,3944.5,0,Loyal(2-4yr),4,1,93.91666666666667,19.009999999999998,1,0
Female,No,Yes,No,49,Yes,No,No,No internet service,No internet service,No internet service,No internet service,No internet service,No internet service,One year,No,Credit card (automatic),20.7,1032.05,0,VIP(4yr+),1,0,21.062244897959182,10.35,0,1
Female,No,Yes,Yes,11,Yes,No,No,No internet service,No internet service,No internet service,No internet service,No internet service,No internet service,One year,Yes,Mailed check,20.0,196.35,0,New(0-12mo),1,0,17.849999999999998,10.0,0,1
Female,Yes,No,No,3,Yes,No,Fiber optic,No,No,No,No,No,No,Month-to-month,Yes,Electronic check,70.3,235.5,1,New(0-12mo),1,1,78.5,35.15,1,0
Female,No,No,No,18,Yes,Yes,Fiber optic,No,No,No,No,Yes,No,Month-to-month,Yes,Electronic check,85.2,1553.9,1,Established(1-2yr),3,1,86.32777777777778,21.3,1,0
Female,No,No,No,2,Yes,No,Fiber optic,No,No,No,No,No,No,Month-to-month,No,Electronic check,68.95,119.75,1,New(0-12mo),1,1,59.875,34.475,1,0
Female,No,No,No,65,Yes,Yes,Fiber optic,No,Yes,Yes,No,Yes,No,One year,Yes,Electronic check,95.5,6153.85,0,VIP(4yr+),5,1,94.6746153846154,15.916666666666666,0,1
Male,No,Yes,Yes,2,Yes,No,Fiber optic,No,No,No,No,No,No,Month-to-month,No,Mailed check,69.95,143.9,0,New(0-12mo),1,1,71.95,34.975,1,0
Male,No,No,No,2,Yes,Yes,Fiber optic,No,No,No,No,No,No,Month-to-month,Yes,Credit card (automatic),73.25,131.05,1,New(0-12mo),2,1,65.525,24.416666666666668,1,0
Male,No,No,No,2,Yes,No,Fiber optic,No,No,No,No,No,Yes,Month-to-month,Yes,Electronic check,80.95,171.15,1,New(0-12mo),2,1,85.575,26.983333333333334,1,0
Female,Yes,Yes,Yes,72,Yes,Yes,DSL,Yes,Yes,Yes,Yes,Yes,Yes,Two year,Yes,Credit card (automatic),88.05,6425.65,0,VIP(4yr+),8,1,89.24513888888889,9.783333333333333,0,2
Male,No,No,No,7,Yes,Yes,Fiber optic,No,No,No,No,Yes,Yes,Month-to-month,Yes,Electronic check,94.1,701.3,0,New(0-12mo),4,1,100.18571428571428,18.82,1,0
Female,No,Yes,No,55,Yes,Yes,Fiber optic,No,Yes,Yes,No,Yes,Yes,Month-to-month,Yes,Credit card (automatic),103.65,5676.65,0,VIP(4yr+),6,1,103.21181818181817,14.807142857142859,1,0
Female,No,No,No,13,Yes,Yes,Fiber optic,No,Yes,Yes,Yes,No,No,Month-to-month,No,Electronic check,89.4,1132.35,1,Established(1-2yr),5,1,87.10384615384615,14.9,1,0
Female,No,Yes,Yes,22,Yes,No,Fiber optic,No,No,No,No,No,Yes,Month-to-month,Yes,Electronic check,80.15,1790.65,0,Established(1-2yr),2,1,81.39318181818182,26.71666666666667,1,0
Male,No,No,Yes,1,Yes,No,No,No internet service,No internet service,No internet service,No internet service,No internet service,No internet service,Month-to-month,No,Mailed check,19.75,19.75,1,New(0-12mo),1,0,19.75,9.875,1,0
Male,No,No,No,2,Yes,No,Fiber optic,Yes,Yes,No,No,Yes,Yes,Month-to-month,No,Electronic check,100.2,198.5,0,New(0-12mo),5,1,99.25,16.7,1,0
Male,No,Yes,Yes,34,Yes,No,Fiber optic,No,No,No,No,No,Yes,One year,Yes,Bank transfer (automatic),78.95,2647.2,0,Loyal(2-4yr),2,1,77.85882352941177,26.316666666666666,0,1
Female,No,No,No,8,Yes,No,DSL,No,No,No,Yes,No,No,Month-to-month,No,Electronic check,49.4,408.25,0,New(0-12mo),2,1,51.03125,16.466666666666665,1,0
Female,No,Yes,Yes,54,Yes,Yes,No,No internet service,No internet service,No internet service,No internet service,No internet service,No internet service,One year,Yes,Bank transfer (automatic),24.75,1342.15,0,VIP(4yr+),2,0,24.85462962962963,8.25,0,1
Female,Yes,No,No,1,Yes,No,Fiber optic,No,No,No,No,Yes,No,Month-to-month,No,Electronic check,78.45,78.45,1,New(0-12mo),2,1,78.45,26.150000000000002,1,0
Female,No,Yes,Yes,1,Yes,No,No,No internet service,No internet service,No internet service,No internet service,No internet service,No internet service,Month-to-month,No,Mailed check,20.05,20.05,0,New(0-12mo),1,0,20.05,10.025,1,0
Female,No,No,No,59,Yes,Yes,Fiber optic,Yes,Yes,Yes,No,No,Yes,Month-to-month,Yes,Bank transfer (automatic),99.45,5623.7,0,VIP(4yr+),6,1,95.31694915254236,14.207142857142857,1,0
Male,No,Yes,Yes,9,Yes,No,No,No internet service,No internet service,No internet service,No internet service,No internet service,No internet service,Two year,No,Mailed check,19.6,197.4,0,New(0-12mo),1,0,21.933333333333334,9.8,0,2
Female,No,Yes,Yes,1,Yes,No,No,No internet service,No internet service,No internet service,No internet service,No internet service,No internet service,Month-to-month,Yes,Mailed check,20.5,20.5,1,New(0-12mo),1,0,20.5,10.25,1,0
Female,No,Yes,No,56,Yes,Yes,Fiber optic,No,No,No,No,Yes,No,Month-to-month,Yes,Bank transfer (automatic),85.6,4902.8,0,VIP(4yr+),3,1,87.55,21.4,1,0
Female,No,No,Yes,1,Yes,Yes,No,No internet service,No internet service,No internet service,No internet service,No internet service,No internet service,Month-to-month,No,Mailed check,25.4,25.4,0,New(0-12mo),2,0,25.4,8.466666666666667,1,0
Male,No,Yes,No,71,Yes,Yes,Fiber optic,Yes,Yes,Yes,No,Yes,No,Two year,Yes,Electronic check,99.0,6994.6,0,VIP(4yr+),6,1,98.51549295774649,14.142857142857142,0,2
Male,No,Yes,Yes,72,No,No phone service,DSL,Yes,Yes,Yes,Yes,No,Yes,Two year,Yes,Credit card (automatic),55.45,4179.2,0,VIP(4yr+),5,1,58.044444444444444,9.241666666666667,0,2
Male,No,No,Yes,1,Yes,No,Fiber optic,No,No,No,No,Yes,Yes,Month-to-month,Yes,Electronic check,90.85,90.85,1,New(0-12mo),3,1,90.85,22.7125,1,0
Female,No,No,No,29,Yes,Yes,DSL,Yes,No,No,No,No,Yes,Month-to-month,Yes,Electronic check,66.1,1912.15,0,Loyal(2-4yr),4,1,65.93620689655172,13.219999999999999,1,0
Female,No,Yes,No,68,Yes,No,DSL,No,Yes,No,Yes,Yes,No,Two year,No,Bank transfer (automatic),64.1,4326.25,0,VIP(4yr+),4,1,63.62132352941177,12.819999999999999,0,2
Female,No,No,No,12,Yes,Yes,Fiber optic,Yes,Yes,Yes,No,No,Yes,Month-to-month,Yes,Bank transfer (automatic),99.7,1238.45,1,New(0-12mo),6,1,103.20416666666667,14.242857142857144,1,0
Male,Yes,No,No,16,Yes,Yes,Fiber optic,No,No,No,No,Yes,No,Month-to-month,Yes,Electronic check,86.6,1281.0,1,Established(1-2yr),3,1,80.0625,21.65,1,0
Female,Yes,No,No,14,Yes,Yes,Fiber optic,No,No,Yes,No,No,No,Month-to-month,Yes,Bank transfer (automatic),80.35,1058.1,0,Established(1-2yr),3,1,75.57857142857142,20.0875,1,0
Male,No,No,Yes,54,Yes,No,DSL,No,Yes,Yes,Yes,No,No,One year,Yes,Electronic check,61.0,3283.05,0,VIP(4yr+),4,1,60.797222222222224,12.2,0,1
Male,No,No,No,1,Yes,No,DSL,No,No,Yes,No,No,No,Month-to-month,Yes,Mailed check,49.65,49.65,1,New(0-12mo),2,1,49.65,16.55,1,0
Female,Yes,Yes,No,8,Yes,Yes,Fiber optic,No,No,No,No,No,Yes,Month-to-month,Yes,Electronic check,84.0,613.4,1,New(0-12mo),3,1,76.675,21.0,1,0
Female,No,No,No,61,Yes,Yes,DSL,Yes,No,Yes,Yes,Yes,Yes,Two year,No,Credit card (automatic),86.45,5175.3,0,VIP(4yr+),7,1,84.84098360655739,10.80625,0,2
Female,No,Yes,Yes,63,Yes,No,DSL,Yes,No,No,No,No,No,Two year,Yes,Bank transfer (automatic),50.65,3221.25,0,VIP(4yr+),2,1,51.13095238095238,16.883333333333333,0,2
Female,No,No,Yes,40,Yes,No,DSL,Yes,No,No,Yes,Yes,No,Month-to-month,Yes,Credit card (automatic),64.1,2460.35,0,Loyal(2-4yr),4,1,61.50875,12.819999999999999,1,0
Female,Yes,Yes,No,50,Yes,Yes,Fiber optic,Yes,Yes,Yes,No,Yes,Yes,Month-to-month,No,Bank transfer (automatic),108.75,5431.9,0,VIP(4yr+),7,1,108.63799999999999,13.59375,1,0
Male,No,No,No,40,Yes,No,DSL,Yes,Yes,No,Yes,No,No,Month-to-month,Yes,Mailed check,61.9,2647.1,0,Loyal(2-4yr),4,1,66.1775,12.379999999999999,1,0
Male,No,Yes,No,6,Yes,Yes,No,No internet service,No internet service,No internet service,No internet service,No internet service,No internet service,One year,No,Mailed check,25.1,171.0,0,New(0-12mo),2,0,28.5,8.366666666666667,0,1
Female,No,No,No,1,Yes,No,No,No internet service,No internet service,No internet service,No internet service,No internet service,No internet service,Month-to-month,Yes,Mailed check,20.25,20.25,0,New(0-12mo),1,0,20.25,10.125,1,0
Female,No,Yes,Yes,33,Yes,No,No,No internet service,No internet service,No internet service,No internet service,No internet service,No internet service,One year,No,Mailed check,20.1,579.4,0,Loyal(2-4yr),1,0,17.55757575757576,10.05,0,1
Female,No,Yes,No,12,Yes,Yes,DSL,Yes,No,Yes,No,Yes,Yes,One year,No,Electronic check,78.85,876.75,0,New(0-12mo),6,1,73.0625,11.264285714285714,0,1
Female,No,No,No,1,Yes,Yes,Fiber optic,No,No,No,No,Yes,Yes,Month-to-month,No,Mailed check,95.65,95.65,1,New(0-12mo),4,1,95.65,19.130000000000003,1,0
Male,No,No,Yes,19,Yes,No,No,No internet service,No internet service,No internet service,No internet service,No internet service,No internet service,Two year,No,Credit card (automatic),20.85,467.5,0,Established(1-2yr),1,0,24.605263157894736,10.425,0,2
Female,No,No,No,45,Yes,Yes,Fiber optic,No,No,Yes,Yes,No,No,Month-to-month,Yes,Electronic check,87.25,3941.7,1,Loyal(2-4yr),4,1,87.59333333333333,17.45,1,0
Male,No,No,No,60,No,No phone service,DSL,Yes,Yes,Yes,No,No,No,Two year,No,Bank transfer (automatic),39.6,2424.5,0,VIP(4yr+),3,1,40.40833333333333,9.9,0,2
Female,Yes,Yes,No,2,Yes,No,DSL,No,Yes,No,No,No,No,Month-to-month,No,Credit card (automatic),50.15,115.1,1,New(0-12mo),2,1,57.55,16.716666666666665,1,0
Male,No,Yes,No,3,No,No phone service,DSL,Yes,No,No,Yes,No,No,Month-to-month,No,Mailed check,35.1,101.1,0,New(0-12mo),2,1,33.699999999999996,11.700000000000001,1,0
Male,No,No,No,2,Yes,No,Fiber optic,No,No,No,No,Yes,No,Month-to-month,No,Electronic check,79.0,143.65,1,New(0-12mo),2,1,71.825,26.333333333333332,1,0
Male,No,Yes,Yes,65,Yes,No,No,No internet service,No internet service,No internet service,No internet service,No internet service,No internet service,Two year,No,Mailed check,19.9,1292.6,0,VIP(4yr+),1,0,19.886153846153846,9.95,0,2
Female,No,Yes,No,20,No,No phone service,DSL,No,No,No,No,No,No,Month-to-month,Yes,Electronic check,24.45,482.8,1,Established(1-2yr),0,1,24.14,24.45,1,0
Female,No,Yes,No,14,Yes,No,No,No internet service,No internet service,No internet service,No internet service,No internet service,No internet service,Two year,No,Mailed check,20.4,292.4,0,Established(1-2yr),1,0,20.885714285714283,10.2,0,2
Male,No,Yes,Yes,46,Yes,No,No,No internet service,No internet service,No internet service,No internet service,No internet service,No internet service,One year,Yes,Bank transfer (automatic),20.2,845.6,0,Loyal(2-4yr),1,0,18.382608695652173,10.1,0,1
Male,No,Yes,Yes,5,Yes,No,No,No internet service,No internet service,No internet service,No internet service,No internet service,No internet service,One year,No,Mailed check,20.1,85.1,0,New(0-12mo),1,0,17.02,10.05,0,1
Female,No,No,No,4,Yes,Yes,Fiber optic,Yes,No,No,No,No,No,Month-to-month,Yes,Electronic check,80.15,319.85,0,New(0-12mo),3,1,79.9625,20.0375,1,0
Male,No,No,No,26,Yes,No,DSL,Yes,No,No,Yes,Yes,Yes,One year,No,Bank transfer (automatic),75.0,1908.35,0,Loyal(2-4yr),5,1,73.39807692307691,12.5,0,1
Female,No,Yes,No,71,Yes,No,No,No internet service,No internet service,No internet service,No internet service,No internet service,No internet service,Two year,Yes,Bank transfer (automatic),20.9,1493.2,0,VIP(4yr+),1,0,21.03098591549296,10.45,0,2
Male,No,Yes,No,1,Yes,No,Fiber optic,No,No,Yes,No,No,No,Month-to-month,No,Credit card (automatic),75.35,75.35,0,New(0-12mo),2,1,75.35,25.116666666666664,1,0
Female,Yes,No,No,7,Yes,No,Fiber optic,No,No,Yes,No,Yes,No,Month-to-month,Yes,Electronic check,84.35,609.65,0,New(0-12mo),3,1,87.09285714285714,21.0875,1,0
Female,No,No,No,72,Yes,Yes,Fiber optic,No,No,Yes,Yes,Yes,Yes,Two year,Yes,Credit card (automatic),107.5,7853.7,0,VIP(4yr+),6,1,109.07916666666667,15.357142857142858,0,2
Male,No,No,No,2,Yes,No,DSL,No,No,No,No,No,No,Month-to-month,Yes,Electronic check,45.15,98.5,1,New(0-12mo),1,1,49.25,22.575,1,0
Female,Yes,No,No,38,Yes,No,No,No internet service,No internet service,No internet service,No internet service,No internet service,No internet service,Two year,No,Mailed check,20.2,735.9,0,Loyal(2-4yr),1,0,19.36578947368421,10.1,0,2
Male,No,No,No,39,Yes,No,DSL,No,No,No,Yes,No,No,Two year,Yes,Bank transfer (automatic),49.8,1971.15,0,Loyal(2-4yr),2,1,50.542307692307695,16.599999999999998,0,2
Female,Yes,Yes,No,50,Yes,Yes,Fiber optic,No,No,No,Yes,Yes,Yes,One year,Yes,Electronic check,100.65,5189.75,0,VIP(4yr+),5,1,103.795,16.775000000000002,0,1
Female,No,No,No,22,No,No phone service,DSL,No,Yes,No,No,Yes,Yes,Month-to-month,Yes,Electronic check,50.35,1098.85,0,Established(1-2yr),3,1,49.94772727272727,12.5875,1,0
Female,Yes,No,No,63,Yes,Yes,Fiber optic,No,No,Yes,No,No,Yes,Month-to-month,Yes,Bank transfer (automatic),89.6,5538.8,0,VIP(4yr+),4,1,87.91746031746032,17.919999999999998,1,0
Female,No,No,No,12,Yes,Yes,Fiber optic,No,No,No,No,Yes,Yes,Month-to-month,Yes,Electronic check,94.2,1046.1,1,New(0-12mo),4,1,87.175,18.84,1,0
Male,Yes,Yes,No,11,Yes,No,Fiber optic,No,No,No,No,No,No,Month-to-month,Yes,Electronic check,70.2,834.7,0,New(0-12mo),1,1,75.88181818181819,35.1,1,0
Male,Yes,Yes,Yes,71,Yes,Yes,Fiber optic,Yes,Yes,No,No,Yes,Yes,Month-to-month,Yes,Credit card (automatic),105.1,7548.1,1,VIP(4yr+),6,1,106.3112676056338,15.014285714285714,1,0
Female,No,Yes,Yes,12,Yes,No,No,No internet service,No internet service,No internet service,No internet service,No internet service,No internet service,Month-to-month,No,Bank transfer (automatic),19.4,198.1,0,New(0-12mo),1,0,16.508333333333333,9.7,1,0
Male,No,No,No,10,Yes,Yes,Fiber optic,Yes,No,No,No,Yes,Yes,Month-to-month,No,Electronic check,98.55,1008.55,1,New(0-12mo),5,1,100.85499999999999,16.425,1,0
Female,Yes,Yes,No,51,Yes,Yes,Fiber optic,Yes,No,No,No,No,No,Month-to-month,Yes,Electronic check,77.5,3807.35,1,VIP(4yr+),3,1,74.65392156862745,19.375,1,0
Female,No,Yes,No,6,Yes,Yes,DSL,No,No,No,No,No,No,Month-to-month,No,Electronic check,50.35,314.55,0,New(0-12mo),2,1,52.425000000000004,16.783333333333335,1,0
Female,No,No,No,11,Yes,Yes,Fiber optic,No,No,Yes,No,Yes,No,Month-to-month,Yes,Electronic check,89.2,990.3,0,New(0-12mo),4,1,90.02727272727272,17.84,1,0
Female,No,Yes,Yes,69,Yes,Yes,Fiber optic,Yes,No,Yes,No,No,No,One year,No,Bank transfer (automatic),84.45,5848.6,0,VIP(4yr+),4,1,84.76231884057971,16.89,0,1
Female,No,No,No,40,Yes,No,No,No internet service,No internet service,No internet service,No internet service,No internet service,No internet service,Two year,No,Mailed check,20.15,804.85,0,Loyal(2-4yr),1,0,20.12125,10.075,0,2
Female,No,Yes,Yes,19,Yes,Yes,No,No internet service,No internet service,No internet service,No internet service,No internet service,No internet service,Two year,No,Mailed check,25.6,485.9,0,Established(1-2yr),2,0,25.573684210526313,8.533333333333333,0,2
Female,No,No,No,45,Yes,Yes,Fiber optic,Yes,Yes,Yes,Yes,Yes,Yes,Month-to-month,Yes,Electronic check,115.65,5125.5,0,Loyal(2-4yr),8,1,113.9,12.850000000000001,1,0
Male,No,No,Yes,25,Yes,No,No,No internet service,No internet service,No internet service,No internet service,No internet service,No internet service,Month-to-month,No,Mailed check,20.8,460.2,0,Loyal(2-4yr),1,0,18.408,10.4,1,0
Male,No,Yes,Yes,31,Yes,Yes,Fiber optic,Yes,No,Yes,Yes,No,No,Month-to-month,No,Electronic check,89.3,2823.0,0,Loyal(2-4yr),5,1,91.06451612903226,14.883333333333333,1,0
Male,No,Yes,Yes,63,Yes,Yes,No,No internet service,No internet service,No internet service,No internet service,No internet service,No internet service,Two year,No,Mailed check,25.25,1573.05,0,VIP(4yr+),2,0,24.96904761904762,8.416666666666666,0,2
Male,Yes,No,No,11,Yes,No,Fiber optic,No,No,No,No,No,Yes,Month-to-month,Yes,Credit card (automatic),79.15,827.7,0,New(0-12mo),2,1,75.24545454545455,26.383333333333336,1,0
Male,No,Yes,Yes,25,Yes,No,DSL,No,Yes,Yes,No,No,No,One year,No,Mailed check,53.65,1355.45,0,Loyal(2-4yr),3,1,54.218,13.4125,0,1
Female,No,Yes,Yes,41,Yes,No,Fiber optic,No,No,Yes,No,Yes,Yes,Month-to-month,Yes,Bank transfer (automatic),94.9,3848.0,0,Loyal(2-4yr),4,1,93.85365853658537,18.98,1,0
Male,No,No,No,17,Yes,No,No,No internet service,No internet service,No internet service,No internet service,No internet service,No internet service,Month-to-month,No,Credit card (automatic),21.1,385.55,0,Established(1-2yr),1,0,22.679411764705883,10.55,1,0
Male,No,No,No,26,Yes,No,No,No internet service,No internet service,No internet service,No internet service,No internet service,No internet service,One year,Yes,Credit card (automatic),20.65,595.5,0,Loyal(2-4yr),1,0,22.903846153846153,10.325,0,1
Female,No,Yes,No,15,Yes,No,Fiber optic,No,No,No,No,Yes,Yes,Month-to-month,No,Electronic check,88.15,1390.6,1,Established(1-2yr),3,1,92.70666666666666,22.0375,1,0
Female,No,Yes,No,4,Yes,Yes,Fiber optic,No,Yes,No,No,Yes,No,Month-to-month,Yes,Electronic check,91.65,365.4,1,New(0-12mo),4,1,91.35,18.330000000000002,1,0
Female,No,No,No,3,Yes,No,Fiber optic,Yes,No,Yes,No,Yes,Yes,Month-to-month,Yes,Credit card (automatic),99.0,287.4,1,New(0-12mo),5,1,95.8,16.5,1,0
Male,No,Yes,Yes,71,Yes,No,DSL,No,Yes,No,Yes,Yes,Yes,Two year,Yes,Credit card (automatic),73.35,5154.5,0,VIP(4yr+),5,1,72.59859154929578,12.225,0,2
Female,No,Yes,Yes,59,Yes,Yes,No,No internet service,No internet service,No internet service,No internet service,No internet service,No internet service,Two year,No,Mailed check,25.45,1534.05,0,VIP(4yr+),2,0,26.000847457627117,8.483333333333333,0,2
Male,No,No,No,15,Yes,Yes,Fiber optic,No,Yes,No,Yes,No,Yes,Month-to-month,No,Electronic check,95.7,1451.1,0,Established(1-2yr),5,1,96.74,15.950000000000001,1,0
Male,No,Yes,No,72,Yes,Yes,Fiber optic,Yes,Yes,Yes,Yes,Yes,Yes,Two year,No,Bank transfer (automatic),115.15,8349.45,0,VIP(4yr+),8,1,115.96458333333334,12.794444444444444,0,2
Female,No,Yes,Yes,72,Yes,Yes,DSL,Yes,No,Yes,Yes,Yes,Yes,Two year,Yes,Bank transfer (automatic),83.3,6042.7,0,VIP(4yr+),7,1,83.92638888888888,10.4125,0,2
Male,Yes,No,No,21,Yes,No,DSL,No,No,Yes,No,Yes,No,Month-to-month,Yes,Bank transfer (automatic),60.05,1236.15,1,Established(1-2yr),3,1,58.86428571428572,15.0125,1,0
Male,No,No,Yes,22,Yes,No,No,No internet service,No internet service,No internet service,No internet service,No internet service,No internet service,Month-to-month,No,Credit card (automatic),20.15,432.5,0,Established(1-2yr),1,0,19.65909090909091,10.075,1,0
Female,No,No,No,45,Yes,Yes,DSL,Yes,No,No,Yes,No,Yes,Two year,No,Mailed check,73.55,3349.1,0,Loyal(2-4yr),5,1,74.42444444444445,12.258333333333333,0,2
Male,No,No,No,52,Yes,No,DSL,Yes,Yes,No,No,Yes,No,Two year,Yes,Credit card (automatic),63.25,3342.45,0,VIP(4yr+),4,1,64.27788461538461,12.65,0,2
Female,No,Yes,No,72,Yes,Yes,DSL,Yes,No,Yes,Yes,Yes,Yes,Two year,Yes,Bank transfer (automatic),84.9,6065.3,0,VIP(4yr+),7,1,84.24027777777778,10.6125,0,2
Female,No,No,No,4,Yes,No,Fiber optic,No,No,No,No,Yes,No,Month-to-month,Yes,Electronic check,79.0,303.15,1,New(0-12mo),2,1,75.7875,26.333333333333332,1,0
Female,No,Yes,No,71,Yes,No,DSL,No,Yes,Yes,Yes,Yes,Yes,Two year,Yes,Credit card (automatic),80.7,5705.05,0,VIP(4yr+),6,1,80.35281690140846,11.528571428571428,0,2
Male,No,Yes,No,14,Yes,No,DSL,No,Yes,Yes,Yes,Yes,Yes,Two year,No,Mailed check,81.95,1181.75,0,Established(1-2yr),6,1,84.41071428571429,11.707142857142857,0,2
Male,No,Yes,No,56,Yes,No,Fiber optic,No,No,No,No,No,Yes,One year,Yes,Electronic check,80.9,4557.5,0,VIP(4yr+),2,1,81.38392857142857,26.96666666666667,0,1
Female,No,Yes,No,4,Yes,No,No,No internet service,No internet service,No internet service,No internet service,No internet service,No internet service,Month-to-month,No,Mailed check,19.6,93.45,0,New(0-12mo),1,0,23.3625,9.8,1,0
Male,No,Yes,Yes,34,Yes,No,No,No internet service,No internet service,No internet service,No internet service,No internet service,No internet service,One year,No,Credit card (automatic),19.6,678.8,0,Loyal(2-4yr),1,0,19.96470588235294,9.8,0,1
Male,No,No,No,66,Yes,No,Fiber optic,Yes,No,Yes,Yes,Yes,Yes,Two year,Yes,Bank transfer (automatic),105.65,6844.5,0,VIP(4yr+),6,1,103.70454545454545,15.092857142857143,0,2
Female,No,Yes,Yes,24,Yes,Yes,Fiber optic,No,Yes,Yes,No,No,No,One year,No,Bank transfer (automatic),83.15,2033.05,0,Established(1-2yr),4,1,84.71041666666666,16.630000000000003,0,1
Male,No,No,No,54,Yes,No,Fiber optic,Yes,No,Yes,Yes,No,No,One year,No,Electronic check,84.4,4484.05,0,VIP(4yr+),4,1,83.03796296296296,16.880000000000003,0,1
Female,No,No,No,18,Yes,No,Fiber optic,Yes,No,No,No,Yes,Yes,Month-to-month,Yes,Electronic check,96.05,1740.7,1,Established(1-2yr),4,1,96.70555555555556,19.21,1,0
Male,Yes,Yes,No,32,Yes,Yes,Fiber optic,No,Yes,Yes,No,Yes,Yes,Month-to-month,No,Bank transfer (automatic),106.35,3520.75,1,Loyal(2-4yr),6,1,110.0234375,15.192857142857141,1,0
Male,No,Yes,No,15,Yes,No,No,No internet service,No internet service,No internet service,No internet service,No internet service,No internet service,Month-to-month,Yes,Credit card (automatic),19.45,340.85,0,Established(1-2yr),1,0,22.723333333333336,9.725,1,0
Male,No,No,No,1,Yes,No,DSL,No,No,No,Yes,No,No,Month-to-month,No,Mailed check,51.25,51.25,1,New(0-12mo),2,1,51.25,17.083333333333332,1,0
Female,No,No,No,60,Yes,Yes,DSL,Yes,No,Yes,Yes,No,No,One year,No,Electronic check,64.75,4039.5,0,VIP(4yr+),5,1,67.325,10.791666666666666,0,1
Male,Yes,No,No,16,Yes,No,Fiber optic,No,No,No,No,No,Yes,Month-to-month,Yes,Electronic check,78.75,1218.25,0,Established(1-2yr),2,1,76.140625,26.25,1,0
Male,No,Yes,No,61,Yes,Yes,DSL,Yes,No,Yes,Yes,No,Yes,Two year,No,Credit card (automatic),75.35,4729.3,0,VIP(4yr+),6,1,77.52950819672131,10.764285714285714,0,2
Female,No,No,No,4,Yes,Yes,Fiber optic,No,No,No,No,No,No,Month-to-month,Yes,Electronic check,75.65,302.35,0,New(0-12mo),2,1,75.5875,25.21666666666667,1,0
Male,No,Yes,No,33,Yes,No,DSL,No,No,No,No,No,No,Month-to-month,Yes,Credit card (automatic),44.55,1462.6,0,Loyal(2-4yr),1,1,44.32121212121212,22.275,1,0
Female,No,No,No,9,Yes,No,Fiber optic,No,No,No,No,No,No,Month-to-month,No,Electronic check,69.05,651.5,0,New(0-12mo),1,1,72.38888888888889,34.525,1,0
Male,No,Yes,No,30,Yes,No,No,No internet service,No internet service,No internet service,No internet service,No internet service,No internet service,One year,No,Credit card (automatic),20.7,587.1,0,Loyal(2-4yr),1,0,19.57,10.35,0,1
Female,No,Yes,No,12,No,No phone service,DSL,No,No,Yes,No,Yes,Yes,Month-to-month,Yes,Bank transfer (automatic),49.85,617.15,0,New(0-12mo),3,1,51.42916666666667,12.4625,1,0
Female,No,No,No,20,Yes,Yes,Fiber optic,Yes,No,No,No,Yes,No,Month-to-month,Yes,Bank transfer (automatic),89.1,1879.25,0,Established(1-2yr),4,1,93.9625,17.82,1,0
Male,No,Yes,No,67,No,No phone service,DSL,Yes,Yes,No,Yes,No,Yes,Two year,Yes,Bank transfer (automatic),50.95,3521.7,0,VIP(4yr+),4,1,52.56268656716418,10.190000000000001,0,2
Female,Yes,No,No,2,Yes,Yes,Fiber optic,No,No,No,No,No,No,Month-to-month,Yes,Mailed check,75.45,158.4,1,New(0-12mo),2,1,79.2,25.150000000000002,1,0
Female,No,Yes,No,33,Yes,No,DSL,No,No,No,Yes,No,No,One year,Yes,Mailed check,51.45,1758.9,0,Loyal(2-4yr),2,1,53.300000000000004,17.150000000000002,0,1
Female,Yes,Yes,No,60,Yes,No,Fiber optic,Yes,Yes,Yes,Yes,Yes,Yes,Two year,Yes,Bank transfer (automatic),110.0,6668.35,0,VIP(4yr+),7,1,111.13916666666667,13.75,0,2
Male,No,No,No,17,Yes,No,No,No internet service,No internet service,No internet service,No internet service,No internet service,No internet service,One year,Yes,Bank transfer (automatic),19.65,351.55,0,Established(1-2yr),1,0,20.679411764705883,9.825,0,1
Male,No,Yes,No,50,Yes,No,No,No internet service,No internet service,No internet service,No internet service,No internet service,No internet service,Two year,No,Electronic check,19.8,1013.2,0,VIP(4yr+),1,0,20.264,9.9,0,2
Female,No,No,No,9,Yes,No,Fiber optic,Yes,No,No,No,No,No,Month-to-month,Yes,Electronic check,74.85,708.2,0,New(0-12mo),2,1,78.6888888888889,24.95,1,0
Male,No,No,No,54,Yes,No,DSL,Yes,Yes,No,No,Yes,No,Two year,Yes,Bank transfer (automatic),65.3,3512.9,0,VIP(4yr+),4,1,65.0537037037037,13.059999999999999,0,2
Male,No,No,No,66,Yes,No,No,No internet service,No internet service,No internet service,No internet service,No internet service,No internet service,Two year,No,Bank transfer (automatic),19.35,1240.8,0,VIP(4yr+),1,0,18.8,9.675,0,2
Female,No,No,No,34,Yes,No,Fiber optic,No,Yes,No,No,No,No,Month-to-month,Yes,Credit card (automatic),73.95,2524.45,1,Loyal(2-4yr),2,1,74.24852941176471,24.650000000000002,1,0
Female,No,No,No,51,No,No phone service,DSL,No,Yes,Yes,No,Yes,Yes,One year,Yes,Credit card (automatic),56.4,2928.5,0,VIP(4yr+),4,1,57.42156862745098,11.28,0,1
Female,No,Yes,Yes,3,Yes,No,No,No internet service,No internet service,No internet service,No internet service,No internet service,No internet service,Two year,No,Mailed check,19.1,52.0,0,New(0-12mo),1,0,17.333333333333332,9.55,0,2
Male,No,Yes,Yes,24,Yes,No,DSL,Yes,Yes,No,Yes,No,Yes,Month-to-month,Yes,Credit card (automatic),70.3,1706.45,0,Established(1-2yr),5,1,71.10208333333334,11.716666666666667,1,0
Female,Yes,Yes,No,60,Yes,Yes,Fiber optic,No,Yes,No,No,No,Yes,Month-to-month,No,Electronic check,89.45,5294.6,0,VIP(4yr+),4,1,88.24333333333334,17.89,1,0
Male,No,No,No,71,Yes,Yes,Fiber optic,Yes,No,No,Yes,No,Yes,One year,No,Credit card (automatic),97.65,6687.85,0,VIP(4yr+),5,1,94.19507042253521,16.275000000000002,0,1
Female,No,Yes,Yes,39,Yes,No,DSL,Yes,No,No,No,No,No,Month-to-month,No,Credit card (automatic),51.05,2066.0,0,Loyal(2-4yr),2,1,52.97435897435897,17.016666666666666,1,0
Male,No,No,No,32,Yes,No,Fiber optic,Yes,Yes,Yes,No,No,Yes,Month-to-month,Yes,Credit card (automatic),93.4,2979.3,0,Loyal(2-4yr),5,1,93.103125,15.566666666666668,1,0
Male,No,No,Yes,21,Yes,Yes,Fiber optic,Yes,No,No,No,No,No,Month-to-month,No,Electronic check,80.35,1747.2,0,Established(1-2yr),3,1,83.2,20.0875,1,0
Male,Yes,Yes,No,71,Yes,Yes,Fiber optic,Yes,Yes,Yes,Yes,Yes,Yes,Two year,Yes,Bank transfer (automatic),115.05,8016.6,0,VIP(4yr+),8,1,112.90985915492958,12.783333333333333,0,2
Female,Yes,No,No,55,Yes,Yes,Fiber optic,No,No,Yes,No,Yes,Yes,One year,Yes,Electronic check,100.0,5509.3,1,VIP(4yr+),5,1,100.16909090909091,16.666666666666668,0,1
Female,No,No,No,1,Yes,No,No,No internet service,No internet service,No internet service,No internet service,No internet service,No internet service,Month-to-month,No,Credit card (automatic),19.55,19.55,0,New(0-12mo),1,0,19.55,9.775,1,0
Male,No,Yes,No,61,Yes,Yes,DSL,No,Yes,Yes,No,Yes,Yes,One year,Yes,Electronic check,79.8,4914.8,0,VIP(4yr+),6,1,80.57049180327868,11.4,0,1
Female,No,No,No,66,Yes,Yes,Fiber optic,Yes,Yes,Yes,Yes,No,Yes,Month-to-month,Yes,Bank transfer (automatic),103.1,6595.0,0,VIP(4yr+),7,1,99.92424242424242,12.8875,1,0
Male,No,No,No,26,Yes,No,No,No internet service,No internet service,No internet service,No internet service,No internet service,No internet service,One year,Yes,Bank transfer (automatic),19.6,471.85,0,Loyal(2-4yr),1,0,18.148076923076925,9.8,0,1
Male,No,Yes,Yes,52,Yes,Yes,No,No internet service,No internet service,No internet service,No internet service,No internet service,No internet service,Two year,No,Mailed check,24.8,1229.1,0,VIP(4yr+),2,0,23.63653846153846,8.266666666666667,0,2
Male,No,Yes,No,70,Yes,No,No,No internet service,No internet service,No internet service,No internet service,No internet service,No internet service,Two year,No,Credit card (automatic),19.85,1433.8,0,VIP(4yr+),1,0,20.482857142857142,9.925,0,2
Male,No,No,No,27,Yes,Yes,DSL,No,No,Yes,Yes,No,No,Month-to-month,No,Electronic check,59.45,1611.65,0,Loyal(2-4yr),4,1,59.69074074074074,11.89,1,0
Male,No,Yes,Yes,19,Yes,No,No,No internet service,No internet service,No internet service,No internet service,No internet service,No internet service,Month-to-month,No,Mailed check,20.6,414.95,0,Established(1-2yr),1,0,21.839473684210525,10.3,1,0
Female,Yes,Yes,No,27,Yes,No,Fiber optic,Yes,No,No,No,No,No,Month-to-month,Yes,Bank transfer (automatic),75.2,1929.35,1,Loyal(2-4yr),2,1,71.4574074074074,25.066666666666666,1,0
Male,No,Yes,No,72,Yes,Yes,Fiber optic,Yes,Yes,Yes,Yes,Yes,Yes,Two year,Yes,Electronic check,115.55,8425.3,0,VIP(4yr+),8,1,117.01805555555555,12.838888888888889,0,2
Male,No,No,No,66,Yes,Yes,Fiber optic,No,Yes,No,Yes,Yes,Yes,One year,Yes,Electronic check,104.25,6860.6,0,VIP(4yr+),6,1,103.94848484848485,14.892857142857142,0,1
Male,Yes,No,No,67,Yes,Yes,DSL,Yes,Yes,No,Yes,No,No,Two year,Yes,Bank transfer (automatic),64.55,4250.1,0,VIP(4yr+),5,1,63.43432835820896,10.758333333333333,0,2
Female,Yes,No,No,15,Yes,Yes,DSL,No,No,No,Yes,No,No,Month-to-month,No,Credit card (automatic),55.0,757.1,1,Established(1-2yr),3,1,50.473333333333336,13.75,1,0
Female,Yes,No,No,13,Yes,No,Fiber optic,No,No,Yes,No,Yes,Yes,Month-to-month,Yes,Electronic check,96.85,1235.55,0,Established(1-2yr),4,1,95.04230769230769,19.369999999999997,1,0
Female,Yes,No,No,2,Yes,Yes,Fiber optic,No,Yes,No,No,No,Yes,Month-to-month,No,Electronic check,89.5,161.5,1,New(0-12mo),4,1,80.75,17.9,1,0
Female,No,No,No,23,Yes,Yes,DSL,Yes,No,No,No,No,No,Month-to-month,No,Electronic check,54.4,1249.25,0,Established(1-2yr),3,1,54.31521739130435,13.6,1,0
Male,No,No,No,15,Yes,No,Fiber optic,No,No,Yes,No,Yes,No,Month-to-month,No,Electronic check,85.3,1219.85,0,Established(1-2yr),3,1,81.32333333333332,21.325,1,0
Female,Yes,No,No,60,Yes,Yes,Fiber optic,No,No,Yes,Yes,Yes,Yes,One year,Yes,Electronic check,106.0,6441.4,1,VIP(4yr+),6,1,107.35666666666665,15.142857142857142,0,1
Male,No,No,No,35,Yes,Yes,Fiber optic,Yes,Yes,Yes,Yes,No,No,Month-to-month,Yes,Mailed check,96.75,3403.4,0,Loyal(2-4yr),6,1,97.24000000000001,13.821428571428571,1,0
Female,No,Yes,No,72,Yes,Yes,Fiber optic,Yes,No,Yes,No,Yes,Yes,Two year,Yes,Electronic check,105.5,7544.0,0,VIP(4yr+),6,1,104.77777777777777,15.071428571428571,0,2
Male,No,Yes,Yes,71,Yes,No,No,No internet service,No internet service,No internet service,No internet service,No internet service,No internet service,Two year,Yes,Bank transfer (automatic),19.6,1387.45,0,VIP(4yr+),1,0,19.541549295774647,9.8,0,2
Male,No,No,No,38,Yes,Yes,Fiber optic,No,No,Yes,Yes,Yes,No,One year,No,Bank transfer (automatic),95.0,3605.6,0,Loyal(2-4yr),5,1,94.88421052631578,15.833333333333334,0,1
Male,Yes,Yes,No,45,Yes,Yes,DSL,Yes,No,Yes,Yes,No,Yes,Two year,No,Credit card (automatic),75.15,3480.35,0,Loyal(2-4yr),6,1,77.3411111111111,10.735714285714286,0,2
Male,Yes,Yes,Yes,60,Yes,Yes,Fiber optic,Yes,Yes,No,No,No,Yes,Month-to-month,Yes,Electronic check,93.25,5774.55,0,VIP(4yr+),5,1,96.2425,15.541666666666666,1,0
Female,Yes,Yes,Yes,48,Yes,No,Fiber optic,Yes,No,Yes,Yes,Yes,Yes,Month-to-month,Yes,Electronic check,104.5,5068.05,0,Loyal(2-4yr),6,1,105.58437500000001,14.928571428571429,1,0
Male,No,Yes,Yes,6,Yes,No,DSL,No,Yes,Yes,No,No,No,Month-to-month,Yes,Mailed check,55.3,324.25,1,New(0-12mo),3,1,54.041666666666664,13.825,1,0
Female,Yes,Yes,No,54,Yes,No,No,No internet service,No internet service,No internet service,No internet service,No internet service,No internet service,Two year,Yes,Mailed check,18.95,1031.1,0,VIP(4yr+),1,0,19.09444444444444,9.475,0,2
Female,No,No,No,29,Yes,Yes,Fiber optic,No,No,No,No,No,No,Month-to-month,Yes,Credit card (automatic),76.0,2215.25,0,Loyal(2-4yr),2,1,76.38793103448276,25.333333333333332,1,0
Female,No,No,No,72,Yes,No,No,No internet service,No internet service,No internet service,No internet service,No internet service,No internet service,Two year,Yes,Bank transfer (automatic),21.15,1419.4,0,VIP(4yr+),1,0,19.71388888888889,10.575,0,2
Male,No,No,No,59,Yes,Yes,Fiber optic,No,Yes,Yes,Yes,Yes,Yes,Month-to-month,Yes,Electronic check,111.35,6519.75,0,VIP(4yr+),7,1,110.5042372881356,13.91875,1,0
Male,No,Yes,No,69,Yes,No,DSL,Yes,Yes,No,No,No,No,One year,Yes,Credit card (automatic),53.65,3804.4,0,VIP(4yr+),3,1,55.13623188405797,13.4125,0,1
Female,No,No,No,1,Yes,Yes,Fiber optic,No,No,No,No,No,No,Month-to-month,Yes,Mailed check,75.05,75.05,1,New(0-12mo),2,1,75.05,25.016666666666666,1,0
Female,No,No,No,52,Yes,No,DSL,Yes,No,No,No,No,No,Month-to-month,Yes,Bank transfer (automatic),49.75,2535.55,0,VIP(4yr+),2,1,48.760576923076925,16.583333333333332,1,0
Female,No,Yes,Yes,14,Yes,No,No,No internet service,No internet service,No internet service,No internet service,No internet service,No internet service,One year,No,Mailed check,19.55,294.5,0,Established(1-2yr),1,0,21.035714285714285,9.775,0,1
Female,No,No,No,15,Yes,No,No,No internet service,No internet service,No internet service,No internet service,No internet service,No internet service,One year,No,Credit card (automatic),20.1,302.45,0,Established(1-2yr),1,0,20.163333333333334,10.05,0,1
Female,No,Yes,Yes,65,Yes,Yes,DSL,Yes,Yes,No,Yes,Yes,Yes,Two year,Yes,Bank transfer (automatic),82.5,5215.1,0,VIP(4yr+),7,1,80.2323076923077,10.3125,0,2
Female,No,No,No,16,Yes,No,Fiber optic,No,Yes,No,No,No,No,Month-to-month,No,Bank transfer (automatic),75.1,1212.85,0,Established(1-2yr),2,1,75.803125,25.03333333333333,1,0
Female,No,No,No,6,Yes,No,No,No internet service,No internet service,No internet service,No internet service,No internet service,No internet service,Month-to-month,No,Mailed check,20.7,112.75,0,New(0-12mo),1,0,18.791666666666668,10.35,1,0
Female,No,Yes,Yes,22,Yes,No,No,No internet service,No internet service,No internet service,No internet service,No internet service,No internet service,One year,No,Bank transfer (automatic),20.75,452.35,0,Established(1-2yr),1,0,20.561363636363637,10.375,0,1
Male,No,No,No,18,Yes,No,No,No internet service,No internet service,No internet service,No internet service,No internet service,No internet service,Month-to-month,No,Mailed check,20.05,358.5,0,Established(1-2yr),1,0,19.916666666666668,10.025,1,0
Male,Yes,No,No,20,Yes,Yes,Fiber optic,No,No,No,No,Yes,No,Month-to-month,Yes,Electronic check,84.35,1745.2,0,Established(1-2yr),3,1,87.26,21.0875,1,0
Male,No,No,No,35,Yes,Yes,Fiber optic,No,No,Yes,Yes,Yes,No,Month-to-month,No,Electronic check,95.5,3418.2,0,Loyal(2-4yr),5,1,97.66285714285713,15.916666666666666,1,0
Male,No,Yes,No,24,Yes,No,DSL,Yes,No,No,Yes,Yes,Yes,One year,No,Bank transfer (automatic),74.4,1712.9,0,Established(1-2yr),5,1,71.37083333333334,12.4,0,1
Female,No,Yes,Yes,10,Yes,No,DSL,No,Yes,Yes,No,No,Yes,One year,Yes,Mailed check,65.9,660.05,0,New(0-12mo),4,1,66.005,13.180000000000001,0,1
Male,No,No,No,66,No,No phone service,DSL,No,No,No,Yes,No,No,One year,No,Credit card (automatic),29.45,1983.15,0,VIP(4yr+),1,1,30.047727272727276,14.725,0,1
Male,No,Yes,No,49,Yes,No,Fiber optic,No,Yes,No,No,Yes,No,Month-to-month,Yes,Credit card (automatic),85.3,4297.95,0,VIP(4yr+),3,1,87.71326530612245,21.325,1,0
Male,No,Yes,Yes,55,Yes,No,DSL,No,No,Yes,Yes,No,No,Two year,Yes,Credit card (automatic),55.25,3119.9,0,VIP(4yr+),3,1,56.72545454545455,13.8125,0,2
Male,No,No,No,1,Yes,No,DSL,No,No,No,No,No,No,Month-to-month,Yes,Bank transfer (automatic),44.05,44.05,0,New(0-12mo),1,1,44.05,22.025,1,0
Female,Yes,Yes,No,72,Yes,Yes,Fiber optic,Yes,No,No,No,No,No,Two year,No,Bank transfer (automatic),78.5,5602.25,0,VIP(4yr+),3,1,77.80902777777777,19.625,0,2
Male,No,No,No,3,Yes,No,No,No internet service,No internet service,No internet service,No internet service,No internet service,No internet service,One year,No,Mailed check,21.2,52.05,0,New(0-12mo),1,0,17.349999999999998,10.6,0,1
Female,No,No,No,1,Yes,No,Fiber optic,No,Yes,No,No,Yes,No,Month-to-month,No,Electronic check,84.3,84.3,1,New(0-12mo),3,1,84.3,21.075,1,0
Female,Yes,No,No,56,Yes,Yes,Fiber optic,No,Yes,Yes,No,Yes,Yes,Month-to-month,No,Electronic check,104.75,5841.35,0,VIP(4yr+),6,1,104.30982142857144,14.964285714285714,1,0
Male,No,No,No,20,Yes,No,DSL,No,Yes,No,No,No,No,Month-to-month,Yes,Mailed check,51.8,1023.85,0,Established(1-2yr),2,1,51.1925,17.266666666666666,1,0
Male,No,Yes,Yes,28,No,No phone service,DSL,No,Yes,Yes,Yes,Yes,Yes,One year,Yes,Credit card (automatic),60.0,1682.05,0,Loyal(2-4yr),5,1,60.073214285714286,10.0,0,1
Female,No,No,No,22,Yes,Yes,No,No internet service,No internet service,No internet service,No internet service,No internet service,No internet service,Two year,No,Mailed check,26.25,605.9,0,Established(1-2yr),2,0,27.54090909090909,8.75,0,2
Female,No,No,No,9,Yes,No,DSL,No,No,No,No,No,No,Month-to-month,No,Electronic check,45.15,416.45,1,New(0-12mo),1,1,46.27222222222222,22.575,1,0
Female,No,No,No,49,Yes,No,DSL,No,No,Yes,Yes,Yes,Yes,Two year,Yes,Bank transfer (automatic),74.45,3721.9,0,VIP(4yr+),5,1,75.95714285714286,12.408333333333333,0,2
Female,No,Yes,Yes,0,Yes,No,No,No internet service,No internet service,No internet service,No internet service,No internet service,No internet service,Two year,No,Mailed check,20.0,0.0,0,New(0-12mo),1,0,0.0,10.0,0,2
Female,No,No,No,2,Yes,No,Fiber optic,Yes,Yes,No,No,Yes,No,Month-to-month,Yes,Electronic check,91.15,168.5,0,New(0-12mo),4,1,84.25,18.23,1,0
Male,Yes,No,No,1,Yes,Yes,Fiber optic,No,No,No,No,No,No,Month-to-month,Yes,Electronic check,76.45,76.45,1,New(0-12mo),2,1,76.45,25.483333333333334,1,0
Male,No,No,No,56,Yes,No,DSL,Yes,No,Yes,No,No,No,One year,No,Mailed check,52.7,3019.7,0,VIP(4yr+),3,1,53.92321428571428,13.175,0,1
Male,No,No,No,14,Yes,No,No,No internet service,No internet service,No internet service,No internet service,No internet service,No internet service,Month-to-month,No,Mailed check,19.9,283.75,0,Established(1-2yr),1,0,20.267857142857142,9.95,1,0
Female,No,No,No,12,Yes,Yes,Fiber optic,No,No,Yes,No,Yes,Yes,Month-to-month,Yes,Bank transfer (automatic),100.15,1164.3,1,New(0-12mo),5,1,97.02499999999999,16.691666666666666,1,0
Male,Yes,No,No,18,Yes,Yes,Fiber optic,No,No,Yes,Yes,Yes,No,Month-to-month,No,Bank transfer (automatic),93.9,1743.9,0,Established(1-2yr),5,1,96.88333333333334,15.65,1,0
Male,No,Yes,No,9,Yes,Yes,DSL,No,Yes,Yes,No,No,Yes,Month-to-month,Yes,Credit card (automatic),69.05,653.95,0,New(0-12mo),5,1,72.66111111111111,11.508333333333333,1,0
Male,Yes,Yes,No,60,Yes,Yes,Fiber optic,No,No,No,Yes,Yes,Yes,Month-to-month,Yes,Electronic check,99.0,6017.9,0,VIP(4yr+),5,1,100.29833333333333,16.5,1,0
Female,Yes,No,No,30,Yes,Yes,Fiber optic,Yes,Yes,Yes,No,No,No,Month-to-month,No,Credit card (automatic),91.7,2758.15,1,Loyal(2-4yr),5,1,91.93833333333333,15.283333333333333,1,0
Female,Yes,No,No,4,Yes,Yes,DSL,No,No,No,No,No,No,Month-to-month,No,Mailed check,48.75,179.85,0,New(0-12mo),2,1,44.9625,16.25,1,0
Female,No,No,No,41,Yes,Yes,DSL,No,Yes,Yes,No,Yes,Yes,One year,Yes,Electronic check,80.55,3263.9,0,Loyal(2-4yr),6,1,79.60731707317073,11.507142857142856,0,1
Male,Yes,No,No,24,Yes,No,Fiber optic,No,No,No,No,No,No,Month-to-month,No,Credit card (automatic),70.0,1732.6,0,Established(1-2yr),1,1,72.19166666666666,35.0,1,0
Male,No,Yes,Yes,2,Yes,No,No,No internet service,No internet service,No internet service,No internet service,No internet service,No internet service,One year,No,Mailed check,20.2,34.75,0,New(0-12mo),1,0,17.375,10.1,0,1
Female,Yes,Yes,No,68,Yes,Yes,Fiber optic,No,Yes,No,No,Yes,Yes,Month-to-month,Yes,Electronic check,100.2,6851.65,1,VIP(4yr+),5,1,100.7595588235294,16.7,1,0
Male,Yes,Yes,No,15,Yes,Yes,Fiber optic,Yes,No,Yes,No,Yes,No,Month-to-month,Yes,Electronic check,96.5,1392.25,0,Established(1-2yr),5,1,92.81666666666666,16.083333333333332,1,0
Female,No,No,No,11,Yes,No,DSL,No,No,Yes,Yes,No,Yes,One year,No,Credit card (automatic),64.9,697.25,0,New(0-12mo),4,1,63.38636363636363,12.98,0,1
Male,No,No,No,1,Yes,No,No,No internet service,No internet service,No internet service,No internet service,No internet service,No internet service,Month-to-month,No,Mailed check,20.2,20.2,0,New(0-12mo),1,0,20.2,10.1,1,0
Female,No,Yes,No,37,Yes,Yes,Fiber optic,No,No,Yes,No,Yes,Yes,Month-to-month,Yes,Electronic check,99.5,3762.0,1,Loyal(2-4yr),5,1,101.67567567567568,16.583333333333332,1,0
Male,No,No,No,40,Yes,Yes,Fiber optic,No,No,No,No,Yes,No,Month-to-month,Yes,Electronic check,84.9,3369.05,0,Loyal(2-4yr),3,1,84.22625000000001,21.225,1,0
Male,Yes,No,No,56,Yes,Yes,Fiber optic,No,No,Yes,No,Yes,Yes,Month-to-month,Yes,Electronic check,101.05,5594.0,0,VIP(4yr+),5,1,99.89285714285714,16.841666666666665,1,0
Male,No,Yes,Yes,9,Yes,Yes,Fiber optic,No,No,Yes,No,No,No,Month-to-month,Yes,Bank transfer (automatic),79.35,661.25,1,New(0-12mo),3,1,73.47222222222223,19.8375,1,0
Male,No,No,No,1,Yes,No,Fiber optic,No,No,No,No,No,No,Month-to-month,Yes,Electronic check,69.35,69.35,1,New(0-12mo),1,1,69.35,34.675,1,0
Male,No,Yes,No,37,Yes,No,No,No internet service,No internet service,No internet service,No internet service,No internet service,No internet service,Month-to-month,No,Bank transfer (automatic),20.35,697.65,0,Loyal(2-4yr),1,0,18.855405405405406,10.175,1,0
Male,Yes,No,No,64,Yes,Yes,Fiber optic,No,No,Yes,Yes,Yes,Yes,One year,No,Electronic check,102.1,6688.1,0,VIP(4yr+),6,1,104.5015625,14.585714285714285,0,1
Male,No,No,No,4,Yes,No,DSL,No,No,No,Yes,No,No,Month-to-month,Yes,Mailed check,50.8,202.3,0,New(0-12mo),2,1,50.575,16.933333333333334,1,0
Female,No,Yes,Yes,17,Yes,Yes,Fiber optic,No,No,No,No,No,Yes,Month-to-month,Yes,Electronic check,85.45,1451.6,1,Established(1-2yr),3,1,85.38823529411764,21.3625,1,0
Female,No,Yes,No,67,Yes,No,No,No internet service,No internet service,No internet service,No internet service,No internet service,No internet service,Two year,No,Mailed check,19.65,1335.2,0,VIP(4yr+),1,0,19.928358208955224,9.825,0,2
Female,No,Yes,Yes,8,Yes,No,Fiber optic,No,Yes,No,No,Yes,No,Month-to-month,Yes,Electronic check,83.55,680.05,1,New(0-12mo),3,1,85.00625,20.8875,1,0
Male,No,Yes,Yes,44,No,No phone service,DSL,Yes,Yes,Yes,Yes,No,Yes,Two year,Yes,Credit card (automatic),54.05,2375.2,0,Loyal(2-4yr),5,1,53.98181818181818,9.008333333333333,0,2
Male,No,Yes,Yes,17,Yes,Yes,DSL,Yes,No,Yes,No,Yes,No,One year,Yes,Bank transfer (automatic),70.35,1201.65,0,Established(1-2yr),5,1,70.68529411764706,11.725,0,1
Male,No,Yes,No,47,Yes,Yes,Fiber optic,No,Yes,No,No,No,No,One year,Yes,Electronic check,78.9,3650.35,0,Loyal(2-4yr),3,1,77.66702127659575,19.725,0,1
Female,No,No,Yes,17,Yes,Yes,DSL,No,No,Yes,No,No,No,One year,Yes,Mailed check,55.85,937.5,1,Established(1-2yr),3,1,55.14705882352941,13.9625,0,1
Male,No,Yes,Yes,60,Yes,Yes,Fiber optic,No,No,No,No,No,No,Month-to-month,No,Bank transfer (automatic),74.35,4453.3,0,VIP(4yr+),2,1,74.22166666666666,24.78333333333333,1,0
Male,Yes,Yes,No,2,Yes,No,Fiber optic,No,No,Yes,No,Yes,Yes,Month-to-month,Yes,Credit card (automatic),95.5,181.65,0,New(0-12mo),4,1,90.825,19.1,1,0
Female,No,Yes,Yes,71,No,No phone service,DSL,Yes,Yes,No,Yes,Yes,Yes,Two year,No,Mailed check,58.65,4145.25,0,VIP(4yr+),5,1,58.38380281690141,9.775,0,2
Female,No,Yes,No,41,Yes,No,No,No internet service,No internet service,No internet service,No internet service,No internet service,No internet service,Two year,No,Credit card (automatic),20.65,875.55,0,Loyal(2-4yr),1,0,21.35487804878049,10.325,0,2
Male,No,Yes,No,57,No,No phone service,DSL,No,Yes,Yes,Yes,Yes,Yes,Two year,Yes,Bank transfer (automatic),57.5,3265.95,0,VIP(4yr+),5,1,57.29736842105263,9.583333333333334,0,2
Male,No,Yes,No,71,Yes,Yes,DSL,No,Yes,Yes,Yes,Yes,Yes,Two year,No,Credit card (automatic),84.2,5956.85,0,VIP(4yr+),7,1,83.8992957746479,10.525,0,2
Male,No,Yes,Yes,47,Yes,Yes,Fiber optic,Yes,Yes,Yes,Yes,Yes,Yes,One year,Yes,Bank transfer (automatic),113.45,5317.8,0,Loyal(2-4yr),8,1,113.14468085106384,12.605555555555556,0,1
Male,No,No,No,31,Yes,Yes,Fiber optic,No,Yes,No,No,No,No,Month-to-month,Yes,Electronic check,80.45,2429.1,0,Loyal(2-4yr),3,1,78.35806451612903,20.1125,1,0
Male,No,No,No,9,Yes,Yes,DSL,No,No,No,No,No,Yes,Month-to-month,No,Mailed check,59.9,542.4,0,New(0-12mo),3,1,60.266666666666666,14.975,1,0
Male,No,Yes,No,22,Yes,No,Fiber optic,No,No,Yes,No,Yes,Yes,Month-to-month,Yes,Credit card (automatic),94.7,1914.9,1,Established(1-2yr),4,1,87.0409090909091,18.94,1,0
Male,No,Yes,Yes,51,Yes,No,DSL,Yes,Yes,No,Yes,No,No,Two year,No,Credit card (automatic),60.5,3121.45,0,VIP(4yr+),4,1,61.20490196078431,12.1,0,2
Female,Yes,No,No,28,Yes,Yes,DSL,No,Yes,Yes,Yes,No,No,Month-to-month,No,Bank transfer (automatic),64.45,1867.6,0,Loyal(2-4yr),5,1,66.7,10.741666666666667,1,0
Male,Yes,Yes,No,70,Yes,Yes,DSL,Yes,Yes,Yes,Yes,Yes,Yes,Two year,No,Credit card (automatic),90.05,6333.4,0,VIP(4yr+),8,1,90.47714285714285,10.005555555555555,0,2
Female,No,No,No,8,Yes,Yes,Fiber optic,No,No,No,No,No,No,Month-to-month,Yes,Credit card (automatic),74.6,548.9,0,New(0-12mo),2,1,68.6125,24.866666666666664,1,0
Female,No,Yes,Yes,38,Yes,No,No,No internet service,No internet service,No internet service,No internet service,No internet service,No internet service,Two year,Yes,Mailed check,20.2,746.05,0,Loyal(2-4yr),1,0,19.632894736842104,10.1,0,2
Female,No,No,No,33,Yes,Yes,Fiber optic,No,No,No,No,No,Yes,Month-to-month,Yes,Electronic check,83.35,2757.85,1,Loyal(2-4yr),3,1,83.57121212121211,20.8375,1,0
Male,No,Yes,Yes,5,Yes,No,No,No internet service,No internet service,No internet service,No internet service,No internet service,No internet service,Month-to-month,No,Mailed check,19.45,86.05,0,New(0-12mo),1,0,17.21,9.725,1,0
Male,No,No,Yes,56,Yes,No,No,No internet service,No internet service,No internet service,No internet service,No internet service,No internet service,One year,Yes,Mailed check,21.2,1238.65,0,VIP(4yr+),1,0,22.118750000000002,10.6,0,1
Female,No,No,No,42,Yes,No,DSL,Yes,No,Yes,No,No,No,Month-to-month,No,Credit card (automatic),54.55,2455.05,0,Loyal(2-4yr),3,1,58.453571428571436,13.6375,1,0
Male,No,Yes,Yes,71,Yes,Yes,Fiber optic,Yes,Yes,Yes,Yes,Yes,Yes,Two year,Yes,Bank transfer (automatic),116.05,8297.5,0,VIP(4yr+),8,1,116.86619718309859,12.894444444444444,0,2
Female,No,Yes,Yes,13,Yes,No,No,No internet service,No internet service,No internet service,No internet service,No internet service,No internet service,Two year,No,Mailed check,19.55,265.3,0,Established(1-2yr),1,0,20.407692307692308,9.775,0,2
Male,No,No,No,19,Yes,No,Fiber optic,No,No,Yes,Yes,Yes,No,Month-to-month,No,Mailed check,89.95,1682.4,0,Established(1-2yr),4,1,88.54736842105264,17.990000000000002,1,0
Male,Yes,Yes,No,4,Yes,Yes,Fiber optic,No,No,No,No,No,No,Month-to-month,Yes,Mailed check,74.4,306.6,1,New(0-12mo),2,1,76.65,24.8,1,0
Male,Yes,Yes,No,14,Yes,No,No,No internet service,No internet service,No internet service,No internet service,No internet service,No internet service,One year,No,Mailed check,19.65,228.65,0,Established(1-2yr),1,0,16.33214285714286,9.825,0,1
Female,No,No,No,38,Yes,No,Fiber optic,No,Yes,Yes,Yes,No,No,Month-to-month,Yes,Credit card (automatic),84.25,3264.5,1,Loyal(2-4yr),4,1,85.90789473684211,16.85,1,0
Male,No,Yes,Yes,72,No,No phone service,DSL,Yes,Yes,Yes,Yes,Yes,Yes,Two year,Yes,Credit card (automatic),65.1,4754.3,0,VIP(4yr+),6,1,66.03194444444445,9.299999999999999,0,2
Female,No,Yes,No,6,Yes,Yes,Fiber optic,No,Yes,Yes,No,Yes,Yes,Month-to-month,Yes,Electronic check,105.3,545.2,1,New(0-12mo),6,1,90.86666666666667,15.042857142857143,1,0
Male,No,Yes,No,72,Yes,Yes,DSL,Yes,Yes,Yes,Yes,No,No,Two year,Yes,Bank transfer (automatic),67.8,4804.65,0,VIP(4yr+),6,1,66.73124999999999,9.685714285714285,0,2
Male,No,Yes,No,53,Yes,Yes,Fiber optic,No,Yes,No,Yes,No,Yes,One year,No,Bank transfer (automatic),97.75,5043.2,0,VIP(4yr+),5,1,95.15471698113207,16.291666666666668,0,1
Female,No,Yes,No,49,Yes,No,Fiber optic,No,Yes,Yes,No,Yes,Yes,Month-to-month,No,Electronic check,99.4,5025.0,0,VIP(4yr+),5,1,102.55102040816327,16.566666666666666,1,0
Male,No,No,No,1,Yes,No,DSL,No,No,No,No,Yes,Yes,Month-to-month,Yes,Mailed check,62.8,62.8,0,New(0-12mo),3,1,62.8,15.7,1,0
Female,No,No,No,10,Yes,No,DSL,No,Yes,No,Yes,No,Yes,One year,No,Mailed check,64.9,685.55,0,New(0-12mo),4,1,68.55499999999999,12.98,0,1
Female,No,No,No,2,Yes,Yes,Fiber optic,No,No,No,No,Yes,Yes,Month-to-month,Yes,Electronic check,96.0,174.8,1,New(0-12mo),4,1,87.4,19.2,1,0
Male,No,No,No,6,Yes,No,Fiber optic,No,Yes,No,No,Yes,No,Month-to-month,Yes,Electronic check,84.85,523.5,1,New(0-12mo),3,1,87.25,21.2125,1,0
Female,Yes,No,No,15,Yes,No,Fiber optic,Yes,No,Yes,Yes,No,Yes,Month-to-month,Yes,Mailed check,96.3,1426.75,1,Established(1-2yr),5,1,95.11666666666666,16.05,1,0
Male,No,Yes,Yes,52,Yes,Yes,No,No internet service,No internet service,No internet service,No internet service,No internet service,No internet service,Two year,No,Mailed check,24.55,1331.05,0,VIP(4yr+),2,0,25.597115384615385,8.183333333333334,0,2
Female,No,Yes,Yes,39,Yes,No,No,No internet service,No internet service,No internet service,No internet service,No internet service,No internet service,Two year,No,Mailed check,19.75,757.95,0,Loyal(2-4yr),1,0,19.434615384615388,9.875,0,2
Female,No,No,No,13,No,No phone service,DSL,No,Yes,No,No,No,No,Month-to-month,Yes,Electronic check,31.05,347.25,1,Established(1-2yr),1,1,26.71153846153846,15.525,1,0
Male,No,Yes,No,17,No,No phone service,DSL,Yes,No,Yes,No,No,No,Month-to-month,No,Mailed check,34.4,592.75,0,Established(1-2yr),2,1,34.86764705882353,11.466666666666667,1,0
Male,No,No,No,58,Yes,Yes,Fiber optic,No,Yes,Yes,No,Yes,Yes,One year,Yes,Bank transfer (automatic),103.25,6017.65,1,VIP(4yr+),6,1,103.75258620689655,14.75,0,1
Male,No,Yes,Yes,71,Yes,No,Fiber optic,Yes,Yes,Yes,Yes,Yes,No,Two year,No,Credit card (automatic),100.2,7209.0,0,VIP(4yr+),6,1,101.53521126760563,14.314285714285715,0,2
Male,No,Yes,No,72,Yes,Yes,DSL,No,Yes,Yes,Yes,Yes,Yes,Two year,No,Bank transfer (automatic),85.95,6151.9,0,VIP(4yr+),7,1,85.44305555555555,10.74375,0,2
Female,No,Yes,No,71,Yes,Yes,DSL,Yes,Yes,Yes,Yes,Yes,Yes,Two year,No,Credit card (automatic),85.75,6223.8,0,VIP(4yr+),8,1,87.65915492957747,9.527777777777779,0,2
Male,No,Yes,Yes,68,Yes,Yes,DSL,No,Yes,No,Yes,No,Yes,Two year,No,Credit card (automatic),70.8,4859.95,0,VIP(4yr+),5,1,71.46985294117647,11.799999999999999,0,2
Female,No,Yes,No,71,Yes,No,No,No internet service,No internet service,No internet service,No internet service,No internet service,No internet service,Two year,No,Mailed check,19.6,1416.5,0,VIP(4yr+),1,0,19.950704225352112,9.8,0,2
Male,No,No,No,8,Yes,Yes,Fiber optic,No,No,No,No,No,No,Month-to-month,Yes,Electronic check,74.85,572.45,0,New(0-12mo),2,1,71.55625,24.95,1,0
Female,No,No,No,66,Yes,Yes,DSL,Yes,Yes,Yes,Yes,Yes,Yes,Two year,Yes,Credit card (automatic),90.05,5965.95,0,VIP(4yr+),8,1,90.39318181818182,10.005555555555555,0,2
Female,No,Yes,No,11,Yes,Yes,Fiber optic,No,No,Yes,No,Yes,Yes,Month-to-month,Yes,Electronic check,99.5,1056.95,1,New(0-12mo),5,1,96.08636363636364,16.583333333333332,1,0
Female,Yes,Yes,No,1,Yes,No,Fiber optic,No,No,No,No,No,No,Month-to-month,Yes,Electronic check,69.55,69.55,1,New(0-12mo),1,1,69.55,34.775,1,0
Male,Yes,No,No,38,Yes,No,DSL,No,Yes,Yes,Yes,Yes,No,One year,Yes,Credit card (automatic),70.15,2497.35,1,Loyal(2-4yr),5,1,65.71973684210526,11.691666666666668,0,1
Female,No,Yes,Yes,20,Yes,Yes,No,No internet service,No internet service,No internet service,No internet service,No internet service,No internet service,Month-to-month,Yes,Bank transfer (automatic),25.55,507.4,0,Established(1-2yr),2,0,25.369999999999997,8.516666666666667,1,0
Female,No,Yes,Yes,72,Yes,Yes,Fiber optic,Yes,Yes,No,No,Yes,Yes,One year,Yes,Electronic check,104.15,7303.05,0,VIP(4yr+),6,1,101.43125,14.87857142857143,0,1
Female,No,No,No,35,Yes,No,DSL,No,No,Yes,No,No,Yes,Month-to-month,Yes,Electronic check,62.1,2096.1,0,Loyal(2-4yr),3,1,59.888571428571424,15.525,1,0
Female,Yes,Yes,No,42,Yes,Yes,Fiber optic,No,Yes,Yes,No,Yes,No,Month-to-month,Yes,Electronic check,95.55,3930.6,0,Loyal(2-4yr),5,1,93.58571428571429,15.924999999999999,1,0
Female,Yes,Yes,No,5,Yes,Yes,Fiber optic,No,Yes,No,No,No,No,Month-to-month,Yes,Electronic check,81.0,371.65,1,New(0-12mo),3,1,74.33,20.25,1,0
Female,Yes,No,No,45,Yes,Yes,Fiber optic,Yes,Yes,No,Yes,Yes,No,Month-to-month,Yes,Electronic check,97.05,4385.05,0,Loyal(2-4yr),6,1,97.44555555555556,13.864285714285714,1,0
Female,No,Yes,Yes,1,Yes,No,No,No internet service,No internet service,No internet service,No internet service,No internet service,No internet service,Month-to-month,Yes,Electronic check,21.0,21.0,1,New(0-12mo),1,0,21.0,10.5,1,0
Male,No,No,No,39,Yes,Yes,Fiber optic,No,No,No,No,No,No,Month-to-month,Yes,Credit card (automatic),73.15,2730.85,0,Loyal(2-4yr),2,1,70.02179487179487,24.383333333333336,1,0
Female,No,Yes,Yes,6,Yes,No,DSL,Yes,Yes,No,No,No,No,Month-to-month,No,Credit card (automatic),55.9,365.35,1,New(0-12mo),3,1,60.89166666666667,13.975,1,0
Male,Yes,Yes,No,51,No,No phone service,DSL,No,Yes,No,No,No,No,Month-to-month,Yes,Credit card (automatic),29.45,1459.35,0,VIP(4yr+),1,1,28.61470588235294,14.725,1,0
Male,Yes,Yes,No,21,Yes,No,Fiber optic,No,No,Yes,No,Yes,No,Month-to-month,No,Bank transfer (automatic),86.55,1857.25,0,Established(1-2yr),3,1,88.44047619047619,21.6375,1,0
Male,No,Yes,No,56,Yes,Yes,DSL,No,Yes,Yes,No,No,No,Two year,No,Credit card (automatic),59.5,3389.25,0,VIP(4yr+),4,1,60.52232142857143,11.9,0,2
Female,No,No,No,12,Yes,Yes,DSL,No,No,No,Yes,Yes,Yes,One year,No,Mailed check,74.05,872.65,1,New(0-12mo),5,1,72.72083333333333,12.341666666666667,0,1
Male,No,Yes,No,14,Yes,Yes,Fiber optic,No,Yes,Yes,No,No,No,Month-to-month,Yes,Electronic check,82.65,1185.0,0,Established(1-2yr),4,1,84.64285714285714,16.53,1,0
Female,No,No,Yes,46,Yes,No,Fiber optic,No,Yes,Yes,No,Yes,Yes,Month-to-month,Yes,Electronic check,99.8,4391.25,0,Loyal(2-4yr),5,1,95.46195652173913,16.633333333333333,1,0
Male,No,No,No,48,Yes,No,DSL,No,Yes,Yes,Yes,Yes,Yes,Two year,No,Credit card (automatic),78.9,3771.5,0,Loyal(2-4yr),6,1,78.57291666666667,11.271428571428572,0,2
Female,No,No,No,15,Yes,Yes,No,No internet service,No internet service,No internet service,No internet service,No internet service,No internet service,Month-to-month,Yes,Credit card (automatic),25.4,399.6,1,Established(1-2yr),2,0,26.64,8.466666666666667,1,0
Male,Yes,No,No,46,Yes,No,Fiber optic,Yes,No,No,No,No,Yes,Month-to-month,No,Electronic check,85.0,3969.4,1,Loyal(2-4yr),3,1,86.29130434782608,21.25,1,0
Male,No,Yes,No,42,Yes,Yes,Fiber optic,Yes,No,Yes,No,No,Yes,Month-to-month,Yes,Electronic check,94.4,4014.6,0,Loyal(2-4yr),5,1,95.58571428571429,15.733333333333334,1,0
Female,Yes,Yes,No,35,Yes,Yes,Fiber optic,No,No,Yes,No,Yes,Yes,Month-to-month,No,Bank transfer (automatic),102.05,3452.55,0,Loyal(2-4yr),5,1,98.64428571428572,17.008333333333333,1,0
Male,No,Yes,Yes,24,Yes,Yes,DSL,Yes,No,No,Yes,Yes,Yes,Month-to-month,No,Bank transfer (automatic),81.0,1923.85,0,Established(1-2yr),6,1,80.16041666666666,11.571428571428571,1,0
Male,No,No,No,72,Yes,Yes,DSL,Yes,Yes,No,Yes,Yes,Yes,Two year,No,Credit card (automatic),86.05,6309.65,0,VIP(4yr+),7,1,87.63402777777777,10.75625,0,2
Female,No,No,No,33,Yes,Yes,DSL,Yes,No,No,Yes,No,No,One year,No,Electronic check,59.4,1952.8,0,Loyal(2-4yr),4,1,59.17575757575757,11.879999999999999,0,1
Male,No,Yes,Yes,56,Yes,No,DSL,Yes,Yes,Yes,No,No,No,Two year,Yes,Bank transfer (automatic),59.8,3457.45,0,VIP(4yr+),4,1,61.740178571428565,11.959999999999999,0,2
Male,Yes,No,No,12,No,No phone service,DSL,No,Yes,No,No,No,No,Month-to-month,Yes,Credit card (automatic),29.35,381.2,0,New(0-12mo),1,1,31.766666666666666,14.675,1,0
Female,Yes,Yes,No,62,Yes,No,DSL,Yes,No,Yes,Yes,Yes,Yes,Two year,Yes,Credit card (automatic),79.95,4819.75,0,VIP(4yr+),6,1,77.73790322580645,11.421428571428573,0,2
Male,No,Yes,Yes,72,Yes,Yes,Fiber optic,Yes,Yes,Yes,Yes,Yes,No,Two year,Yes,Credit card (automatic),106.1,7548.6,0,VIP(4yr+),7,1,104.84166666666667,13.2625,0,2
Male,No,No,No,3,Yes,No,DSL,No,No,No,No,No,No,Month-to-month,Yes,Electronic check,45.35,141.5,1,New(0-12mo),1,1,47.166666666666664,22.675,1,0
Female,No,No,No,56,Yes,Yes,Fiber optic,No,Yes,No,Yes,Yes,Yes,Month-to-month,Yes,Bank transfer (automatic),105.45,5916.95,0,VIP(4yr+),6,1,105.65982142857142,15.064285714285715,1,0
Male,No,No,No,59,Yes,No,DSL,No,No,Yes,Yes,Yes,No,Month-to-month,Yes,Electronic check,64.65,3735.45,0,VIP(4yr+),4,1,63.31271186440678,12.930000000000001,1,0
Female,No,Yes,No,32,Yes,No,Fiber optic,Yes,No,No,No,No,No,Month-to-month,Yes,Bank transfer (automatic),75.5,2324.7,0,Loyal(2-4yr),2,1,72.646875,25.166666666666668,1,0
Male,No,Yes,No,23,Yes,Yes,Fiber optic,Yes,Yes,Yes,No,Yes,No,Month-to-month,Yes,Electronic check,99.25,2186.4,1,Established(1-2yr),6,1,95.0608695652174,14.178571428571429,1,0
Male,Yes,Yes,No,57,Yes,No,Fiber optic,No,Yes,Yes,No,Yes,No,One year,Yes,Electronic check,90.65,5199.8,0,VIP(4yr+),4,1,91.22456140350877,18.130000000000003,0,1
Male,No,No,Yes,43,No,No phone service,DSL,Yes,Yes,Yes,No,No,No,Month-to-month,Yes,Electronic check,40.45,1912.85,0,Loyal(2-4yr),3,1,44.48488372093023,10.1125,1,0
Male,No,No,No,2,Yes,No,DSL,No,No,No,No,No,No,Month-to-month,No,Bank transfer (automatic),44.9,111.05,0,New(0-12mo),1,1,55.525,22.45,1,0
Female,No,Yes,Yes,14,Yes,No,Fiber optic,No,Yes,No,Yes,No,Yes,Month-to-month,Yes,Credit card (automatic),89.65,1208.35,1,Established(1-2yr),4,1,86.31071428571428,17.93,1,0
Female,Yes,Yes,No,72,Yes,Yes,Fiber optic,No,Yes,Yes,Yes,Yes,Yes,Two year,Yes,Credit card (automatic),110.8,7882.25,0,VIP(4yr+),7,1,109.47569444444444,13.85,0,2
Male,No,No,No,61,Yes,Yes,Fiber optic,Yes,Yes,Yes,No,Yes,Yes,One year,Yes,Electronic check,107.75,6521.9,0,VIP(4yr+),7,1,106.91639344262295,13.46875,0,1
Female,No,Yes,Yes,19,Yes,No,No,No internet service,No internet service,No internet service,No internet service,No internet service,No internet service,Month-to-month,No,Mailed check,20.2,382.2,0,Established(1-2yr),1,0,20.11578947368421,10.1,1,0
Female,No,Yes,No,53,Yes,Yes,Fiber optic,No,No,No,Yes,No,Yes,One year,Yes,Electronic check,91.15,4862.5,0,VIP(4yr+),4,1,91.74528301886792,18.23,0,1
Male,No,Yes,Yes,69,Yes,Yes,Fiber optic,No,No,No,Yes,Yes,Yes,Two year,Yes,Electronic check,99.35,6856.45,0,VIP(4yr+),5,1,99.36884057971014,16.558333333333334,0,2
Female,No,Yes,No,6,Yes,No,No,No internet service,No internet service,No internet service,No internet service,No internet service,No internet service,Month-to-month,No,Bank transfer (automatic),19.5,146.3,1,New(0-12mo),1,0,24.383333333333336,9.75,1,0
Female,No,No,No,1,Yes,No,No,No internet service,No internet service,No internet service,No internet service,No internet service,No internet service,Month-to-month,No,Mailed check,20.15,20.15,0,New(0-12mo),1,0,20.15,10.075,1,0
Male,No,No,No,21,Yes,No,DSL,No,No,Yes,No,No,Yes,Month-to-month,No,Mailed check,61.65,1393.6,0,Established(1-2yr),3,1,66.36190476190475,15.4125,1,0
Male,Yes,Yes,No,32,Yes,Yes,Fiber optic,No,No,No,No,No,Yes,Month-to-month,Yes,Electronic check,85.0,2642.05,1,Loyal(2-4yr),3,1,82.5640625,21.25,1,0
Male,No,Yes,No,71,Yes,Yes,Fiber optic,No,Yes,Yes,Yes,Yes,Yes,Two year,Yes,Credit card (automatic),108.6,7690.9,1,VIP(4yr+),7,1,108.3225352112676,13.575,0,2
Male,No,No,Yes,66,Yes,Yes,DSL,Yes,Yes,No,Yes,No,No,Two year,No,Bank transfer (automatic),65.7,4378.9,0,VIP(4yr+),5,1,66.3469696969697,10.950000000000001,0,2
Male,No,Yes,Yes,70,Yes,No,DSL,Yes,Yes,Yes,No,Yes,Yes,Two year,Yes,Credit card (automatic),80.15,5600.15,0,VIP(4yr+),6,1,80.00214285714286,11.450000000000001,0,2
Female,No,Yes,Yes,72,No,No phone service,DSL,Yes,Yes,Yes,Yes,Yes,Yes,Two year,No,Bank transfer (automatic),65.7,4575.35,0,VIP(4yr+),6,1,63.54652777777778,9.385714285714286,0,2
Female,No,No,Yes,62,Yes,Yes,Fiber optic,No,No,Yes,No,Yes,Yes,One year,Yes,Electronic check,100.15,6413.65,1,VIP(4yr+),5,1,103.44596774193548,16.691666666666666,0,1
Female,No,No,No,6,Yes,No,DSL,Yes,No,No,No,No,No,Month-to-month,Yes,Electronic check,49.45,314.6,0,New(0-12mo),2,1,52.43333333333334,16.483333333333334,1,0
Female,No,No,No,40,No,No phone service,DSL,Yes,No,No,Yes,Yes,Yes,One year,Yes,Bank transfer (automatic),54.55,2236.2,0,Loyal(2-4yr),4,1,55.904999999999994,10.91,0,1
Female,Yes,No,No,8,Yes,Yes,Fiber optic,No,No,No,No,No,No,Month-to-month,Yes,Electronic check,75.75,606.25,1,New(0-12mo),2,1,75.78125,25.25,1,0
Female,Yes,Yes,No,47,Yes,Yes,Fiber optic,Yes,No,No,No,No,No,Month-to-month,No,Electronic check,80.35,3825.85,1,Loyal(2-4yr),3,1,81.40106382978723,20.0875,1,0
Male,Yes,No,No,6,Yes,No,DSL,No,No,No,No,No,No,Month-to-month,No,Credit card (automatic),44.7,276.5,0,New(0-12mo),1,1,46.083333333333336,22.35,1,0
Female,No,Yes,No,1,Yes,No,Fiber optic,No,No,No,No,No,No,Month-to-month,Yes,Mailed check,69.4,69.4,1,New(0-12mo),1,1,69.4,34.7,1,0
Female,No,No,No,15,Yes,Yes,Fiber optic,No,Yes,No,No,Yes,Yes,Month-to-month,Yes,Electronic check,100.15,1415.0,0,Established(1-2yr),5,1,94.33333333333333,16.691666666666666,1,0
Female,No,Yes,No,1,Yes,No,DSL,No,No,No,No,No,No,Month-to-month,Yes,Electronic check,45.0,45.0,0,New(0-12mo),1,1,45.0,22.5,1,0
Female,No,Yes,Yes,55,Yes,No,DSL,Yes,Yes,No,No,No,No,Month-to-month,No,Electronic check,55.7,3131.8,0,VIP(4yr+),3,1,56.941818181818185,13.925,1,0
Female,No,Yes,Yes,54,Yes,Yes,DSL,Yes,Yes,Yes,Yes,Yes,Yes,Two year,No,Credit card (automatic),91.3,4965.0,0,VIP(4yr+),8,1,91.94444444444444,10.144444444444444,0,2
Male,No,Yes,Yes,31,No,No phone service,DSL,Yes,No,Yes,Yes,Yes,Yes,One year,No,Electronic check,59.95,1848.8,0,Loyal(2-4yr),5,1,59.63870967741936,9.991666666666667,0,1
Male,Yes,No,No,10,Yes,No,Fiber optic,No,No,No,No,No,Yes,Month-to-month,Yes,Electronic check,79.25,793.55,1,New(0-12mo),2,1,79.35499999999999,26.416666666666668,1,0
Male,No,No,No,45,Yes,No,No,No internet service,No internet service,No internet service,No internet service,No internet service,No internet service,One year,Yes,Electronic check,20.4,930.45,1,Loyal(2-4yr),1,0,20.67666666666667,10.2,0,1
Male,No,Yes,No,72,Yes,Yes,DSL,No,Yes,Yes,Yes,Yes,Yes,Two year,Yes,Credit card (automatic),85.45,6227.5,0,VIP(4yr+),7,1,86.49305555555556,10.68125,0,2
Female,No,Yes,No,63,Yes,No,Fiber optic,No,Yes,No,No,Yes,Yes,One year,Yes,Electronic check,96.0,6109.75,0,VIP(4yr+),4,1,96.98015873015873,19.2,0,1
Male,Yes,No,No,37,Yes,Yes,Fiber optic,No,No,Yes,No,Yes,Yes,Month-to-month,Yes,Electronic check,101.1,3744.05,1,Loyal(2-4yr),5,1,101.19054054054054,16.849999999999998,1,0
Female,No,Yes,No,28,Yes,Yes,No,No internet service,No internet service,No internet service,No internet service,No internet service,No internet service,One year,No,Mailed check,25.55,672.2,0,Loyal(2-4yr),2,0,24.00714285714286,8.516666666666667,0,1
Male,No,Yes,Yes,72,Yes,Yes,No,No internet service,No internet service,No internet service,No internet service,No internet service,No internet service,Two year,No,Bank transfer (automatic),24.3,1643.25,0,VIP(4yr+),2,0,22.822916666666668,8.1,0,2
Female,No,No,No,13,Yes,No,No,No internet service,No internet service,No internet service,No internet service,No internet service,No internet service,Month-to-month,Yes,Mailed check,19.3,279.3,0,Established(1-2yr),1,0,21.484615384615385,9.65,1,0
Female,Yes,No,No,43,Yes,No,Fiber optic,Yes,Yes,No,Yes,Yes,Yes,Month-to-month,Yes,Credit card (automatic),108.15,4600.7,1,Loyal(2-4yr),6,1,106.99302325581395,15.450000000000001,1,0
Female,No,Yes,Yes,55,Yes,Yes,DSL,Yes,No,Yes,Yes,Yes,Yes,Two year,Yes,Bank transfer (automatic),85.1,4657.95,0,VIP(4yr+),7,1,84.69,10.6375,0,2
Female,No,Yes,Yes,27,Yes,No,DSL,Yes,Yes,Yes,Yes,No,No,One year,No,Mailed check,66.15,1874.45,0,Loyal(2-4yr),5,1,69.42407407407407,11.025,0,1
Female,Yes,No,No,1,No,No phone service,DSL,No,No,No,No,No,No,Month-to-month,Yes,Mailed check,25.7,25.7,1,New(0-12mo),0,1,25.7,25.7,1,0
Male,No,No,No,30,Yes,No,DSL,Yes,No,Yes,No,No,No,Two year,Yes,Mailed check,55.65,1653.85,0,Loyal(2-4yr),3,1,55.12833333333333,13.9125,0,2
Female,No,No,No,22,Yes,No,DSL,Yes,No,No,No,No,No,Month-to-month,Yes,Credit card (automatic),48.8,1054.6,1,Established(1-2yr),2,1,47.93636363636363,16.266666666666666,1,0
Male,No,Yes,Yes,32,Yes,No,Fiber optic,Yes,Yes,No,No,No,Yes,One year,Yes,Electronic check,90.8,3023.85,0,Loyal(2-4yr),4,1,94.4953125,18.16,0,1
Male,No,No,No,2,Yes,No,DSL,No,No,No,No,No,No,Month-to-month,Yes,Credit card (automatic),46.0,84.5,1,New(0-12mo),1,1,42.25,23.0,1,0
Female,No,No,No,1,Yes,No,Fiber optic,No,No,No,Yes,Yes,Yes,Month-to-month,Yes,Electronic check,95.85,95.85,0,New(0-12mo),4,1,95.85,19.169999999999998,1,0
Female,No,Yes,Yes,25,Yes,No,No,No internet service,No internet service,No internet service,No internet service,No internet service,No internet service,One year,No,Mailed check,20.05,520.1,0,Loyal(2-4yr),1,0,20.804000000000002,10.025,0,1
Male,Yes,No,No,19,Yes,Yes,Fiber optic,Yes,No,No,No,Yes,No,Month-to-month,Yes,Electronic check,90.6,1660.0,1,Established(1-2yr),4,1,87.36842105263158,18.119999999999997,1,0
Male,Yes,Yes,No,52,Yes,No,Fiber optic,Yes,No,Yes,Yes,Yes,Yes,One year,Yes,Bank transfer (automatic),104.45,5481.25,0,VIP(4yr+),6,1,105.40865384615384,14.921428571428573,0,1
Female,Yes,Yes,No,3,No,No phone service,DSL,No,Yes,No,No,No,No,Month-to-month,Yes,Electronic check,30.75,82.85,0,New(0-12mo),1,1,27.616666666666664,15.375,1,0
Male,No,Yes,Yes,46,Yes,Yes,No,No internet service,No internet service,No internet service,No internet service,No internet service,No internet service,One year,No,Electronic check,24.9,1174.8,0,Loyal(2-4yr),2,0,25.539130434782606,8.299999999999999,0,1
Female,No,No,No,42,Yes,No,No,No internet service,No internet service,No internet service,No internet service,No internet service,No internet service,One year,Yes,Mailed check,20.65,958.1,0,Loyal(2-4yr),1,0,22.811904761904763,10.325,0,1
Female,No,No,No,70,Yes,Yes,Fiber optic,Yes,Yes,Yes,Yes,Yes,Yes,Two year,Yes,Bank transfer (automatic),113.65,7939.25,0,VIP(4yr+),8,1,113.41785714285714,12.627777777777778,0,2
Male,No,No,Yes,8,No,No phone service,DSL,No,No,No,No,No,No,Month-to-month,No,Mailed check,25.5,215.2,1,New(0-12mo),0,1,26.9,25.5,1,0
Female,No,Yes,Yes,68,Yes,No,DSL,Yes,Yes,Yes,Yes,Yes,Yes,Two year,Yes,Credit card (automatic),85.0,5607.75,0,VIP(4yr+),7,1,82.46691176470588,10.625,0,2
Female,No,No,Yes,1,Yes,No,Fiber optic,No,No,No,No,No,Yes,Month-to-month,No,Electronic check,78.65,78.65,1,New(0-12mo),2,1,78.65,26.21666666666667,1,0
Male,No,Yes,Yes,7,Yes,No,DSL,No,No,No,No,No,No,Month-to-month,No,Electronic check,44.75,333.65,0,New(0-12mo),1,1,47.66428571428571,22.375,1,0
Male,Yes,Yes,No,7,Yes,No,Fiber optic,No,No,No,No,Yes,Yes,Month-to-month,Yes,Electronic check,89.0,605.45,0,New(0-12mo),3,1,86.49285714285715,22.25,1,0
Male,No,Yes,Yes,40,No,No phone service,DSL,No,Yes,Yes,Yes,Yes,Yes,One year,No,Mailed check,60.3,2448.5,0,Loyal(2-4yr),5,1,61.2125,10.049999999999999,0,1
Male,Yes,Yes,No,62,Yes,Yes,Fiber optic,No,Yes,No,No,No,Yes,Month-to-month,Yes,Bank transfer (automatic),89.8,5629.55,0,VIP(4yr+),4,1,90.7991935483871,17.96,1,0
Male,No,No,No,19,Yes,Yes,Fiber optic,Yes,No,Yes,No,No,No,Month-to-month,Yes,Electronic check,84.75,1651.95,0,Established(1-2yr),4,1,86.94473684210527,16.95,1,0
Female,No,Yes,Yes,72,Yes,Yes,Fiber optic,Yes,Yes,No,Yes,No,No,Two year,Yes,Bank transfer (automatic),90.35,6563.4,0,VIP(4yr+),5,1,91.15833333333333,15.058333333333332,0,2
Male,No,No,No,68,Yes,No,Fiber optic,No,Yes,Yes,No,No,No,One year,No,Credit card (automatic),79.6,5461.45,0,VIP(4yr+),3,1,80.31544117647059,19.9,0,1
Female,No,Yes,Yes,48,Yes,No,DSL,Yes,No,Yes,Yes,Yes,No,One year,No,Bank transfer (automatic),69.7,3023.65,0,Loyal(2-4yr),5,1,62.99270833333333,11.616666666666667,0,1
Female,No,Yes,Yes,13,Yes,No,No,No internet service,No internet service,No internet service,No internet service,No internet service,No internet service,Two year,Yes,Bank transfer (automatic),19.75,246.7,0,Established(1-2yr),1,0,18.976923076923075,9.875,0,2
Male,No,Yes,Yes,65,Yes,Yes,Fiber optic,No,No,Yes,Yes,Yes,Yes,Two year,Yes,Bank transfer (automatic),104.1,6700.05,0,VIP(4yr+),6,1,103.07769230769232,14.87142857142857,0,2
Male,No,No,Yes,52,Yes,Yes,DSL,Yes,Yes,No,Yes,Yes,Yes,Two year,Yes,Mailed check,85.15,4461.85,0,VIP(4yr+),7,1,85.8048076923077,10.64375,0,2
Male,Yes,No,No,1,Yes,Yes,Fiber optic,No,No,No,No,No,No,Month-to-month,Yes,Electronic check,75.35,75.35,1,New(0-12mo),2,1,75.35,25.116666666666664,1,0
Female,No,Yes,No,15,Yes,No,Fiber optic,Yes,No,Yes,No,Yes,Yes,Month-to-month,No,Electronic check,101.75,1669.4,0,Established(1-2yr),5,1,111.29333333333334,16.958333333333332,1,0
Male,No,Yes,No,1,No,No phone service,DSL,No,No,No,No,No,No,Month-to-month,Yes,Electronic check,23.45,23.45,1,New(0-12mo),0,1,23.45,23.45,1,0
Female,No,Yes,Yes,30,Yes,No,DSL,No,Yes,Yes,Yes,Yes,Yes,Two year,No,Bank transfer (automatic),80.8,2369.3,0,Loyal(2-4yr),6,1,78.97666666666667,11.542857142857143,0,2
Female,No,No,No,17,Yes,No,DSL,Yes,Yes,No,Yes,Yes,Yes,One year,No,Credit card (automatic),79.85,1387.35,0,Established(1-2yr),6,1,81.60882352941177,11.407142857142857,0,1
Male,Yes,Yes,No,44,Yes,Yes,Fiber optic,No,Yes,No,No,No,Yes,One year,No,Mailed check,88.4,3912.9,1,Loyal(2-4yr),4,1,88.92954545454546,17.68,0,1
Female,No,No,No,4,Yes,Yes,Fiber optic,No,No,No,No,Yes,No,Month-to-month,Yes,Electronic check,85.65,321.65,1,New(0-12mo),3,1,80.4125,21.4125,1,0
Male,No,Yes,No,3,No,No phone service,DSL,No,Yes,No,No,No,No,Month-to-month,No,Credit card (automatic),29.8,94.4,0,New(0-12mo),1,1,31.46666666666667,14.9,1,0
Male,No,Yes,Yes,40,Yes,No,Fiber optic,No,No,Yes,No,Yes,No,One year,Yes,Electronic check,85.05,3355.65,0,Loyal(2-4yr),3,1,83.89125,21.2625,0,1
Male,No,No,Yes,23,No,No phone service,DSL,Yes,Yes,No,Yes,No,No,One year,No,Bank transfer (automatic),40.65,947.4,0,Established(1-2yr),3,1,41.19130434782608,10.1625,0,1
Female,No,No,Yes,3,Yes,No,DSL,Yes,No,No,Yes,No,No,Month-to-month,Yes,Mailed check,55.1,154.65,1,New(0-12mo),3,1,51.550000000000004,13.775,1,0
Male,No,Yes,No,60,Yes,No,No,No internet service,No internet service,No internet service,No internet service,No internet service,No internet service,Two year,Yes,Bank transfer (automatic),20.5,1198.8,0,VIP(4yr+),1,0,19.98,10.25,0,2
Female,No,Yes,Yes,23,Yes,Yes,No,No internet service,No internet service,No internet service,No internet service,No internet service,No internet service,Two year,No,Mailed check,23.85,625.65,0,Established(1-2yr),2,0,27.202173913043477,7.95,0,2
Female,Yes,No,No,16,Yes,No,DSL,No,No,No,Yes,Yes,No,Month-to-month,No,Electronic check,59.4,1023.9,1,Established(1-2yr),3,1,63.99375,14.85,1,0
Male,No,No,No,51,Yes,No,No,No internet service,No internet service,No internet service,No internet service,No internet service,No internet service,Two year,No,Mailed check,20.45,1042.65,0,VIP(4yr+),1,0,20.444117647058825,10.225,0,2
Female,No,No,No,29,No,No phone service,DSL,No,No,No,No,No,No,Month-to-month,Yes,Credit card (automatic),25.1,712.85,1,Loyal(2-4yr),0,1,24.58103448275862,25.1,1,0
Female,No,Yes,Yes,34,Yes,Yes,No,No internet service,No internet service,No internet service,No internet service,No internet service,No internet service,One year,Yes,Credit card (automatic),25.6,917.15,0,Loyal(2-4yr),2,0,26.974999999999998,8.533333333333333,0,1
Female,No,No,No,40,Yes,No,No,No internet service,No internet service,No internet service,No internet service,No internet service,No internet service,Two year,Yes,Bank transfer (automatic),20.6,827.3,0,Loyal(2-4yr),1,0,20.682499999999997,10.3,0,2
Male,No,Yes,No,52,Yes,No,Fiber optic,Yes,Yes,Yes,Yes,Yes,Yes,Two year,Yes,Electronic check,106.3,5487.0,0,VIP(4yr+),7,1,105.51923076923077,13.2875,0,2
Female,No,Yes,No,17,Yes,Yes,DSL,No,Yes,No,No,Yes,Yes,Month-to-month,Yes,Bank transfer (automatic),75.4,1322.55,0,Established(1-2yr),5,1,77.79705882352941,12.566666666666668,1,0
Female,No,No,No,13,Yes,No,No,No internet service,No internet service,No internet service,No internet service,No internet service,No internet service,Month-to-month,No,Credit card (automatic),19.45,232.1,0,Established(1-2yr),1,0,17.853846153846153,9.725,1,0
Male,No,Yes,Yes,44,Yes,No,No,No internet service,No internet service,No internet service,No internet service,No internet service,No internet service,One year,Yes,Bank transfer (automatic),20.5,865.05,0,Loyal(2-4yr),1,0,19.660227272727273,10.25,0,1
Female,No,Yes,No,27,Yes,No,Fiber optic,Yes,No,No,Yes,Yes,Yes,One year,Yes,Credit card (automatic),101.9,2681.15,0,Loyal(2-4yr),5,1,99.30185185185185,16.983333333333334,0,1
Male,Yes,No,No,14,Yes,Yes,Fiber optic,No,No,No,No,No,No,Month-to-month,Yes,Electronic check,74.95,1036.75,1,Established(1-2yr),2,1,74.05357142857143,24.983333333333334,1,0
Female,No,No,No,63,Yes,Yes,Fiber optic,No,Yes,No,No,Yes,Yes,Two year,No,Bank transfer (automatic),97.45,6253.0,0,VIP(4yr+),5,1,99.25396825396825,16.241666666666667,0,2
Female,No,Yes,Yes,72,No,No phone service,DSL,Yes,Yes,Yes,Yes,Yes,Yes,Two year,Yes,Bank transfer (automatic),63.8,4684.3,0,VIP(4yr+),6,1,65.05972222222222,9.114285714285714,0,2
Male,No,No,Yes,6,Yes,No,No,No internet service,No internet service,No internet service,No internet service,No internet service,No internet service,Month-to-month,No,Mailed check,19.65,100.9,0,New(0-12mo),1,0,16.816666666666666,9.825,1,0
Female,No,No,No,26,Yes,Yes,DSL,Yes,Yes,No,No,Yes,No,Month-to-month,Yes,Bank transfer (automatic),69.5,1800.05,0,Loyal(2-4yr),5,1,69.2326923076923,11.583333333333334,1,0
Male,No,No,Yes,28,Yes,No,DSL,No,Yes,No,Yes,No,No,One year,Yes,Credit card (automatic),54.4,1516.6,0,Loyal(2-4yr),3,1,54.16428571428571,13.6,0,1
Female,No,No,No,2,Yes,No,DSL,No,Yes,No,Yes,No,No,Month-to-month,Yes,Credit card (automatic),55.05,102.75,1,New(0-12mo),3,1,51.375,13.7625,1,0
Female,No,Yes,No,7,Yes,No,Fiber optic,No,No,No,No,Yes,No,Month-to-month,Yes,Electronic check,81.1,576.65,1,New(0-12mo),2,1,82.37857142857142,27.03333333333333,1,0
Female,No,Yes,No,62,Yes,No,DSL,Yes,No,Yes,Yes,Yes,Yes,Two year,No,Mailed check,81.0,4985.9,0,VIP(4yr+),6,1,80.41774193548386,11.571428571428571,0,2
Female,No,Yes,Yes,35,Yes,Yes,DSL,Yes,Yes,No,No,No,No,Month-to-month,Yes,Credit card (automatic),59.45,2136.9,0,Loyal(2-4yr),4,1,61.05428571428572,11.89,1,0
Male,No,No,No,3,Yes,No,DSL,Yes,No,No,Yes,Yes,No,Month-to-month,Yes,Credit card (automatic),64.4,195.65,0,New(0-12mo),4,1,65.21666666666667,12.88,1,0
Female,No,Yes,Yes,9,Yes,No,No,No internet service,No internet service,No internet service,No internet service,No internet service,No internet service,Two year,No,Mailed check,20.35,191.1,0,New(0-12mo),1,0,21.233333333333334,10.175,0,2
Male,No,No,No,24,Yes,Yes,No,No internet service,No internet service,No internet service,No internet service,No internet service,No internet service,One year,No,Electronic check,24.6,592.65,0,Established(1-2yr),2,0,24.693749999999998,8.200000000000001,0,1
Male,No,Yes,Yes,68,Yes,No,DSL,Yes,Yes,Yes,Yes,No,No,Two year,No,Credit card (automatic),62.65,4375.8,0,VIP(4yr+),5,1,64.35000000000001,10.441666666666666,0,2
Male,Yes,Yes,Yes,72,No,No phone service,DSL,Yes,Yes,Yes,Yes,Yes,Yes,Two year,Yes,Bank transfer (automatic),64.8,4732.35,0,VIP(4yr+),6,1,65.72708333333334,9.257142857142856,0,2
Male,Yes,Yes,No,48,Yes,Yes,Fiber optic,No,No,Yes,No,No,Yes,Month-to-month,Yes,Credit card (automatic),91.05,4370.75,0,Loyal(2-4yr),4,1,91.05729166666667,18.21,1,0
Male,Yes,Yes,No,2,Yes,Yes,Fiber optic,No,No,No,No,Yes,No,Month-to-month,Yes,Mailed check,86.85,156.35,1,New(0-12mo),3,1,78.175,21.7125,1,0
Male,No,No,No,56,Yes,No,DSL,No,Yes,Yes,Yes,Yes,Yes,Two year,Yes,Credit card (automatic),81.8,4534.45,0,VIP(4yr+),6,1,80.97232142857142,11.685714285714285,0,2
Female,No,Yes,No,51,Yes,No,DSL,Yes,Yes,No,Yes,No,No,One year,Yes,Bank transfer (automatic),60.5,3145.15,0,VIP(4yr+),4,1,61.66960784313726,12.1,0,1
Male,No,Yes,Yes,72,Yes,Yes,DSL,Yes,Yes,Yes,Yes,No,No,Two year,No,Credit card (automatic),72.1,5016.65,0,VIP(4yr+),6,1,69.67569444444445,10.299999999999999,0,2
Female,Yes,Yes,No,17,Yes,Yes,Fiber optic,Yes,No,Yes,No,No,No,Month-to-month,Yes,Bank transfer (automatic),85.35,1463.45,1,Established(1-2yr),4,1,86.08529411764707,17.07,1,0
Female,No,Yes,Yes,10,Yes,Yes,Fiber optic,No,Yes,Yes,No,Yes,Yes,Month-to-month,Yes,Credit card (automatic),102.1,1068.85,1,New(0-12mo),6,1,106.88499999999999,14.585714285714285,1,0
Female,No,No,No,53,Yes,Yes,Fiber optic,No,Yes,Yes,No,Yes,Yes,Two year,No,Electronic check,105.55,5682.25,0,VIP(4yr+),6,1,107.2122641509434,15.078571428571427,0,2
Female,No,Yes,No,37,Yes,Yes,DSL,Yes,No,Yes,Yes,No,No,One year,No,Credit card (automatic),68.1,2479.25,0,Loyal(2-4yr),5,1,67.00675675675676,11.35,0,1
Male,No,No,No,6,Yes,No,No,No internet service,No internet service,No internet service,No internet service,No internet service,No internet service,Month-to-month,No,Mailed check,18.95,110.15,0,New(0-12mo),1,0,18.358333333333334,9.475,1,0
Male,No,No,Yes,49,Yes,Yes,Fiber optic,No,No,No,Yes,Yes,Yes,One year,Yes,Bank transfer (automatic),100.6,5069.65,1,VIP(4yr+),5,1,103.46224489795918,16.766666666666666,0,1
Male,Yes,Yes,No,16,Yes,No,Fiber optic,No,Yes,No,No,No,No,Month-to-month,Yes,Credit card (automatic),74.3,1178.25,1,Established(1-2yr),2,1,73.640625,24.766666666666666,1,0
Male,Yes,Yes,No,11,Yes,No,No,No internet service,No internet service,No internet service,No internet service,No internet service,No internet service,Month-to-month,No,Mailed check,19.95,214.75,1,New(0-12mo),1,0,19.522727272727273,9.975,1,0
Female,No,Yes,No,3,Yes,Yes,Fiber optic,No,No,No,No,No,No,Month-to-month,Yes,Credit card (automatic),75.15,216.75,1,New(0-12mo),2,1,72.25,25.05,1,0
Male,No,No,No,71,Yes,Yes,Fiber optic,Yes,Yes,Yes,Yes,Yes,Yes,One year,Yes,Bank transfer (automatic),116.3,8309.55,0,VIP(4yr+),8,1,117.03591549295774,12.922222222222222,0,1
Male,No,Yes,Yes,28,Yes,No,Fiber optic,No,Yes,Yes,No,Yes,Yes,One year,No,Bank transfer (automatic),100.35,2799.0,0,Loyal(2-4yr),5,1,99.96428571428571,16.724999999999998,0,1
Female,Yes,Yes,No,67,Yes,No,No,No internet service,No internet service,No internet service,No internet service,No internet service,No internet service,Two year,Yes,Bank transfer (automatic),20.05,1263.05,0,VIP(4yr+),1,0,18.851492537313433,10.025,0,2
Female,No,Yes,No,19,Yes,No,DSL,No,No,No,No,No,No,Month-to-month,No,Mailed check,44.9,839.65,0,Established(1-2yr),1,1,44.19210526315789,22.45,1,0
Female,No,Yes,Yes,63,Yes,Yes,Fiber optic,Yes,No,No,No,Yes,Yes,One year,Yes,Credit card (automatic),99.65,6311.2,0,VIP(4yr+),5,1,100.17777777777778,16.608333333333334,0,1
Female,Yes,Yes,Yes,28,No,No phone service,DSL,No,Yes,No,No,No,Yes,One year,Yes,Electronic check,39.1,1096.6,0,Loyal(2-4yr),2,1,39.16428571428571,13.033333333333333,0,1
Male,No,Yes,No,10,Yes,No,Fiber optic,No,No,No,No,No,No,Month-to-month,Yes,Electronic check,70.1,659.65,1,New(0-12mo),1,1,65.965,35.05,1,0
Female,No,Yes,No,37,Yes,Yes,DSL,No,Yes,No,Yes,No,Yes,One year,No,Mailed check,72.1,2658.4,0,Loyal(2-4yr),5,1,71.84864864864865,12.016666666666666,0,1
Female,Yes,No,No,1,Yes,Yes,Fiber optic,No,No,No,No,Yes,No,Month-to-month,Yes,Electronic check,85.7,85.7,1,New(0-12mo),3,1,85.7,21.425,1,0
Female,No,Yes,Yes,14,Yes,No,No,No internet service,No internet service,No internet service,No internet service,No internet service,No internet service,Two year,No,Mailed check,18.8,255.55,0,Established(1-2yr),1,0,18.25357142857143,9.4,0,2
Male,Yes,Yes,No,52,Yes,Yes,Fiber optic,No,Yes,Yes,No,Yes,Yes,One year,Yes,Bank transfer (automatic),105.1,5376.4,0,VIP(4yr+),6,1,103.39230769230768,15.014285714285714,0,1
Female,No,No,No,54,Yes,Yes,Fiber optic,No,Yes,No,No,Yes,Yes,Two year,Yes,Bank transfer (automatic),97.2,5129.45,0,VIP(4yr+),5,1,94.9898148148148,16.2,0,2
Female,No,No,No,1,Yes,No,Fiber optic,No,Yes,No,No,No,No,Month-to-month,Yes,Electronic check,74.7,74.7,1,New(0-12mo),2,1,74.7,24.900000000000002,1,0
Male,No,Yes,Yes,67,Yes,No,DSL,Yes,No,Yes,Yes,No,No,Two year,Yes,Bank transfer (automatic),60.4,3953.7,0,VIP(4yr+),4,1,59.01044776119403,12.08,0,2
Male,Yes,Yes,No,61,Yes,Yes,No,No internet service,No internet service,No internet service,No internet service,No internet service,No internet service,Two year,No,Bank transfer (automatic),25.0,1501.75,0,VIP(4yr+),2,0,24.618852459016395,8.333333333333334,0,2
Male,Yes,No,No,66,Yes,Yes,Fiber optic,No,Yes,Yes,Yes,Yes,Yes,One year,No,Credit card (automatic),110.9,7432.05,1,VIP(4yr+),7,1,112.60681818181818,13.8625,0,1
Male,Yes,No,No,1,Yes,Yes,Fiber optic,No,No,No,No,No,No,Month-to-month,Yes,Electronic check,74.7,74.7,1,New(0-12mo),2,1,74.7,24.900000000000002,1,0
Male,No,No,No,3,No,No phone service,DSL,No,No,Yes,No,Yes,No,Month-to-month,Yes,Mailed check,40.15,130.75,1,New(0-12mo),2,1,43.583333333333336,13.383333333333333,1,0
Male,No,No,No,2,Yes,No,Fiber optic,No,No,No,No,No,No,Month-to-month,Yes,Credit card (automatic),71.3,157.75,0,New(0-12mo),1,1,78.875,35.65,1,0
Female,Yes,Yes,No,65,Yes,Yes,Fiber optic,No,Yes,Yes,No,Yes,Yes,Month-to-month,Yes,Bank transfer (automatic),108.8,7082.45,0,VIP(4yr+),6,1,108.96076923076923,15.542857142857143,1,0
Male,No,No,No,1,No,No phone service,DSL,No,No,No,No,No,Yes,Month-to-month,Yes,Electronic check,35.45,35.45,1,New(0-12mo),1,1,35.45,17.725,1,0
Male,No,No,No,1,Yes,No,No,No internet service,No internet service,No internet service,No internet service,No internet service,No internet service,Month-to-month,No,Electronic check,19.45,19.45,0,New(0-12mo),1,0,19.45,9.725,1,0
Female,No,Yes,No,53,Yes,No,No,No internet service,No internet service,No internet service,No internet service,No internet service,No internet service,One year,No,Bank transfer (automatic),20.8,1021.8,1,VIP(4yr+),1,0,19.279245283018867,10.4,0,1
Female,No,No,No,1,Yes,No,DSL,No,No,No,No,No,No,Month-to-month,No,Electronic check,45.15,45.15,1,New(0-12mo),1,1,45.15,22.575,1,0
Male,No,No,No,12,Yes,No,DSL,No,No,No,Yes,Yes,No,One year,Yes,Electronic check,59.8,727.8,1,New(0-12mo),3,1,60.65,14.95,0,1
Female,No,Yes,Yes,13,Yes,No,DSL,Yes,No,Yes,No,No,Yes,Month-to-month,Yes,Mailed check,63.15,816.8,0,Established(1-2yr),4,1,62.83076923076923,12.629999999999999,1,0
Male,No,Yes,Yes,24,Yes,No,No,No internet service,No internet service,No internet service,No internet service,No internet service,No internet service,One year,Yes,Credit card (automatic),20.8,469.65,0,Established(1-2yr),1,0,19.568749999999998,10.4,0,1
Male,No,Yes,Yes,71,Yes,Yes,Fiber optic,No,Yes,No,No,Yes,Yes,One year,No,Bank transfer (automatic),100.55,7113.75,0,VIP(4yr+),5,1,100.19366197183099,16.758333333333333,0,1
Female,No,Yes,No,56,Yes,No,Fiber optic,No,No,Yes,Yes,Yes,Yes,Month-to-month,Yes,Electronic check,98.7,5669.5,0,VIP(4yr+),5,1,101.24107142857143,16.45,1,0
Male,Yes,Yes,No,4,Yes,Yes,Fiber optic,No,No,No,No,No,No,Month-to-month,No,Electronic check,74.95,308.7,1,New(0-12mo),2,1,77.175,24.983333333333334,1,0
Male,No,Yes,Yes,53,Yes,Yes,DSL,Yes,No,No,Yes,No,Yes,Month-to-month,No,Electronic check,71.85,3827.9,0,VIP(4yr+),5,1,72.22452830188679,11.975,1,0
Male,No,No,Yes,35,Yes,No,Fiber optic,No,No,Yes,No,Yes,No,One year,Yes,Electronic check,85.15,3030.6,1,Loyal(2-4yr),3,1,86.58857142857143,21.2875,0,1
Female,No,No,No,2,Yes,No,Fiber optic,No,No,No,No,Yes,No,Month-to-month,Yes,Electronic check,80.65,144.15,1,New(0-12mo),2,1,72.075,26.883333333333336,1,0
Female,No,No,No,24,Yes,No,Fiber optic,Yes,No,No,No,Yes,Yes,Month-to-month,Yes,Electronic check,94.6,2283.15,0,Established(1-2yr),4,1,95.13125000000001,18.919999999999998,1,0
Male,No,Yes,No,24,Yes,No,Fiber optic,Yes,No,No,Yes,No,Yes,Month-to-month,Yes,Electronic check,89.25,2210.2,0,Established(1-2yr),4,1,92.09166666666665,17.85,1,0
Male,No,Yes,No,64,Yes,Yes,DSL,No,Yes,Yes,Yes,Yes,No,Two year,Yes,Bank transfer (automatic),76.1,4818.8,0,VIP(4yr+),6,1,75.29375,10.87142857142857,0,2
Female,No,No,No,1,Yes,No,DSL,No,No,No,No,No,Yes,Month-to-month,Yes,Electronic check,55.4,55.4,1,New(0-12mo),2,1,55.4,18.466666666666665,1,0
Male,No,Yes,No,45,Yes,Yes,Fiber optic,No,Yes,No,No,No,No,Month-to-month,No,Bank transfer (automatic),81.4,3775.85,0,Loyal(2-4yr),3,1,83.90777777777778,20.35,1,0
Female,Yes,No,No,66,Yes,Yes,DSL,Yes,Yes,No,Yes,No,No,One year,Yes,Credit card (automatic),63.85,4174.35,0,VIP(4yr+),5,1,63.247727272727275,10.641666666666667,0,1
Male,No,No,No,27,Yes,Yes,DSL,No,No,No,No,No,No,Month-to-month,No,Mailed check,49.0,1291.35,0,Loyal(2-4yr),2,1,47.827777777777776,16.333333333333332,1,0
Male,No,No,No,1,Yes,No,Fiber optic,Yes,No,No,No,No,Yes,Month-to-month,Yes,Mailed check,84.6,84.6,1,New(0-12mo),3,1,84.6,21.15,1,0
Male,Yes,Yes,Yes,26,Yes,Yes,Fiber optic,No,Yes,Yes,No,Yes,Yes,Month-to-month,No,Electronic check,105.75,2710.25,1,Loyal(2-4yr),6,1,104.24038461538461,15.107142857142858,1,0
Male,No,Yes,Yes,47,Yes,Yes,No,No internet service,No internet service,No internet service,No internet service,No internet service,No internet service,Two year,No,Mailed check,24.55,1160.45,0,Loyal(2-4yr),2,0,24.690425531914894,8.183333333333334,0,2
Male,Yes,Yes,Yes,38,Yes,Yes,Fiber optic,No,Yes,No,No,Yes,Yes,Month-to-month,No,Electronic check,101.15,3741.85,0,Loyal(2-4yr),5,1,98.46973684210526,16.858333333333334,1,0
Male,No,No,No,9,Yes,No,Fiber optic,No,No,No,Yes,Yes,No,Month-to-month,No,Electronic check,86.25,770.5,0,New(0-12mo),3,1,85.61111111111111,21.5625,1,0
Female,Yes,No,No,15,Yes,Yes,Fiber optic,No,No,No,No,No,No,Month-to-month,Yes,Mailed check,74.45,1145.7,1,Established(1-2yr),2,1,76.38000000000001,24.816666666666666,1,0
Male,No,No,No,3,Yes,Yes,Fiber optic,No,No,No,No,No,No,Month-to-month,Yes,Electronic check,74.4,229.55,1,New(0-12mo),2,1,76.51666666666667,24.8,1,0
Male,No,No,No,61,Yes,Yes,Fiber optic,Yes,No,Yes,No,Yes,Yes,One year,No,Electronic check,104.0,6363.45,0,VIP(4yr+),6,1,104.31885245901638,14.857142857142858,0,1
Female,No,No,No,1,Yes,No,No,No internet service,No internet service,No internet service,No internet service,No internet service,No internet service,Month-to-month,No,Mailed check,19.65,19.65,0,New(0-12mo),1,0,19.65,9.825,1,0
Female,No,Yes,No,59,Yes,Yes,Fiber optic,Yes,Yes,Yes,No,Yes,Yes,One year,Yes,Credit card (automatic),109.15,6557.75,0,VIP(4yr+),7,1,111.14830508474576,13.64375,0,1
Female,No,No,Yes,8,Yes,No,No,No internet service,No internet service,No internet service,No internet service,No internet service,No internet service,Month-to-month,No,Mailed check,19.95,170.9,0,New(0-12mo),1,0,21.3625,9.975,1,0
Female,No,Yes,Yes,65,Yes,Yes,DSL,Yes,Yes,Yes,Yes,Yes,Yes,Two year,Yes,Mailed check,90.45,5957.9,0,VIP(4yr+),8,1,91.66,10.05,0,2
Male,No,Yes,Yes,68,Yes,Yes,No,No internet service,No internet service,No internet service,No internet service,No internet service,No internet service,Two year,Yes,Bank transfer (automatic),24.0,1664.3,0,VIP(4yr+),2,0,24.474999999999998,8.0,0,2
Female,No,Yes,No,61,Yes,Yes,Fiber optic,No,No,No,Yes,Yes,Yes,One year,No,Bank transfer (automatic),101.15,6383.9,0,VIP(4yr+),5,1,104.65409836065574,16.858333333333334,0,1
Male,No,Yes,No,38,Yes,Yes,Fiber optic,Yes,No,No,No,Yes,No,Month-to-month,No,Bank transfer (automatic),91.7,3479.05,0,Loyal(2-4yr),4,1,91.55394736842106,18.34,1,0
Female,No,Yes,No,72,Yes,Yes,Fiber optic,Yes,No,No,No,No,No,Two year,No,Bank transfer (automatic),80.45,5737.6,0,VIP(4yr+),3,1,79.6888888888889,20.1125,0,2
Male,No,No,No,10,Yes,No,DSL,No,No,No,No,No,No,Month-to-month,Yes,Credit card (automatic),45.8,436.2,0,New(0-12mo),1,1,43.62,22.9,1,0
Male,No,No,No,54,Yes,Yes,DSL,Yes,No,Yes,Yes,Yes,Yes,Two year,No,Bank transfer (automatic),87.1,4735.2,0,VIP(4yr+),7,1,87.68888888888888,10.8875,0,2
Male,No,Yes,Yes,24,Yes,Yes,No,No internet service,No internet service,No internet service,No internet service,No internet service,No internet service,Two year,Yes,Bank transfer (automatic),24.1,587.4,0,Established(1-2yr),2,0,24.474999999999998,8.033333333333333,0,2
Male,No,Yes,Yes,25,Yes,No,No,No internet service,No internet service,No internet service,No internet service,No internet service,No internet service,Month-to-month,Yes,Mailed check,19.15,477.6,0,Loyal(2-4yr),1,0,19.104,9.575,1,0
Female,No,Yes,Yes,3,Yes,No,Fiber optic,No,No,No,No,No,Yes,Month-to-month,Yes,Electronic check,80.3,250.05,1,New(0-12mo),2,1,83.35000000000001,26.766666666666666,1,0
Male,No,No,No,1,Yes,No,DSL,No,Yes,No,No,No,No,Month-to-month,No,Mailed check,50.65,50.65,1,New(0-12mo),2,1,50.65,16.883333333333333,1,0
Female,No,Yes,Yes,72,Yes,Yes,DSL,Yes,Yes,No,Yes,Yes,No,Two year,No,Mailed check,74.55,5430.65,0,VIP(4yr+),6,1,75.42569444444445,10.65,0,2
Female,No,No,No,25,Yes,No,Fiber optic,No,Yes,Yes,No,Yes,Yes,Month-to-month,Yes,Electronic check,99.5,2369.05,1,Loyal(2-4yr),5,1,94.762,16.583333333333332,1,0
Female,No,No,No,1,Yes,No,Fiber optic,No,No,Yes,No,No,No,Month-to-month,No,Electronic check,76.35,76.35,1,New(0-12mo),2,1,76.35,25.45,1,0
Female,No,Yes,No,27,Yes,Yes,Fiber optic,No,No,Yes,No,No,Yes,Month-to-month,No,Bank transfer (automatic),90.15,2423.4,0,Loyal(2-4yr),4,1,89.75555555555556,18.03,1,0
Male,Yes,Yes,No,56,Yes,No,DSL,Yes,Yes,Yes,Yes,Yes,Yes,Two year,Yes,Bank transfer (automatic),85.65,4824.45,0,VIP(4yr+),7,1,86.15089285714285,10.70625,0,2
Female,No,No,No,12,Yes,Yes,Fiber optic,No,Yes,No,No,Yes,No,Month-to-month,Yes,Bank transfer (automatic),89.75,1052.4,1,New(0-12mo),4,1,87.7,17.95,1,0
Female,No,No,Yes,1,Yes,No,DSL,Yes,Yes,No,Yes,No,No,Month-to-month,Yes,Electronic check,60.0,60.0,1,New(0-12mo),4,1,60.0,12.0,1,0
Female,No,No,No,26,Yes,No,DSL,No,Yes,Yes,No,No,No,One year,Yes,Mailed check,56.05,1553.2,0,Loyal(2-4yr),3,1,59.73846153846154,14.0125,0,1
Male,No,No,Yes,11,Yes,Yes,Fiber optic,No,No,Yes,No,No,No,Month-to-month,Yes,Mailed check,78.0,851.8,0,New(0-12mo),3,1,77.43636363636364,19.5,1,0
Female,No,Yes,No,58,Yes,Yes,DSL,Yes,No,No,Yes,No,No,One year,Yes,Bank transfer (automatic),61.05,3478.75,0,VIP(4yr+),4,1,59.97844827586207,12.209999999999999,0,1
Female,No,Yes,Yes,54,Yes,Yes,DSL,No,Yes,Yes,No,No,No,Two year,Yes,Bank transfer (automatic),59.8,3246.45,0,VIP(4yr+),4,1,60.11944444444444,11.959999999999999,0,2
Female,Yes,Yes,Yes,66,Yes,Yes,Fiber optic,No,Yes,Yes,No,Yes,Yes,One year,Yes,Electronic check,104.9,6891.45,0,VIP(4yr+),6,1,104.41590909090908,14.985714285714286,0,1
Female,No,No,Yes,12,Yes,Yes,Fiber optic,No,No,No,No,No,No,Month-to-month,Yes,Electronic check,76.6,893.0,0,New(0-12mo),2,1,74.41666666666667,25.53333333333333,1,0
Female,No,Yes,Yes,70,Yes,Yes,Fiber optic,No,Yes,Yes,No,Yes,Yes,One year,Yes,Electronic check,106.5,7397.0,0,VIP(4yr+),6,1,105.67142857142858,15.214285714285714,0,1
Female,No,No,No,3,Yes,No,No,No internet service,No internet service,No internet service,No internet service,No internet service,No internet service,One year,No,Mailed check,20.25,71.2,0,New(0-12mo),1,0,23.733333333333334,10.125,0,1
Male,No,No,No,17,Yes,No,No,No internet service,No internet service,No internet service,No internet service,No internet service,No internet service,One year,No,Mailed check,19.95,310.6,0,Established(1-2yr),1,0,18.27058823529412,9.975,0,1
Male,No,No,No,3,Yes,Yes,Fiber optic,No,No,No,No,No,No,Month-to-month,Yes,Electronic check,76.95,228.4,1,New(0-12mo),2,1,76.13333333333334,25.650000000000002,1,0
Male,No,Yes,No,61,Yes,Yes,DSL,Yes,Yes,Yes,Yes,No,Yes,Two year,Yes,Bank transfer (automatic),80.8,4860.85,0,VIP(4yr+),7,1,79.68606557377049,10.1,0,2
Male,Yes,Yes,No,10,Yes,Yes,Fiber optic,No,No,No,No,No,Yes,Month-to-month,Yes,Electronic check,86.65,856.65,1,New(0-12mo),3,1,85.66499999999999,21.6625,1,0
Male,No,No,No,7,Yes,No,DSL,No,No,No,No,No,No,Month-to-month,No,Mailed check,43.9,278.4,0,New(0-12mo),1,1,39.771428571428565,21.95,1,0
Female,No,Yes,Yes,54,Yes,No,No,No internet service,No internet service,No internet service,No internet service,No internet service,No internet service,Two year,Yes,Bank transfer (automatic),20.35,1092.35,0,VIP(4yr+),1,0,20.2287037037037,10.175,0,2
Female,No,No,No,2,Yes,Yes,Fiber optic,No,No,No,No,No,No,Month-to-month,Yes,Electronic check,75.9,143.35,1,New(0-12mo),2,1,71.675,25.3,1,0
Female,No,Yes,Yes,23,Yes,No,No,No internet service,No internet service,No internet service,No internet service,No internet service,No internet service,One year,No,Mailed check,20.05,415.1,0,Established(1-2yr),1,0,18.047826086956523,10.025,0,1
Female,Yes,Yes,Yes,4,Yes,No,DSL,No,No,No,No,No,No,Month-to-month,No,Electronic check,46.0,181.6,1,New(0-12mo),1,1,45.4,23.0,1,0
Male,No,Yes,No,70,Yes,No,DSL,Yes,Yes,No,Yes,No,Yes,Two year,No,Mailed check,67.95,4664.15,0,VIP(4yr+),5,1,66.63071428571428,11.325000000000001,0,2
Female,No,No,No,1,Yes,No,DSL,No,No,No,No,No,No,Month-to-month,Yes,Mailed check,44.0,44.0,0,New(0-12mo),1,1,44.0,22.0,1,0
Female,No,No,No,3,Yes,Yes,DSL,No,No,No,Yes,Yes,No,Month-to-month,Yes,Electronic check,63.6,155.65,1,New(0-12mo),4,1,51.88333333333333,12.72,1,0
Male,No,Yes,Yes,15,Yes,No,DSL,No,Yes,Yes,Yes,No,Yes,Month-to-month,Yes,Mailed check,69.5,1071.4,0,Established(1-2yr),5,1,71.42666666666668,11.583333333333334,1,0
Male,No,Yes,Yes,52,Yes,Yes,Fiber optic,No,No,Yes,Yes,No,Yes,Two year,Yes,Bank transfer (automatic),96.25,4990.25,1,VIP(4yr+),5,1,95.96634615384616,16.041666666666668,0,2
Female,No,Yes,Yes,26,Yes,No,Fiber optic,Yes,Yes,No,No,No,No,Month-to-month,No,Electronic check,81.95,2070.05,0,Loyal(2-4yr),3,1,79.6173076923077,20.4875,1,0
Female,No,No,No,61,Yes,Yes,DSL,Yes,Yes,Yes,Yes,Yes,Yes,Two year,No,Electronic check,89.65,5308.7,0,VIP(4yr+),8,1,87.02786885245901,9.961111111111112,0,2
Female,No,No,Yes,18,No,No phone service,DSL,No,No,No,No,No,Yes,Month-to-month,Yes,Electronic check,35.0,553.0,1,Established(1-2yr),1,1,30.72222222222222,17.5,1,0
Male,No,No,No,1,Yes,No,DSL,No,No,No,Yes,No,No,Month-to-month,Yes,Electronic check,49.3,49.3,0,New(0-12mo),2,1,49.3,16.433333333333334,1,0
Male,Yes,No,No,11,Yes,Yes,DSL,Yes,Yes,No,No,No,No,Month-to-month,No,Bank transfer (automatic),60.25,662.95,0,New(0-12mo),4,1,60.26818181818182,12.05,1,0
Female,No,Yes,Yes,71,Yes,No,DSL,Yes,Yes,Yes,Yes,Yes,Yes,Two year,No,Credit card (automatic),87.25,6328.7,0,VIP(4yr+),7,1,89.13661971830986,10.90625,0,2
Male,No,No,No,18,Yes,Yes,Fiber optic,No,Yes,No,No,No,No,Month-to-month,Yes,Electronic check,80.65,1451.9,1,Established(1-2yr),3,1,80.66111111111111,20.1625,1,0
Male,No,No,No,2,Yes,No,DSL,No,No,No,No,No,No,Month-to-month,No,Electronic check,45.35,89.5,1,New(0-12mo),1,1,44.75,22.675,1,0
Female,Yes,No,No,17,Yes,Yes,Fiber optic,No,No,Yes,No,No,No,Month-to-month,Yes,Credit card (automatic),82.65,1470.05,0,Established(1-2yr),3,1,86.4735294117647,20.6625,1,0
Male,No,No,No,35,Yes,No,DSL,Yes,Yes,Yes,No,No,No,One year,No,Mailed check,61.2,2021.2,0,Loyal(2-4yr),4,1,57.74857142857143,12.24,0,1
Female,No,Yes,No,19,Yes,Yes,Fiber optic,No,Yes,No,No,No,Yes,Month-to-month,Yes,Electronic check,89.1,1620.8,0,Established(1-2yr),4,1,85.30526315789473,17.82,1,0
Female,No,No,No,29,Yes,Yes,Fiber optic,No,No,Yes,No,Yes,Yes,Month-to-month,No,Bank transfer (automatic),100.55,2878.75,0,Loyal(2-4yr),5,1,99.26724137931035,16.758333333333333,1,0
Male,No,No,No,38,Yes,Yes,Fiber optic,No,Yes,Yes,No,No,Yes,Month-to-month,Yes,Credit card (automatic),95.1,3691.2,0,Loyal(2-4yr),5,1,97.13684210526316,15.85,1,0
Female,No,Yes,Yes,59,Yes,Yes,Fiber optic,No,Yes,Yes,No,Yes,Yes,One year,Yes,Electronic check,106.15,6256.2,0,VIP(4yr+),6,1,106.03728813559322,15.164285714285715,0,1
Female,No,No,No,4,Yes,No,Fiber optic,No,Yes,No,No,No,No,Month-to-month,Yes,Bank transfer (automatic),76.65,333.6,1,New(0-12mo),2,1,83.4,25.55,1,0
Female,No,No,No,1,Yes,No,Fiber optic,No,Yes,No,No,No,No,Month-to-month,No,Electronic check,74.35,74.35,0,New(0-12mo),2,1,74.35,24.78333333333333,1,0
Male,Yes,Yes,Yes,29,Yes,Yes,Fiber optic,No,No,Yes,No,Yes,Yes,Month-to-month,Yes,Electronic check,103.95,2964.8,0,Loyal(2-4yr),5,1,102.2344827586207,17.325,1,0
Female,Yes,No,No,17,Yes,Yes,Fiber optic,No,No,No,No,Yes,Yes,Month-to-month,Yes,Electronic check,94.2,1608.15,0,Established(1-2yr),4,1,94.59705882352942,18.84,1,0
Male,No,No,No,43,Yes,No,Fiber optic,Yes,No,No,No,No,No,Month-to-month,Yes,Electronic check,75.2,3198.6,1,Loyal(2-4yr),2,1,74.38604651162791,25.066666666666666,1,0
Female,No,No,Yes,4,Yes,No,No,No internet service,No internet service,No internet service,No internet service,No internet service,No internet service,Month-to-month,Yes,Bank transfer (automatic),20.05,85.5,0,New(0-12mo),1,0,21.375,10.025,1,0
Male,No,No,No,6,Yes,No,DSL,Yes,Yes,No,No,No,No,Month-to-month,Yes,Bank transfer (automatic),55.7,335.65,0,New(0-12mo),3,1,55.94166666666666,13.925,1,0
Male,No,Yes,No,72,Yes,Yes,Fiber optic,Yes,Yes,Yes,Yes,Yes,Yes,Two year,No,Credit card (automatic),114.45,8375.05,0,VIP(4yr+),8,1,116.32013888888888,12.716666666666667,0,2
Male,No,Yes,No,61,Yes,Yes,Fiber optic,No,No,No,No,Yes,Yes,One year,Yes,Bank transfer (automatic),96.5,5673.7,0,VIP(4yr+),4,1,93.01147540983607,19.3,0,1
Male,No,Yes,Yes,63,Yes,No,No,No internet service,No internet service,No internet service,No internet service,No internet service,No internet service,Two year,No,Mailed check,19.7,1275.85,0,VIP(4yr+),1,0,20.2515873015873,9.85,0,2
Female,No,No,No,5,Yes,No,Fiber optic,No,Yes,No,No,Yes,Yes,Month-to-month,Yes,Electronic check,96.25,512.45,1,New(0-12mo),4,1,102.49000000000001,19.25,1,0
Female,No,No,No,72,Yes,Yes,Fiber optic,Yes,Yes,Yes,Yes,Yes,Yes,Two year,Yes,Electronic check,114.9,8496.7,0,VIP(4yr+),8,1,118.00972222222224,12.766666666666667,0,2
Male,No,No,No,2,Yes,Yes,Fiber optic,No,Yes,No,No,No,No,Month-to-month,Yes,Electronic check,79.45,145.15,0,New(0-12mo),3,1,72.575,19.8625,1,0
Female,No,Yes,Yes,54,Yes,Yes,DSL,No,Yes,Yes,Yes,Yes,Yes,Month-to-month,Yes,Electronic check,86.2,4524.05,0,VIP(4yr+),7,1,83.77870370370371,10.775,1,0
Female,No,No,No,14,Yes,No,DSL,Yes,No,No,Yes,No,No,One year,No,Mailed check,55.7,795.15,0,Established(1-2yr),3,1,56.79642857142857,13.925,0,1
Female,No,No,No,4,Yes,No,No,No internet service,No internet service,No internet service,No internet service,No internet service,No internet service,Month-to-month,Yes,Credit card (automatic),20.15,68.45,0,New(0-12mo),1,0,17.1125,10.075,1,0
Female,No,Yes,Yes,41,Yes,No,DSL,Yes,Yes,No,Yes,Yes,Yes,Two year,No,Electronic check,78.45,3126.45,0,Loyal(2-4yr),6,1,76.25487804878048,11.207142857142857,0,2
Female,No,Yes,No,72,Yes,Yes,No,No internet service,No internet service,No internet service,No internet service,No internet service,No internet service,Two year,No,Credit card (automatic),26.45,1914.5,0,VIP(4yr+),2,0,26.59027777777778,8.816666666666666,0,2
Female,No,No,No,11,Yes,Yes,Fiber optic,No,No,Yes,No,Yes,Yes,Month-to-month,Yes,Bank transfer (automatic),97.85,1105.4,1,New(0-12mo),5,1,100.4909090909091,16.308333333333334,1,0
Male,No,Yes,Yes,1,Yes,No,No,No internet service,No internet service,No internet service,No internet service,No internet service,No internet service,Month-to-month,No,Mailed check,19.9,19.9,1,New(0-12mo),1,0,19.9,9.95,1,0
Female,No,No,No,3,Yes,Yes,DSL,No,No,No,No,No,No,Month-to-month,Yes,Mailed check,50.65,151.3,1,New(0-12mo),2,1,50.43333333333334,16.883333333333333,1,0
Female,Yes,Yes,No,50,Yes,Yes,No,No internet service,No internet service,No internet service,No internet service,No internet service,No internet service,One year,No,Electronic check,25.2,1306.3,0,VIP(4yr+),2,0,26.125999999999998,8.4,0,1
Female,No,No,No,58,Yes,Yes,No,No internet service,No internet service,No internet service,No internet service,No internet service,No internet service,Two year,No,Credit card (automatic),24.35,1423.85,0,VIP(4yr+),2,0,24.54913793103448,8.116666666666667,0,2
Female,No,Yes,No,47,Yes,No,Fiber optic,No,No,Yes,No,No,Yes,Month-to-month,Yes,Electronic check,85.3,4045.65,1,Loyal(2-4yr),3,1,86.07765957446809,21.325,1,0
Female,No,No,Yes,26,No,No phone service,DSL,Yes,No,No,Yes,No,Yes,Month-to-month,No,Mailed check,45.8,1147.0,0,Loyal(2-4yr),3,1,44.11538461538461,11.45,1,0
Female,No,Yes,Yes,10,Yes,No,No,No internet service,No internet service,No internet service,No internet service,No internet service,No internet service,Month-to-month,Yes,Bank transfer (automatic),19.8,196.75,0,New(0-12mo),1,0,19.675,9.9,1,0
Female,Yes,No,No,59,Yes,Yes,Fiber optic,Yes,Yes,Yes,No,No,No,Month-to-month,Yes,Electronic check,89.75,5496.9,0,VIP(4yr+),5,1,93.16779661016949,14.958333333333334,1,0
Male,No,Yes,Yes,57,Yes,No,Fiber optic,No,Yes,Yes,No,Yes,Yes,One year,Yes,Credit card (automatic),97.55,5598.0,0,VIP(4yr+),5,1,98.21052631578948,16.258333333333333,0,1
Female,No,Yes,Yes,16,Yes,No,Fiber optic,No,Yes,Yes,No,Yes,No,Month-to-month,Yes,Credit card (automatic),89.45,1430.25,1,Established(1-2yr),4,1,89.390625,17.89,1,0
Female,No,Yes,Yes,22,Yes,Yes,Fiber optic,No,No,No,No,No,No,Month-to-month,Yes,Bank transfer (automatic),75.8,1615.1,0,Established(1-2yr),2,1,73.41363636363636,25.266666666666666,1,0
Female,No,No,No,60,Yes,Yes,No,No internet service,No internet service,No internet service,No internet service,No internet service,No internet service,Two year,No,Mailed check,25.0,1505.05,0,VIP(4yr+),2,0,25.084166666666665,8.333333333333334,0,2
Female,No,No,No,15,Yes,Yes,Fiber optic,No,Yes,No,No,No,No,Month-to-month,Yes,Electronic check,79.75,1111.85,1,Established(1-2yr),3,1,74.12333333333332,19.9375,1,0
Female,No,Yes,Yes,63,Yes,Yes,Fiber optic,Yes,Yes,Yes,No,Yes,No,Month-to-month,Yes,Electronic check,100.55,6215.35,1,VIP(4yr+),6,1,98.65634920634922,14.364285714285714,1,0
Female,No,Yes,Yes,67,Yes,No,No,No internet service,No internet service,No internet service,No internet service,No internet service,No internet service,Two year,Yes,Bank transfer (automatic),19.25,1372.9,0,VIP(4yr+),1,0,20.491044776119406,9.625,0,2
Male,No,Yes,Yes,72,Yes,Yes,Fiber optic,Yes,Yes,Yes,Yes,Yes,Yes,Two year,Yes,Bank transfer (automatic),116.6,8337.45,0,VIP(4yr+),8,1,115.79791666666668,12.955555555555556,0,2
Female,No,No,No,55,Yes,No,Fiber optic,No,Yes,Yes,No,No,No,Month-to-month,Yes,Electronic check,81.55,4509.5,0,VIP(4yr+),3,1,81.99090909090908,20.3875,1,0
Male,Yes,No,No,23,No,No phone service,DSL,No,No,No,No,No,Yes,Month-to-month,Yes,Bank transfer (automatic),34.65,768.45,0,Established(1-2yr),1,1,33.410869565217396,17.325,1,0
Male,No,No,No,10,No,No phone service,DSL,No,No,Yes,No,No,No,Month-to-month,No,Mailed check,29.5,255.25,1,New(0-12mo),1,1,25.525,14.75,1,0
Female,No,No,No,31,No,No phone service,DSL,Yes,Yes,No,Yes,No,Yes,Two year,Yes,Bank transfer (automatic),49.85,1520.1,0,Loyal(2-4yr),4,1,49.03548387096774,9.97,0,2
Female,No,No,No,8,Yes,No,Fiber optic,Yes,No,No,No,Yes,No,Month-to-month,No,Electronic check,84.95,668.4,1,New(0-12mo),3,1,83.55,21.2375,1,0
Male,No,No,No,59,Yes,No,No,No internet service,No internet service,No internet service,No internet service,No internet service,No internet service,Two year,No,Mailed check,19.35,1099.6,1,VIP(4yr+),1,0,18.63728813559322,9.675,0,2
Female,No,Yes,No,40,Yes,No,No,No internet service,No internet service,No internet service,No internet service,No internet service,No internet service,Two year,No,Mailed check,19.1,780.1,0,Loyal(2-4yr),1,0,19.5025,9.55,0,2
Male,No,No,No,7,Yes,Yes,Fiber optic,No,No,Yes,No,Yes,Yes,Month-to-month,Yes,Bank transfer (automatic),98.05,713.0,1,New(0-12mo),5,1,101.85714285714286,16.341666666666665,1,0
Female,No,Yes,Yes,7,Yes,No,No,No internet service,No internet service,No internet service,No internet service,No internet service,No internet service,Two year,No,Mailed check,19.85,144.15,0,New(0-12mo),1,0,20.592857142857145,9.925,0,2
Female,No,No,No,13,Yes,Yes,Fiber optic,No,No,No,No,No,Yes,Month-to-month,Yes,Electronic check,84.6,1115.2,1,Established(1-2yr),3,1,85.78461538461539,21.15,1,0
Female,No,Yes,No,38,Yes,No,No,No internet service,No internet service,No internet service,No internet service,No internet service,No internet service,One year,Yes,Credit card (automatic),20.25,814.75,0,Loyal(2-4yr),1,0,21.44078947368421,10.125,0,1
Male,No,No,No,66,Yes,No,Fiber optic,No,Yes,Yes,No,Yes,Yes,Month-to-month,No,Electronic check,99.5,6710.5,1,VIP(4yr+),5,1,101.67424242424242,16.583333333333332,1,0
Female,No,Yes,Yes,65,Yes,Yes,Fiber optic,Yes,Yes,No,Yes,Yes,No,Two year,Yes,Credit card (automatic),99.05,6416.7,0,VIP(4yr+),6,1,98.71846153846154,14.15,0,2
Male,No,No,No,1,Yes,No,No,No internet service,No internet service,No internet service,No internet service,No internet service,No internet service,Month-to-month,No,Mailed check,19.1,19.1,0,New(0-12mo),1,0,19.1,9.55,1,0
Female,No,Yes,Yes,40,Yes,Yes,No,No internet service,No internet service,No internet service,No internet service,No internet service,No internet service,Two year,Yes,Mailed check,24.8,1024.7,0,Loyal(2-4yr),2,0,25.6175,8.266666666666667,0,2
Male,No,No,No,69,Yes,Yes,DSL,Yes,Yes,Yes,Yes,No,Yes,One year,Yes,Credit card (automatic),78.6,5356.45,1,VIP(4yr+),7,1,77.62971014492753,9.825,0,1
Female,No,No,No,1,Yes,No,No,No internet service,No internet service,No internet service,No internet service,No internet service,No internet service,Month-to-month,No,Mailed check,19.9,19.9,1,New(0-12mo),1,0,19.9,9.95,1,0
Female,No,No,No,2,Yes,No,Fiber optic,No,No,No,No,No,No,Month-to-month,Yes,Electronic check,70.7,151.65,1,New(0-12mo),1,1,75.825,35.35,1,0
Female,No,Yes,No,25,Yes,Yes,Fiber optic,No,No,Yes,Yes,Yes,Yes,Month-to-month,Yes,Bank transfer (automatic),104.95,2566.5,1,Loyal(2-4yr),6,1,102.66,14.992857142857144,1,0
Female,No,Yes,Yes,65,Yes,Yes,No,No internet service,No internet service,No internet service,No internet service,No internet service,No internet service,Two year,No,Credit card (automatic),26.0,1654.85,0,VIP(4yr+),2,0,25.459230769230768,8.666666666666666,0,2
Female,No,Yes,No,70,No,No phone service,DSL,Yes,Yes,Yes,Yes,Yes,Yes,Two year,No,Bank transfer (automatic),64.55,4504.9,0,VIP(4yr+),6,1,64.35571428571428,9.221428571428572,0,2
Female,No,No,No,66,Yes,No,DSL,Yes,Yes,Yes,No,No,No,Two year,Yes,Bank transfer (automatic),61.15,4017.45,0,VIP(4yr+),4,1,60.87045454545454,12.23,0,2
Female,No,No,Yes,2,Yes,No,DSL,Yes,No,No,No,No,Yes,Month-to-month,Yes,Credit card (automatic),61.2,125.95,0,New(0-12mo),3,1,62.975,15.3,1,0
Female,No,No,No,28,Yes,No,DSL,No,Yes,No,Yes,No,No,Month-to-month,No,Bank transfer (automatic),54.65,1517.5,0,Loyal(2-4yr),3,1,54.19642857142857,13.6625,1,0
Male,Yes,No,No,13,Yes,Yes,Fiber optic,No,Yes,Yes,No,Yes,Yes,Month-to-month,Yes,Electronic check,106.9,1364.3,1,Established(1-2yr),6,1,104.94615384615385,15.271428571428572,1,0
Female,No,Yes,No,64,Yes,No,Fiber optic,Yes,No,No,Yes,Yes,Yes,One year,Yes,Mailed check,96.9,6314.35,0,VIP(4yr+),5,1,98.66171875,16.150000000000002,0,1
Female,No,Yes,No,21,Yes,Yes,Fiber optic,No,No,No,No,Yes,Yes,Month-to-month,Yes,Electronic check,94.3,1948.35,0,Established(1-2yr),4,1,92.77857142857142,18.86,1,0
Female,No,No,No,2,Yes,Yes,Fiber optic,No,No,Yes,No,No,No,Month-to-month,No,Mailed check,80.6,155.8,1,New(0-12mo),3,1,77.9,20.15,1,0
Male,No,No,No,59,Yes,No,No,No internet service,No internet service,No internet service,No internet service,No internet service,No internet service,Two year,Yes,Bank transfer (automatic),20.2,1192.3,0,VIP(4yr+),1,0,20.208474576271186,10.1,0,2
Male,No,Yes,Yes,63,Yes,No,Fiber optic,No,Yes,Yes,No,No,No,Month-to-month,Yes,Credit card (automatic),80.3,4896.35,0,VIP(4yr+),3,1,77.71984126984128,20.075,1,0
Female,No,Yes,Yes,37,Yes,No,No,No internet service,No internet service,No internet service,No internet service,No internet service,No internet service,Month-to-month,No,Electronic check,19.35,683.75,0,Loyal(2-4yr),1,0,18.47972972972973,9.675,1,0
Female,No,No,No,1,Yes,No,DSL,No,No,No,No,No,Yes,Month-to-month,Yes,Mailed check,54.75,54.75,1,New(0-12mo),2,1,54.75,18.25,1,0
Female,Yes,No,No,23,Yes,Yes,Fiber optic,No,No,Yes,No,No,No,Month-to-month,Yes,Mailed check,79.35,1835.3,0,Established(1-2yr),3,1,79.79565217391304,19.8375,1,0
Male,Yes,Yes,No,61,Yes,Yes,Fiber optic,No,Yes,Yes,Yes,Yes,No,One year,Yes,Mailed check,98.3,6066.55,0,VIP(4yr+),6,1,99.4516393442623,14.042857142857143,0,1
Male,Yes,No,No,7,Yes,Yes,Fiber optic,No,No,No,No,Yes,No,Month-to-month,Yes,Electronic check,84.8,546.95,1,New(0-12mo),3,1,78.13571428571429,21.2,1,0
Female,No,Yes,Yes,14,Yes,No,Fiber optic,No,No,No,No,No,Yes,Month-to-month,Yes,Bank transfer (automatic),80.9,1152.8,0,Established(1-2yr),2,1,82.34285714285714,26.96666666666667,1,0
Female,No,No,No,27,Yes,No,No,No internet service,No internet service,No internet service,No internet service,No internet service,No internet service,Two year,Yes,Mailed check,19.6,561.15,0,Loyal(2-4yr),1,0,20.78333333333333,9.8,0,2
Female,No,No,No,4,No,No phone service,DSL,Yes,Yes,No,No,No,No,Month-to-month,Yes,Electronic check,33.65,137.85,1,New(0-12mo),2,1,34.4625,11.216666666666667,1,0
Female,No,No,No,34,Yes,No,No,No internet service,No internet service,No internet service,No internet service,No internet service,No internet service,Month-to-month,No,Mailed check,20.35,673.2,0,Loyal(2-4yr),1,0,19.8,10.175,1,0
Male,No,Yes,Yes,72,Yes,Yes,No,No internet service,No internet service,No internet service,No internet service,No internet service,No internet service,Two year,Yes,Bank transfer (automatic),25.2,1798.9,0,VIP(4yr+),2,0,24.984722222222224,8.4,0,2
Male,No,No,No,10,Yes,No,Fiber optic,No,No,No,Yes,Yes,Yes,Month-to-month,Yes,Credit card (automatic),95.1,865.1,0,New(0-12mo),4,1,86.51,19.02,1,0
Female,No,Yes,Yes,43,Yes,No,DSL,No,Yes,No,No,No,No,Month-to-month,No,Mailed check,50.2,2169.4,0,Loyal(2-4yr),2,1,50.45116279069768,16.733333333333334,1,0
Male,No,No,No,22,Yes,Yes,No,No internet service,No internet service,No internet service,No internet service,No internet service,No internet service,Two year,No,Mailed check,25.25,566.5,0,Established(1-2yr),2,0,25.75,8.416666666666666,0,2
Male,No,Yes,Yes,49,Yes,Yes,Fiber optic,No,No,No,Yes,Yes,Yes,One year,Yes,Electronic check,97.95,4917.9,0,VIP(4yr+),5,1,100.36530612244897,16.325,0,1
Male,Yes,No,No,35,Yes,Yes,Fiber optic,No,No,Yes,No,Yes,Yes,Month-to-month,Yes,Electronic check,101.4,3496.3,1,Loyal(2-4yr),5,1,99.89428571428572,16.900000000000002,1,0
Male,No,Yes,No,67,Yes,Yes,Fiber optic,No,Yes,No,No,Yes,No,One year,Yes,Bank transfer (automatic),88.4,5798.3,0,VIP(4yr+),4,1,86.54179104477612,17.68,0,1
Female,No,No,No,3,No,No phone service,DSL,Yes,No,No,Yes,No,No,Month-to-month,No,Mailed check,34.25,139.35,1,New(0-12mo),2,1,46.449999999999996,11.416666666666666,1,0
Female,No,No,No,59,Yes,Yes,DSL,Yes,No,No,Yes,No,Yes,One year,No,Bank transfer (automatic),68.7,4070.95,0,VIP(4yr+),5,1,68.99915254237288,11.450000000000001,0,1
Female,No,No,No,71,Yes,Yes,Fiber optic,Yes,Yes,Yes,Yes,Yes,Yes,Two year,Yes,Electronic check,118.65,8477.6,0,VIP(4yr+),8,1,119.40281690140846,13.183333333333334,0,2
Female,No,Yes,Yes,64,Yes,Yes,Fiber optic,Yes,Yes,No,Yes,Yes,Yes,Two year,No,Bank transfer (automatic),110.3,6997.3,0,VIP(4yr+),7,1,109.3328125,13.7875,0,2
Male,No,Yes,No,20,Yes,No,No,No internet service,No internet service,No internet service,No internet service,No internet service,No internet service,One year,No,Mailed check,20.65,417.5,0,Established(1-2yr),1,0,20.875,10.325,0,1
Male,No,Yes,Yes,50,Yes,Yes,DSL,No,No,Yes,Yes,Yes,No,One year,Yes,Electronic check,69.65,3442.15,0,VIP(4yr+),5,1,68.843,11.608333333333334,0,1
Male,Yes,Yes,No,33,Yes,Yes,Fiber optic,No,No,No,No,Yes,Yes,Month-to-month,Yes,Electronic check,94.5,3105.55,1,Loyal(2-4yr),4,1,94.10757575757576,18.9,1,0
Male,No,Yes,No,72,Yes,Yes,DSL,Yes,Yes,Yes,Yes,Yes,Yes,Two year,Yes,Credit card (automatic),90.25,6369.45,0,VIP(4yr+),8,1,88.46458333333334,10.027777777777779,0,2
Female,No,No,No,58,Yes,Yes,Fiber optic,Yes,Yes,Yes,No,Yes,Yes,One year,Yes,Electronic check,107.75,6332.75,0,VIP(4yr+),7,1,109.1853448275862,13.46875,0,1
Female,No,Yes,Yes,33,Yes,Yes,DSL,No,No,Yes,Yes,Yes,Yes,One year,Yes,Electronic check,79.15,2531.4,0,Loyal(2-4yr),6,1,76.70909090909092,11.307142857142859,0,1
Male,No,Yes,Yes,39,Yes,No,DSL,Yes,Yes,Yes,No,No,No,One year,No,Electronic check,59.8,2343.85,0,Loyal(2-4yr),4,1,60.09871794871795,11.959999999999999,0,1
Male,No,No,No,13,Yes,Yes,Fiber optic,Yes,No,No,No,Yes,Yes,Month-to-month,No,Mailed check,98.15,1230.25,1,Established(1-2yr),5,1,94.63461538461539,16.358333333333334,1,0
Male,Yes,No,No,26,Yes,No,No,No internet service,No internet service,No internet service,No internet service,No internet service,No internet service,One year,No,Credit card (automatic),19.3,504.2,0,Loyal(2-4yr),1,0,19.392307692307693,9.65,0,1
Male,No,No,No,67,Yes,No,No,No internet service,No internet service,No internet service,No internet service,No internet service,No internet service,Two year,No,Bank transfer (automatic),20.5,1430.95,0,VIP(4yr+),1,0,21.357462686567164,10.25,0,2
Male,No,No,No,20,Yes,No,DSL,No,No,No,Yes,No,No,Month-to-month,No,Mailed check,50.0,1003.05,0,Established(1-2yr),2,1,50.152499999999996,16.666666666666668,1,0
Female,No,Yes,No,67,Yes,Yes,DSL,Yes,Yes,Yes,No,No,Yes,One year,No,Mailed check,75.1,5064.45,0,VIP(4yr+),6,1,75.58880597014925,10.728571428571428,0,1
Female,No,Yes,No,8,Yes,Yes,Fiber optic,No,No,No,Yes,No,Yes,Month-to-month,Yes,Electronic check,90.25,743.75,0,New(0-12mo),4,1,92.96875,18.05,1,0
Female,No,No,No,19,Yes,Yes,No,No internet service,No internet service,No internet service,No internet service,No internet service,No internet service,Month-to-month,No,Bank transfer (automatic),24.7,465.85,0,Established(1-2yr),2,0,24.51842105263158,8.233333333333333,1,0
Male,No,No,No,1,Yes,No,No,No internet service,No internet service,No internet service,No internet service,No internet service,No internet service,Month-to-month,No,Mailed check,20.6,20.6,1,New(0-12mo),1,0,20.6,10.3,1,0
Male,No,No,No,6,Yes,No,Fiber optic,No,Yes,No,No,Yes,No,Month-to-month,Yes,Electronic check,85.35,489.45,1,New(0-12mo),3,1,81.575,21.3375,1,0
Female,No,Yes,Yes,30,Yes,Yes,Fiber optic,No,No,Yes,No,Yes,Yes,Month-to-month,Yes,Electronic check,100.05,3046.15,1,Loyal(2-4yr),5,1,101.53833333333334,16.675,1,0
Female,Yes,No,No,33,Yes,Yes,Fiber optic,No,Yes,Yes,Yes,Yes,Yes,Month-to-month,Yes,Electronic check,110.45,3655.45,1,Loyal(2-4yr),7,1,110.77121212121212,13.80625,1,0
Male,No,No,No,3,No,No phone service,DSL,Yes,No,Yes,Yes,No,No,Month-to-month,No,Mailed check,41.35,107.25,0,New(0-12mo),3,1,35.75,10.3375,1,0
Female,No,Yes,Yes,32,No,No phone service,DSL,Yes,Yes,No,No,No,No,Month-to-month,Yes,Electronic check,35.15,1051.05,0,Loyal(2-4yr),2,1,32.8453125,11.716666666666667,1,0
Male,No,Yes,No,72,Yes,Yes,Fiber optic,Yes,Yes,No,Yes,No,Yes,Two year,Yes,Bank transfer (automatic),100.55,7325.1,0,VIP(4yr+),6,1,101.73750000000001,14.364285714285714,0,2
Male,Yes,No,No,3,Yes,Yes,Fiber optic,No,No,No,No,Yes,Yes,Month-to-month,Yes,Electronic check,94.85,335.75,0,New(0-12mo),4,1,111.91666666666667,18.97,1,0
Male,No,Yes,No,47,Yes,Yes,Fiber optic,No,Yes,Yes,No,No,No,Month-to-month,Yes,Bank transfer (automatic),83.35,4065.0,1,Loyal(2-4yr),4,1,86.48936170212765,16.669999999999998,1,0
Female,No,No,Yes,7,Yes,No,No,No internet service,No internet service,No internet service,No internet service,No internet service,No internet service,One year,No,Mailed check,20.05,96.8,0,New(0-12mo),1,0,13.828571428571427,10.025,0,1
Female,No,Yes,Yes,37,Yes,Yes,Fiber optic,No,Yes,No,No,Yes,No,Month-to-month,Yes,Electronic check,88.8,3340.55,0,Loyal(2-4yr),4,1,90.28513513513514,17.759999999999998,1,0
Male,No,Yes,Yes,69,Yes,Yes,Fiber optic,Yes,Yes,Yes,Yes,Yes,Yes,Two year,Yes,Bank transfer (automatic),114.35,7665.8,0,VIP(4yr+),8,1,111.09855072463769,12.705555555555556,0,2
Female,Yes,No,No,1,Yes,Yes,DSL,No,No,No,No,No,No,Month-to-month,No,Mailed check,50.55,50.55,1,New(0-12mo),2,1,50.55,16.849999999999998,1,0
Female,No,Yes,Yes,12,Yes,Yes,Fiber optic,No,Yes,Yes,No,No,No,Month-to-month,Yes,Electronic check,84.5,916.9,1,New(0-12mo),4,1,76.40833333333333,16.9,1,0
Female,No,Yes,Yes,41,Yes,Yes,Fiber optic,No,Yes,Yes,Yes,Yes,Yes,One year,Yes,Bank transfer (automatic),109.1,4454.25,0,Loyal(2-4yr),7,1,108.64024390243902,13.6375,0,1
Male,No,Yes,No,31,Yes,No,DSL,Yes,Yes,Yes,Yes,No,Yes,One year,Yes,Credit card (automatic),75.5,2424.45,0,Loyal(2-4yr),6,1,78.20806451612903,10.785714285714286,0,1
Female,No,No,No,47,Yes,No,DSL,Yes,Yes,No,Yes,No,No,One year,Yes,Mailed check,58.9,2813.05,0,Loyal(2-4yr),4,1,59.85212765957447,11.78,0,1
Female,No,Yes,No,67,Yes,Yes,Fiber optic,Yes,No,Yes,Yes,Yes,Yes,One year,Yes,Electronic check,111.25,7511.65,0,VIP(4yr+),7,1,112.1141791044776,13.90625,0,1
Male,No,Yes,Yes,13,Yes,Yes,DSL,No,Yes,Yes,Yes,Yes,No,Month-to-month,Yes,Electronic check,72.8,930.05,0,Established(1-2yr),6,1,71.54230769230769,10.4,1,0
Male,No,No,No,5,Yes,No,DSL,No,No,Yes,Yes,Yes,No,Month-to-month,Yes,Credit card (automatic),63.95,318.1,0,New(0-12mo),4,1,63.620000000000005,12.790000000000001,1,0
Female,Yes,Yes,No,26,Yes,Yes,Fiber optic,No,No,Yes,No,Yes,Yes,Month-to-month,Yes,Bank transfer (automatic),98.1,2510.7,0,Loyal(2-4yr),5,1,96.5653846153846,16.349999999999998,1,0
Female,No,No,No,72,Yes,Yes,Fiber optic,Yes,Yes,Yes,No,Yes,No,Two year,Yes,Bank transfer (automatic),101.3,7261.25,0,VIP(4yr+),6,1,100.85069444444444,14.471428571428572,0,2
Female,No,No,No,72,Yes,Yes,Fiber optic,Yes,Yes,Yes,Yes,Yes,Yes,Two year,Yes,Bank transfer (automatic),116.45,8013.55,0,VIP(4yr+),8,1,111.29930555555556,12.93888888888889,0,2
Male,No,No,No,47,Yes,No,DSL,Yes,Yes,Yes,Yes,Yes,Yes,One year,Yes,Bank transfer (automatic),86.95,4138.9,0,Loyal(2-4yr),7,1,88.06170212765957,10.86875,0,1
Male,No,No,No,7,Yes,No,No,No internet service,No internet service,No internet service,No internet service,No internet service,No internet service,Month-to-month,Yes,Mailed check,18.95,130.55,0,New(0-12mo),1,0,18.650000000000002,9.475,1,0
Male,No,Yes,Yes,64,Yes,No,DSL,Yes,No,Yes,Yes,Yes,No,Two year,No,Mailed check,69.25,4447.75,0,VIP(4yr+),5,1,69.49609375,11.541666666666666,0,2
Male,No,No,No,7,Yes,No,DSL,Yes,No,No,No,No,No,Month-to-month,Yes,Mailed check,51.0,354.05,1,New(0-12mo),2,1,50.57857142857143,17.0,1,0
Female,No,Yes,Yes,70,Yes,Yes,No,No internet service,No internet service,No internet service,No internet service,No internet service,No internet service,Two year,No,Mailed check,24.05,1764.75,0,VIP(4yr+),2,0,25.210714285714285,8.016666666666667,0,2
Male,No,No,No,5,Yes,No,No,No internet service,No internet service,No internet service,No internet service,No internet service,No internet service,Month-to-month,No,Mailed check,20.25,109.8,0,New(0-12mo),1,0,21.96,10.125,1,0
Female,No,Yes,No,68,Yes,No,DSL,Yes,No,No,Yes,No,No,One year,No,Bank transfer (automatic),55.9,3848.8,0,VIP(4yr+),3,1,56.6,13.975,0,1
Female,No,No,No,7,Yes,No,DSL,No,No,No,No,Yes,Yes,Month-to-month,Yes,Electronic check,66.85,458.1,0,New(0-12mo),3,1,65.44285714285715,16.7125,1,0
Female,No,Yes,Yes,8,Yes,No,No,No internet service,No internet service,No internet service,No internet service,No internet service,No internet service,Month-to-month,No,Credit card (automatic),21.05,139.75,0,New(0-12mo),1,0,17.46875,10.525,1,0
Female,No,No,No,70,Yes,Yes,Fiber optic,Yes,Yes,Yes,Yes,Yes,Yes,Two year,Yes,Credit card (automatic),111.95,7795.95,0,VIP(4yr+),8,1,111.37071428571429,12.43888888888889,0,2
Male,No,Yes,Yes,7,Yes,No,DSL,Yes,No,No,No,No,No,One year,Yes,Electronic check,49.75,331.3,1,New(0-12mo),2,1,47.32857142857143,16.583333333333332,0,1
Male,No,Yes,Yes,63,Yes,No,No,No internet service,No internet service,No internet service,No internet service,No internet service,No internet service,Two year,Yes,Mailed check,19.15,1177.05,0,VIP(4yr+),1,0,18.683333333333334,9.575,0,2
Female,No,No,No,55,Yes,No,DSL,Yes,No,No,No,No,No,Month-to-month,Yes,Credit card (automatic),50.55,2832.75,0,VIP(4yr+),2,1,51.50454545454546,16.849999999999998,1,0
Male,No,No,No,11,Yes,No,Fiber optic,Yes,No,Yes,No,No,No,Month-to-month,Yes,Bank transfer (automatic),79.5,795.65,0,New(0-12mo),3,1,72.33181818181818,19.875,1,0
Male,No,Yes,No,25,Yes,Yes,DSL,No,No,Yes,No,No,No,Month-to-month,No,Credit card (automatic),55.55,1405.3,0,Loyal(2-4yr),3,1,56.211999999999996,13.8875,1,0
Female,No,No,No,17,Yes,No,Fiber optic,No,No,No,No,No,No,Month-to-month,No,Bank transfer (automatic),70.5,1165.6,0,Established(1-2yr),1,1,68.56470588235294,35.25,1,0
Male,No,Yes,No,57,Yes,No,DSL,Yes,Yes,No,Yes,No,No,Two year,Yes,Electronic check,59.75,3450.15,0,VIP(4yr+),4,1,60.52894736842106,11.95,0,2
Female,No,No,No,4,Yes,No,Fiber optic,Yes,No,Yes,Yes,No,Yes,Month-to-month,Yes,Bank transfer (automatic),94.4,387.2,1,New(0-12mo),5,1,96.8,15.733333333333334,1,0
Female,No,No,No,40,Yes,Yes,Fiber optic,No,No,No,No,No,Yes,Month-to-month,No,Bank transfer (automatic),83.85,3532.25,0,Loyal(2-4yr),3,1,88.30625,20.9625,1,0
Female,No,No,No,1,Yes,No,No,No internet service,No internet service,No internet service,No internet service,No internet service,No internet service,Month-to-month,No,Mailed check,20.5,20.5,1,New(0-12mo),1,0,20.5,10.25,1,0
Male,No,Yes,No,40,Yes,Yes,Fiber optic,No,Yes,No,No,Yes,Yes,Month-to-month,Yes,Electronic check,101.3,4113.1,1,Loyal(2-4yr),5,1,102.82750000000001,16.883333333333333,1,0
Male,No,No,No,8,Yes,No,Fiber optic,No,No,No,No,No,No,Month-to-month,Yes,Mailed check,70.1,551.35,1,New(0-12mo),1,1,68.91875,35.05,1,0
Female,No,Yes,No,72,Yes,Yes,No,No internet service,No internet service,No internet service,No internet service,No internet service,No internet service,Two year,No,Bank transfer (automatic),24.65,1830.05,0,VIP(4yr+),2,0,25.41736111111111,8.216666666666667,0,2
Female,No,No,No,7,Yes,No,DSL,Yes,Yes,No,Yes,Yes,Yes,Month-to-month,Yes,Electronic check,78.5,571.05,0,New(0-12mo),6,1,81.57857142857142,11.214285714285714,1,0
Female,No,Yes,Yes,19,Yes,Yes,Fiber optic,No,No,No,Yes,No,Yes,One year,Yes,Bank transfer (automatic),89.35,1686.85,0,Established(1-2yr),4,1,88.78157894736842,17.869999999999997,0,1
Female,No,No,No,10,Yes,Yes,Fiber optic,No,No,No,No,No,No,Month-to-month,Yes,Mailed check,75.75,777.3,0,New(0-12mo),2,1,77.72999999999999,25.25,1,0
Male,No,No,No,1,Yes,No,DSL,Yes,No,No,No,No,No,Month-to-month,Yes,Credit card (automatic),49.8,49.8,0,New(0-12mo),2,1,49.8,16.599999999999998,1,0
Male,Yes,No,No,8,Yes,No,Fiber optic,No,No,No,No,No,No,Month-to-month,Yes,Electronic check,69.7,560.85,1,New(0-12mo),1,1,70.10625,34.85,1,0
Female,Yes,No,No,2,Yes,No,Fiber optic,No,No,No,No,Yes,No,Month-to-month,No,Mailed check,81.5,162.55,0,New(0-12mo),2,1,81.275,27.166666666666668,1,0
Male,No,Yes,Yes,1,Yes,No,Fiber optic,No,No,No,No,No,Yes,Month-to-month,Yes,Electronic check,81.05,81.05,0,New(0-12mo),2,1,81.05,27.016666666666666,1,0
Male,Yes,No,No,62,Yes,Yes,Fiber optic,No,Yes,Yes,Yes,Yes,Yes,One year,Yes,Bank transfer (automatic),110.75,7053.35,0,VIP(4yr+),7,1,113.76370967741936,13.84375,0,1
Male,No,No,No,64,Yes,No,Fiber optic,Yes,Yes,No,No,Yes,Yes,One year,Yes,Credit card (automatic),100.3,6603.8,0,VIP(4yr+),5,1,103.184375,16.716666666666665,0,1
Male,No,Yes,No,21,Yes,Yes,Fiber optic,No,Yes,Yes,Yes,Yes,Yes,Month-to-month,Yes,Electronic check,111.2,2317.1,1,Established(1-2yr),7,1,110.33809523809524,13.9,1,0
Male,No,Yes,Yes,17,Yes,No,Fiber optic,No,No,No,No,Yes,No,Month-to-month,No,Electronic check,80.85,1400.85,1,Established(1-2yr),2,1,82.40294117647058,26.95,1,0
Female,No,No,No,46,Yes,No,DSL,No,No,No,No,No,Yes,One year,No,Credit card (automatic),55.65,2688.85,0,Loyal(2-4yr),2,1,58.45326086956521,18.55,0,1
Female,No,Yes,Yes,46,Yes,No,No,No internet service,No internet service,No internet service,No internet service,No internet service,No internet service,Two year,No,Credit card (automatic),19.4,958.15,0,Loyal(2-4yr),1,0,20.829347826086956,9.7,0,2
Male,No,No,No,29,Yes,No,Fiber optic,No,No,Yes,Yes,Yes,Yes,Month-to-month,Yes,Credit card (automatic),98.8,2807.1,0,Loyal(2-4yr),5,1,96.79655172413793,16.466666666666665,1,0
Female,No,No,No,10,Yes,No,DSL,No,No,No,No,No,No,Month-to-month,No,Mailed check,45.25,428.7,0,New(0-12mo),1,1,42.87,22.625,1,0
Male,Yes,No,No,52,No,No phone service,DSL,Yes,No,No,No,Yes,Yes,Month-to-month,Yes,Credit card (automatic),48.8,2555.05,0,VIP(4yr+),3,1,49.135576923076925,12.2,1,0
Male,No,Yes,No,39,Yes,No,No,No internet service,No internet service,No internet service,No internet service,No internet service,No internet service,Two year,Yes,Bank transfer (automatic),20.45,790.0,0,Loyal(2-4yr),1,0,20.256410256410255,10.225,0,2
Male,No,No,No,1,Yes,No,Fiber optic,No,No,No,Yes,No,No,Month-to-month,Yes,Electronic check,75.9,75.9,1,New(0-12mo),2,1,75.9,25.3,1,0
Female,Yes,Yes,No,71,Yes,Yes,Fiber optic,Yes,Yes,Yes,Yes,No,No,Two year,Yes,Credit card (automatic),96.35,6766.95,0,VIP(4yr+),6,1,95.30915492957746,13.764285714285714,0,2
Female,No,Yes,No,70,Yes,Yes,Fiber optic,No,Yes,Yes,Yes,Yes,Yes,One year,Yes,Electronic check,109.5,7674.55,1,VIP(4yr+),7,1,109.63642857142857,13.6875,0,1
Male,No,Yes,Yes,23,Yes,No,DSL,Yes,No,No,Yes,No,No,One year,No,Credit card (automatic),57.2,1423.35,0,Established(1-2yr),3,1,61.88478260869565,14.3,0,1
Male,No,No,No,1,Yes,No,No,No internet service,No internet service,No internet service,No internet service,No internet service,No internet service,Month-to-month,No,Bank transfer (automatic),20.95,20.95,0,New(0-12mo),1,0,20.95,10.475,1,0
Male,Yes,Yes,No,55,Yes,Yes,DSL,Yes,Yes,No,No,No,No,One year,No,Credit card (automatic),60.0,3316.1,0,VIP(4yr+),4,1,60.29272727272727,12.0,0,1
Female,No,No,No,4,Yes,No,No,No internet service,No internet service,No internet service,No internet service,No internet service,No internet service,Month-to-month,No,Mailed check,20.15,84.5,0,New(0-12mo),1,0,21.125,10.075,1,0
Female,Yes,Yes,Yes,57,Yes,No,Fiber optic,No,Yes,Yes,Yes,Yes,No,Month-to-month,Yes,Credit card (automatic),95.3,5567.45,0,VIP(4yr+),5,1,97.67456140350878,15.883333333333333,1,0
Male,No,Yes,Yes,31,No,No phone service,DSL,Yes,No,No,Yes,No,No,Month-to-month,No,Bank transfer (automatic),35.4,1077.5,1,Loyal(2-4yr),2,1,34.75806451612903,11.799999999999999,1,0
Male,No,Yes,Yes,72,Yes,No,No,No internet service,No internet service,No internet service,No internet service,No internet service,No internet service,Two year,No,Bank transfer (automatic),20.3,1401.15,0,VIP(4yr+),1,0,19.460416666666667,10.15,0,2
Female,No,No,No,29,Yes,No,No,No internet service,No internet service,No internet service,No internet service,No internet service,No internet service,Two year,No,Mailed check,19.4,554.25,0,Loyal(2-4yr),1,0,19.112068965517242,9.7,0,2
Male,No,No,No,63,Yes,Yes,Fiber optic,No,Yes,No,No,No,Yes,One year,No,Credit card (automatic),90.45,5825.5,0,VIP(4yr+),4,1,92.46825396825396,18.09,0,1
Male,No,No,No,2,Yes,No,Fiber optic,No,No,No,No,No,Yes,Month-to-month,Yes,Electronic check,80.2,181.1,1,New(0-12mo),2,1,90.55,26.733333333333334,1,0
Male,No,Yes,Yes,32,Yes,No,No,No internet service,No internet service,No internet service,No internet service,No internet service,No internet service,Month-to-month,Yes,Credit card (automatic),19.45,674.55,0,Loyal(2-4yr),1,0,21.0796875,9.725,1,0
Female,Yes,Yes,Yes,55,Yes,Yes,DSL,Yes,No,Yes,Yes,Yes,No,One year,No,Electronic check,76.25,4154.55,0,VIP(4yr+),6,1,75.53727272727274,10.892857142857142,0,1
Female,No,No,No,54,Yes,Yes,Fiber optic,No,No,No,Yes,Yes,Yes,Month-to-month,Yes,Electronic check,100.1,5440.9,1,VIP(4yr+),5,1,100.7574074074074,16.683333333333334,1,0
Male,No,Yes,Yes,72,Yes,Yes,Fiber optic,No,Yes,Yes,Yes,Yes,Yes,Two year,No,Credit card (automatic),110.9,7922.75,0,VIP(4yr+),7,1,110.03819444444444,13.8625,0,2
Female,No,Yes,Yes,10,Yes,No,No,No internet service,No internet service,No internet service,No internet service,No internet service,No internet service,Two year,No,Mailed check,20.15,220.8,0,New(0-12mo),1,0,22.080000000000002,10.075,0,2
Male,No,Yes,No,53,Yes,No,Fiber optic,No,Yes,No,No,Yes,Yes,One year,Yes,Bank transfer (automatic),94.25,4867.95,1,VIP(4yr+),4,1,91.84811320754717,18.85,0,1
Male,No,No,No,1,Yes,Yes,Fiber optic,No,No,No,No,No,No,Month-to-month,Yes,Electronic check,74.95,74.95,1,New(0-12mo),2,1,74.95,24.983333333333334,1,0
Male,No,Yes,No,66,Yes,Yes,DSL,No,No,No,Yes,No,Yes,Month-to-month,No,Electronic check,63.85,4264.6,0,VIP(4yr+),4,1,64.61515151515152,12.77,1,0
Female,Yes,Yes,Yes,32,Yes,Yes,Fiber optic,No,Yes,No,No,Yes,Yes,Month-to-month,Yes,Electronic check,100.4,3217.65,0,Loyal(2-4yr),5,1,100.5515625,16.733333333333334,1,0
Male,No,Yes,Yes,70,Yes,Yes,DSL,No,Yes,Yes,Yes,Yes,Yes,Two year,Yes,Credit card (automatic),85.95,5931.75,0,VIP(4yr+),7,1,84.73928571428571,10.74375,0,2
Female,No,No,No,43,Yes,Yes,Fiber optic,No,Yes,Yes,No,Yes,Yes,Two year,Yes,Electronic check,104.6,4759.85,1,Loyal(2-4yr),6,1,110.69418604651163,14.942857142857141,0,2
Female,No,Yes,No,58,Yes,Yes,Fiber optic,Yes,Yes,Yes,No,Yes,Yes,One year,Yes,Credit card (automatic),110.65,6526.65,0,VIP(4yr+),7,1,112.52844827586206,13.83125,0,1
Male,No,Yes,Yes,66,Yes,No,No,No internet service,No internet service,No internet service,No internet service,No internet service,No internet service,Two year,Yes,Mailed check,19.75,1344.5,0,VIP(4yr+),1,0,20.37121212121212,9.875,0,2
Female,No,Yes,No,57,Yes,Yes,Fiber optic,No,Yes,Yes,Yes,Yes,Yes,One year,Yes,Bank transfer (automatic),109.4,6252.7,0,VIP(4yr+),7,1,109.69649122807017,13.675,0,1
Female,No,Yes,Yes,45,Yes,No,No,No internet service,No internet service,No internet service,No internet service,No internet service,No internet service,Two year,Yes,Bank transfer (automatic),20.0,886.4,0,Loyal(2-4yr),1,0,19.697777777777777,10.0,0,2
Female,No,Yes,Yes,42,Yes,Yes,No,No internet service,No internet service,No internet service,No internet service,No internet service,No internet service,Two year,No,Electronic check,22.95,1014.25,0,Loyal(2-4yr),2,0,24.148809523809526,7.6499999999999995,0,2
Male,No,No,No,43,Yes,Yes,Fiber optic,No,Yes,No,No,Yes,Yes,Month-to-month,Yes,Electronic check,101.4,4528.0,1,Loyal(2-4yr),5,1,105.30232558139535,16.900000000000002,1,0
Female,No,No,No,16,Yes,No,Fiber optic,No,Yes,No,No,No,Yes,Month-to-month,Yes,Electronic check,86.25,1340.1,0,Established(1-2yr),3,1,83.75625,21.5625,1,0
Male,Yes,No,No,5,Yes,No,Fiber optic,No,No,No,No,No,No,Month-to-month,Yes,Mailed check,70.25,331.9,1,New(0-12mo),1,1,66.38,35.125,1,0
Female,No,Yes,No,16,Yes,No,Fiber optic,No,Yes,No,No,Yes,Yes,Month-to-month,Yes,Bank transfer (automatic),94.65,1461.15,0,Established(1-2yr),4,1,91.321875,18.93,1,0
Female,No,No,No,6,Yes,No,Fiber optic,No,No,No,No,Yes,Yes,Month-to-month,No,Electronic check,89.3,577.6,1,New(0-12mo),3,1,96.26666666666667,22.325,1,0
Male,No,Yes,Yes,4,Yes,No,Fiber optic,No,No,No,No,No,No,Month-to-month,Yes,Mailed check,69.55,284.9,0,New(0-12mo),1,1,71.225,34.775,1,0
Female,No,No,No,7,Yes,No,DSL,No,No,No,Yes,Yes,No,Month-to-month,Yes,Mailed check,59.5,415.95,1,New(0-12mo),3,1,59.42142857142857,14.875,1,0
Female,Yes,No,No,5,No,No phone service,DSL,No,No,No,No,Yes,Yes,Month-to-month,No,Electronic check,45.7,198.0,1,New(0-12mo),2,1,39.6,15.233333333333334,1,0
Male,No,Yes,No,1,No,No phone service,DSL,No,No,Yes,No,Yes,Yes,Month-to-month,Yes,Electronic check,50.35,50.35,1,New(0-12mo),3,1,50.35,12.5875,1,0
Male,No,No,Yes,1,Yes,No,No,No internet service,No internet service,No internet service,No internet service,No internet service,No internet service,Month-to-month,No,Mailed check,19.85,19.85,0,New(0-12mo),1,0,19.85,9.925,1,0
Male,No,Yes,Yes,65,Yes,No,No,No internet service,No internet service,No internet service,No internet service,No internet service,No internet service,Two year,Yes,Credit card (automatic),19.85,1267.05,0,VIP(4yr+),1,0,19.493076923076924,9.925,0,2
Male,No,No,No,18,No,No phone service,DSL,No,No,No,No,No,No,Month-to-month,No,Mailed check,25.15,476.8,0,Established(1-2yr),0,1,26.48888888888889,25.15,1,0
Female,No,Yes,Yes,10,Yes,Yes,DSL,Yes,Yes,No,No,Yes,No,One year,No,Electronic check,70.3,676.15,0,New(0-12mo),5,1,67.615,11.716666666666667,0,1
Male,No,No,Yes,12,Yes,No,No,No internet service,No internet service,No internet service,No internet service,No internet service,No internet service,Two year,No,Bank transfer (automatic),19.35,212.3,0,New(0-12mo),1,0,17.691666666666666,9.675,0,2
Female,No,Yes,Yes,26,No,No phone service,DSL,Yes,Yes,No,Yes,No,No,Month-to-month,No,Credit card (automatic),38.85,1025.15,0,Loyal(2-4yr),3,1,39.42884615384616,9.7125,1,0
Female,No,No,No,6,Yes,No,Fiber optic,No,No,No,No,Yes,Yes,Month-to-month,Yes,Electronic check,89.5,573.3,1,New(0-12mo),3,1,95.55,22.375,1,0
Male,No,No,No,25,Yes,Yes,Fiber optic,No,No,No,No,No,Yes,Month-to-month,Yes,Electronic check,84.8,2043.45,1,Loyal(2-4yr),3,1,81.738,21.2,1,0
Male,No,No,No,13,Yes,No,Fiber optic,No,No,No,No,No,No,Month-to-month,Yes,Electronic check,70.15,931.75,0,Established(1-2yr),1,1,71.67307692307692,35.075,1,0
Female,No,No,No,17,Yes,No,No,No internet service,No internet service,No internet service,No internet service,No internet service,No internet service,Two year,No,Mailed check,19.4,358.05,0,Established(1-2yr),1,0,21.061764705882354,9.7,0,2
Female,No,No,No,21,Yes,No,No,No internet service,No internet service,No internet service,No internet service,No internet service,No internet service,Two year,Yes,Credit card (automatic),20.85,435.25,0,Established(1-2yr),1,0,20.726190476190474,10.425,0,2
Male,No,No,No,31,Yes,Yes,Fiber optic,No,Yes,No,No,No,No,Month-to-month,Yes,Electronic check,81.15,2640.55,0,Loyal(2-4yr),3,1,85.17903225806452,20.2875,1,0
Male,No,Yes,Yes,72,Yes,Yes,Fiber optic,No,Yes,No,No,Yes,No,One year,Yes,Electronic check,89.7,6588.95,0,VIP(4yr+),4,1,91.51319444444444,17.94,0,1
Female,No,No,No,3,Yes,No,No,No internet service,No internet service,No internet service,No internet service,No internet service,No internet service,Month-to-month,No,Mailed check,19.85,63.75,1,New(0-12mo),1,0,21.25,9.925,1,0
Female,No,No,No,64,Yes,Yes,No,No internet service,No internet service,No internet service,No internet service,No internet service,No internet service,One year,No,Mailed check,24.7,1642.75,0,VIP(4yr+),2,0,25.66796875,8.233333333333333,0,1
Female,No,No,Yes,1,Yes,No,DSL,Yes,No,No,No,No,No,Month-to-month,No,Mailed check,51.2,51.2,0,New(0-12mo),2,1,51.2,17.066666666666666,1,0
Male,No,No,No,1,Yes,No,No,No internet service,No internet service,No internet service,No internet service,No internet service,No internet service,Month-to-month,No,Mailed check,20.25,20.25,0,New(0-12mo),1,0,20.25,10.125,1,0
Male,No,Yes,Yes,8,Yes,No,DSL,No,No,Yes,No,No,No,Month-to-month,Yes,Electronic check,51.05,415.05,1,New(0-12mo),2,1,51.88125,17.016666666666666,1,0
Male,No,Yes,Yes,38,Yes,Yes,DSL,Yes,No,Yes,Yes,Yes,Yes,Two year,Yes,Bank transfer (automatic),85.4,3297.0,0,Loyal(2-4yr),7,1,86.76315789473684,10.675,0,2
Male,No,No,No,24,Yes,Yes,Fiber optic,No,No,No,No,Yes,Yes,Month-to-month,Yes,Electronic check,94.1,2322.85,0,Established(1-2yr),4,1,96.78541666666666,18.82,1,0
Female,No,No,Yes,19,Yes,Yes,DSL,Yes,Yes,No,Yes,Yes,No,Month-to-month,Yes,Mailed check,75.9,1375.6,0,Established(1-2yr),6,1,72.39999999999999,10.842857142857143,1,0
Female,No,No,No,2,No,No phone service,DSL,No,No,No,No,No,No,Month-to-month,No,Electronic check,24.5,46.4,0,New(0-12mo),0,1,23.2,24.5,1,0
Male,No,Yes,Yes,68,No,No phone service,DSL,Yes,Yes,Yes,Yes,No,Yes,Two year,Yes,Mailed check,56.4,3948.45,0,VIP(4yr+),5,1,58.065441176470586,9.4,0,2
Female,No,Yes,Yes,56,Yes,Yes,Fiber optic,Yes,No,Yes,Yes,Yes,Yes,Month-to-month,Yes,Mailed check,109.6,5953.0,0,VIP(4yr+),7,1,106.30357142857143,13.7,1,0
Female,No,No,Yes,31,Yes,Yes,Fiber optic,No,No,No,No,Yes,No,Month-to-month,Yes,Credit card (automatic),86.55,2697.4,1,Loyal(2-4yr),3,1,87.01290322580645,21.6375,1,0
Female,No,Yes,Yes,20,Yes,Yes,DSL,Yes,No,No,No,Yes,Yes,One year,No,Bank transfer (automatic),76.0,1588.75,0,Established(1-2yr),5,1,79.4375,12.666666666666666,0,1
Female,Yes,Yes,No,26,Yes,No,DSL,No,No,Yes,No,No,Yes,One year,No,Mailed check,60.7,1597.4,0,Loyal(2-4yr),3,1,61.43846153846154,15.175,0,1
Male,Yes,Yes,No,19,Yes,No,DSL,Yes,No,Yes,No,Yes,No,Month-to-month,No,Bank transfer (automatic),66.4,1286.05,0,Established(1-2yr),4,1,67.68684210526315,13.280000000000001,1,0
Female,No,No,No,11,Yes,No,Fiber optic,No,Yes,Yes,Yes,No,Yes,Month-to-month,Yes,Electronic check,94.2,999.9,0,New(0-12mo),5,1,90.89999999999999,15.700000000000001,1,0
Female,No,No,Yes,4,No,No phone service,DSL,Yes,Yes,Yes,No,Yes,Yes,Month-to-month,Yes,Mailed check,57.2,223.75,0,New(0-12mo),5,1,55.9375,9.533333333333333,1,0
Male,No,No,No,18,Yes,No,No,No internet service,No internet service,No internet service,No internet service,No internet service,No internet service,One year,No,Mailed check,19.65,411.25,0,Established(1-2yr),1,0,22.84722222222222,9.825,0,1
Male,No,No,No,22,Yes,Yes,Fiber optic,No,Yes,No,No,No,No,Month-to-month,Yes,Mailed check,78.85,1600.25,0,Established(1-2yr),3,1,72.73863636363636,19.7125,1,0
Male,No,No,Yes,37,Yes,No,DSL,Yes,Yes,No,Yes,No,No,Two year,No,Credit card (automatic),61.45,2302.35,0,Loyal(2-4yr),4,1,62.225675675675674,12.290000000000001,0,2
Female,No,Yes,Yes,17,Yes,No,Fiber optic,Yes,No,No,Yes,Yes,No,Month-to-month,No,Electronic check,91.85,1574.45,1,Established(1-2yr),4,1,92.61470588235295,18.369999999999997,1,0
Female,No,Yes,No,61,Yes,No,No,No internet service,No internet service,No internet service,No internet service,No internet service,No internet service,Two year,No,Credit card (automatic),20.25,1278.8,0,VIP(4yr+),1,0,20.963934426229507,10.125,0,2
Female,No,Yes,Yes,16,Yes,No,Fiber optic,Yes,No,Yes,No,Yes,Yes,Month-to-month,No,Bank transfer (automatic),100.7,1522.7,0,Established(1-2yr),5,1,95.16875,16.783333333333335,1,0
Female,No,Yes,Yes,35,Yes,No,No,No internet service,No internet service,No internet service,No internet service,No internet service,No internet service,Two year,Yes,Mailed check,19.85,739.35,0,Loyal(2-4yr),1,0,21.124285714285715,9.925,0,2
Male,Yes,Yes,No,58,Yes,Yes,Fiber optic,Yes,Yes,Yes,No,Yes,Yes,One year,Yes,Electronic check,108.85,6287.25,1,VIP(4yr+),7,1,108.40086206896552,13.60625,0,1
Male,No,Yes,Yes,4,Yes,Yes,Fiber optic,No,Yes,Yes,No,No,No,Month-to-month,Yes,Bank transfer (automatic),84.8,371.9,1,New(0-12mo),4,1,92.975,16.96,1,0
Female,No,No,No,2,Yes,No,No,No internet service,No internet service,No internet service,No internet service,No internet service,No internet service,Month-to-month,No,Electronic check,19.9,57.4,0,New(0-12mo),1,0,28.7,9.95,1,0
Female,No,No,No,5,Yes,No,No,No internet service,No internet service,No internet service,No internet service,No internet service,No internet service,Month-to-month,No,Mailed check,20.15,117.95,0,New(0-12mo),1,0,23.59,10.075,1,0
Male,No,Yes,No,11,Yes,No,DSL,No,No,No,No,Yes,No,Month-to-month,Yes,Bank transfer (automatic),55.05,608.15,0,New(0-12mo),2,1,55.28636363636363,18.349999999999998,1,0
Male,No,No,Yes,15,Yes,Yes,No,No internet service,No internet service,No internet service,No internet service,No internet service,No internet service,Month-to-month,Yes,Electronic check,24.8,324.15,0,Established(1-2yr),2,0,21.61,8.266666666666667,1,0
Male,No,No,No,2,No,No phone service,DSL,No,No,No,Yes,No,No,Month-to-month,No,Bank transfer (automatic),29.85,75.6,1,New(0-12mo),1,1,37.8,14.925,1,0
Male,No,Yes,Yes,14,Yes,Yes,DSL,Yes,Yes,No,No,No,Yes,Month-to-month,No,Mailed check,69.2,944.65,0,Established(1-2yr),5,1,67.475,11.533333333333333,1,0
Female,No,No,No,9,Yes,No,DSL,Yes,Yes,No,No,Yes,Yes,Month-to-month,Yes,Electronic check,74.65,703.55,1,New(0-12mo),5,1,78.17222222222222,12.441666666666668,1,0
Male,No,No,No,13,Yes,No,DSL,No,Yes,No,Yes,Yes,Yes,Month-to-month,No,Mailed check,73.35,931.55,0,Established(1-2yr),5,1,71.6576923076923,12.225,1,0
Male,No,Yes,Yes,18,No,No phone service,DSL,No,Yes,Yes,No,Yes,No,One year,No,Credit card (automatic),46.4,812.4,0,Established(1-2yr),3,1,45.13333333333333,11.6,0,1
Female,No,Yes,Yes,15,Yes,No,No,No internet service,No internet service,No internet service,No internet service,No internet service,No internet service,Month-to-month,No,Mailed check,20.05,284.3,0,Established(1-2yr),1,0,18.953333333333333,10.025,1,0
Male,No,No,No,1,Yes,No,No,No internet service,No internet service,No internet service,No internet service,No internet service,No internet service,Month-to-month,Yes,Credit card (automatic),19.75,19.75,0,New(0-12mo),1,0,19.75,9.875,1,0
Male,Yes,Yes,No,17,Yes,No,Fiber optic,No,No,No,No,No,Yes,Month-to-month,No,Bank transfer (automatic),81.5,1329.2,1,Established(1-2yr),2,1,78.18823529411765,27.166666666666668,1,0
Male,No,Yes,No,48,Yes,Yes,Fiber optic,Yes,Yes,Yes,No,Yes,Yes,Month-to-month,Yes,Bank transfer (automatic),111.45,5315.1,0,Loyal(2-4yr),7,1,110.73125,13.93125,1,0
Male,Yes,Yes,No,24,No,No phone service,DSL,Yes,No,No,No,No,Yes,Month-to-month,No,Bank transfer (automatic),39.1,971.3,1,Established(1-2yr),2,1,40.47083333333333,13.033333333333333,1,0
Female,Yes,No,No,1,Yes,No,Fiber optic,No,No,No,No,No,No,Month-to-month,Yes,Electronic check,69.95,69.95,1,New(0-12mo),1,1,69.95,34.975,1,0
Female,No,Yes,Yes,66,Yes,No,DSL,No,No,No,Yes,No,No,One year,Yes,Credit card (automatic),49.4,3251.85,0,VIP(4yr+),2,1,49.27045454545454,16.466666666666665,0,1
Female,No,Yes,No,1,No,No phone service,DSL,No,Yes,No,No,No,No,Month-to-month,Yes,Electronic check,29.85,29.85,0,New(0-12mo),1,1,29.85,14.925,1,0
Female,No,Yes,No,7,Yes,No,Fiber optic,No,No,Yes,No,Yes,No,Month-to-month,Yes,Electronic check,86.25,587.1,1,New(0-12mo),3,1,83.87142857142858,21.5625,1,0
Male,No,Yes,No,55,Yes,Yes,No,No internet service,No internet service,No internet service,No internet service,No internet service,No internet service,Two year,No,Bank transfer (automatic),25.7,1443.65,0,VIP(4yr+),2,0,26.24818181818182,8.566666666666666,0,2
Female,No,No,No,36,Yes,No,Fiber optic,No,Yes,No,No,Yes,Yes,Month-to-month,Yes,Credit card (automatic),94.8,3565.65,0,Loyal(2-4yr),4,1,99.04583333333333,18.96,1,0
Female,No,No,Yes,18,Yes,Yes,DSL,Yes,No,No,No,No,No,Month-to-month,No,Mailed check,57.65,992.7,0,Established(1-2yr),3,1,55.150000000000006,14.4125,1,0
Male,No,Yes,Yes,51,No,No phone service,DSL,Yes,Yes,Yes,No,Yes,Yes,One year,No,Electronic check,59.3,3014.65,1,VIP(4yr+),5,1,59.11078431372549,9.883333333333333,0,1
Female,No,Yes,Yes,72,Yes,No,No,No internet service,No internet service,No internet service,No internet service,No internet service,No internet service,Two year,No,Bank transfer (automatic),20.1,1460.85,0,VIP(4yr+),1,0,20.289583333333333,10.05,0,2
Female,No,No,No,1,Yes,No,No,No internet service,No internet service,No internet service,No internet service,No internet service,No internet service,Month-to-month,No,Credit card (automatic),19.8,19.8,0,New(0-12mo),1,0,19.8,9.9,1,0
Female,No,No,No,11,Yes,Yes,No,No internet service,No internet service,No internet service,No internet service,No internet service,No internet service,One year,No,Electronic check,25.2,245.15,0,New(0-12mo),2,0,22.286363636363635,8.4,0,1
Female,No,No,Yes,8,Yes,No,No,No internet service,No internet service,No internet service,No internet service,No internet service,No internet service,Month-to-month,No,Mailed check,20.05,163.6,0,New(0-12mo),1,0,20.45,10.025,1,0
Female,No,No,No,1,Yes,Yes,Fiber optic,No,Yes,No,No,No,No,Month-to-month,Yes,Mailed check,79.15,79.15,0,New(0-12mo),3,1,79.15,19.7875,1,0
Female,No,No,No,68,Yes,No,DSL,Yes,Yes,Yes,Yes,Yes,Yes,Two year,Yes,Credit card (automatic),82.45,5646.6,0,VIP(4yr+),7,1,83.03823529411765,10.30625,0,2
Male,Yes,Yes,No,54,Yes,Yes,Fiber optic,No,No,Yes,No,Yes,Yes,Month-to-month,Yes,Credit card (automatic),99.05,5295.7,0,VIP(4yr+),5,1,98.06851851851852,16.508333333333333,1,0
Male,No,No,No,22,Yes,Yes,Fiber optic,No,No,No,No,Yes,Yes,Month-to-month,Yes,Credit card (automatic),94.65,2104.55,1,Established(1-2yr),4,1,95.66136363636365,18.93,1,0
Female,Yes,Yes,No,19,Yes,Yes,Fiber optic,No,No,No,No,Yes,Yes,Month-to-month,Yes,Electronic check,94.95,1760.25,0,Established(1-2yr),4,1,92.64473684210526,18.990000000000002,1,0
Male,No,Yes,Yes,71,Yes,Yes,DSL,Yes,Yes,Yes,Yes,Yes,Yes,Two year,Yes,Mailed check,91.25,6589.6,0,VIP(4yr+),8,1,92.8112676056338,10.13888888888889,0,2
Male,No,No,No,44,Yes,No,Fiber optic,Yes,Yes,Yes,No,Yes,Yes,One year,Yes,Electronic check,106.05,4510.8,0,Loyal(2-4yr),6,1,102.51818181818182,15.15,0,1
Female,No,Yes,No,71,Yes,Yes,Fiber optic,No,Yes,Yes,No,Yes,Yes,Two year,Yes,Bank transfer (automatic),105.15,7555.0,0,VIP(4yr+),6,1,106.40845070422536,15.021428571428572,0,2
Male,No,No,No,30,Yes,Yes,Fiber optic,Yes,Yes,Yes,Yes,No,No,Month-to-month,Yes,Credit card (automatic),95.0,2852.4,0,Loyal(2-4yr),6,1,95.08,13.571428571428571,1,0
Female,No,No,No,39,Yes,No,No,No internet service,No internet service,No internet service,No internet service,No internet service,No internet service,Two year,No,Credit card (automatic),20.7,762.45,0,Loyal(2-4yr),1,0,19.55,10.35,0,2
Male,No,Yes,No,72,Yes,Yes,Fiber optic,Yes,Yes,Yes,No,Yes,No,Two year,Yes,Credit card (automatic),97.95,7114.25,0,VIP(4yr+),6,1,98.80902777777777,13.992857142857144,0,2
Male,Yes,No,No,68,Yes,No,No,No internet service,No internet service,No internet service,No internet service,No internet service,No internet service,Two year,Yes,Credit card (automatic),20.0,1396.0,0,VIP(4yr+),1,0,20.529411764705884,10.0,0,2
Female,No,Yes,No,12,Yes,No,No,No internet service,No internet service,No internet service,No internet service,No internet service,No internet service,Two year,Yes,Electronic check,20.05,264.55,0,New(0-12mo),1,0,22.045833333333334,10.025,0,2
Female,No,No,No,6,Yes,Yes,Fiber optic,No,Yes,Yes,Yes,Yes,Yes,Month-to-month,Yes,Credit card (automatic),109.9,669.45,1,New(0-12mo),7,1,111.575,13.7375,1,0
Male,Yes,No,Yes,38,Yes,Yes,Fiber optic,Yes,No,No,No,No,No,Month-to-month,Yes,Mailed check,80.45,3162.65,0,Loyal(2-4yr),3,1,83.22763157894737,20.1125,1,0
Female,Yes,Yes,No,65,Yes,Yes,Fiber optic,No,Yes,Yes,No,Yes,Yes,One year,Yes,Electronic check,106.25,6979.8,1,VIP(4yr+),6,1,107.38153846153847,15.178571428571429,0,1
Female,No,Yes,Yes,60,Yes,No,No,No internet service,No internet service,No internet service,No internet service,No internet service,No internet service,Two year,Yes,Credit card (automatic),19.25,1103.25,0,VIP(4yr+),1,0,18.3875,9.625,0,2
Female,No,Yes,No,2,Yes,Yes,Fiber optic,No,No,No,No,Yes,No,Month-to-month,Yes,Electronic check,84.05,134.05,0,New(0-12mo),3,1,67.025,21.0125,1,0
Female,No,Yes,Yes,48,No,No phone service,DSL,Yes,No,Yes,No,No,Yes,One year,No,Credit card (automatic),45.0,2196.3,0,Loyal(2-4yr),3,1,45.75625,11.25,0,1
Female,No,No,No,63,Yes,No,DSL,No,No,Yes,No,No,Yes,One year,No,Credit card (automatic),58.55,3503.5,0,VIP(4yr+),3,1,55.611111111111114,14.6375,0,1
Male,Yes,Yes,No,33,Yes,Yes,Fiber optic,Yes,No,Yes,Yes,Yes,Yes,Month-to-month,Yes,Bank transfer (automatic),109.9,3694.7,0,Loyal(2-4yr),7,1,111.96060606060605,13.7375,1,0
Female,No,Yes,Yes,3,Yes,Yes,Fiber optic,No,No,No,No,No,Yes,Month-to-month,Yes,Bank transfer (automatic),84.75,264.85,1,New(0-12mo),3,1,88.28333333333335,21.1875,1,0
Male,No,Yes,No,8,Yes,No,DSL,No,Yes,No,No,No,No,Month-to-month,Yes,Bank transfer (automatic),49.55,393.45,0,New(0-12mo),2,1,49.18125,16.516666666666666,1,0
Female,No,Yes,Yes,47,Yes,No,DSL,No,Yes,No,Yes,No,Yes,Two year,No,Bank transfer (automatic),63.8,3007.25,0,Loyal(2-4yr),4,1,63.984042553191486,12.76,0,2
Male,No,No,No,8,Yes,Yes,Fiber optic,No,No,No,No,No,Yes,Month-to-month,No,Bank transfer (automatic),84.5,662.65,1,New(0-12mo),3,1,82.83125,21.125,1,0
Female,No,No,No,26,Yes,No,Fiber optic,Yes,No,Yes,Yes,No,No,One year,Yes,Credit card (automatic),87.15,2274.1,0,Loyal(2-4yr),4,1,87.46538461538461,17.43,0,1
Female,No,Yes,Yes,16,Yes,No,No,No internet service,No internet service,No internet service,No internet service,No internet service,No internet service,Month-to-month,No,Mailed check,19.35,275.9,0,Established(1-2yr),1,0,17.24375,9.675,1,0
Female,Yes,No,No,18,Yes,No,Fiber optic,No,Yes,No,No,No,No,Month-to-month,Yes,Electronic check,73.55,1359.45,0,Established(1-2yr),2,1,75.525,24.516666666666666,1,0
Male,Yes,Yes,No,27,Yes,No,Fiber optic,No,No,No,No,No,No,Month-to-month,Yes,Electronic check,70.55,1943.9,0,Loyal(2-4yr),1,1,71.9962962962963,35.275,1,0
Female,No,Yes,Yes,70,Yes,Yes,Fiber optic,No,Yes,Yes,Yes,Yes,Yes,Two year,Yes,Electronic check,110.2,7689.8,0,VIP(4yr+),7,1,109.85428571428572,13.775,0,2
Female,Yes,Yes,Yes,71,Yes,Yes,DSL,Yes,Yes,No,No,Yes,No,One year,No,Electronic check,69.2,4982.5,0,VIP(4yr+),5,1,70.17605633802818,11.533333333333333,0,1
Female,No,Yes,No,72,Yes,Yes,Fiber optic,Yes,Yes,Yes,Yes,Yes,Yes,Two year,Yes,Bank transfer (automatic),113.65,8182.75,0,VIP(4yr+),8,1,113.64930555555556,12.627777777777778,0,2
Male,No,Yes,No,59,Yes,Yes,Fiber optic,Yes,Yes,Yes,Yes,Yes,No,Month-to-month,Yes,Electronic check,106.75,6252.9,1,VIP(4yr+),7,1,105.98135593220339,13.34375,1,0
Female,No,Yes,No,2,Yes,No,DSL,Yes,No,No,No,No,Yes,Month-to-month,Yes,Mailed check,62.15,113.1,0,New(0-12mo),3,1,56.55,15.5375,1,0
Male,Yes,No,No,47,Yes,No,Fiber optic,Yes,No,No,No,No,Yes,Month-to-month,No,Mailed check,85.5,4042.3,1,Loyal(2-4yr),3,1,86.00638297872341,21.375,1,0
Male,No,Yes,No,72,Yes,No,DSL,Yes,Yes,Yes,Yes,Yes,Yes,Two year,No,Mailed check,84.45,6033.1,0,VIP(4yr+),7,1,83.79305555555555,10.55625,0,2
Male,No,Yes,Yes,20,Yes,Yes,Fiber optic,No,Yes,No,Yes,Yes,No,Month-to-month,No,Mailed check,96.8,1826.7,0,Established(1-2yr),5,1,91.33500000000001,16.133333333333333,1,0
Female,No,No,No,61,Yes,Yes,Fiber optic,Yes,Yes,Yes,Yes,Yes,Yes,One year,Yes,Electronic check,118.6,7365.7,0,VIP(4yr+),8,1,120.74918032786886,13.177777777777777,0,1
Male,No,Yes,Yes,35,Yes,Yes,Fiber optic,No,Yes,No,No,Yes,No,Month-to-month,Yes,Bank transfer (automatic),89.65,3161.6,0,Loyal(2-4yr),4,1,90.33142857142857,17.93,1,0
Female,No,Yes,Yes,6,Yes,No,No,No internet service,No internet service,No internet service,No internet service,No internet service,No internet service,Month-to-month,No,Mailed check,19.85,119.3,0,New(0-12mo),1,0,19.883333333333333,9.925,1,0
Female,No,Yes,No,63,Yes,Yes,Fiber optic,No,Yes,Yes,No,Yes,Yes,One year,Yes,Electronic check,107.5,6873.75,1,VIP(4yr+),6,1,109.10714285714286,15.357142857142858,0,1
Male,Yes,Yes,No,69,No,No phone service,DSL,No,No,Yes,No,No,No,One year,Yes,Credit card (automatic),29.8,2134.3,0,VIP(4yr+),1,1,30.93188405797102,14.9,0,1
Female,No,Yes,Yes,69,Yes,No,No,No internet service,No internet service,No internet service,No internet service,No internet service,No internet service,One year,Yes,Credit card (automatic),20.35,1442.65,0,VIP(4yr+),1,0,20.907971014492755,10.175,0,1
Male,Yes,Yes,No,61,Yes,Yes,Fiber optic,No,Yes,No,No,No,No,Month-to-month,Yes,Electronic check,82.15,4904.85,0,VIP(4yr+),3,1,80.40737704918034,20.5375,1,0
Female,No,No,Yes,13,Yes,Yes,DSL,Yes,Yes,Yes,Yes,Yes,Yes,Two year,No,Credit card (automatic),88.95,1161.75,0,Established(1-2yr),8,1,89.36538461538461,9.883333333333333,0,2
Female,Yes,Yes,No,28,Yes,Yes,Fiber optic,No,Yes,Yes,Yes,Yes,Yes,Month-to-month,Yes,Electronic check,110.85,3204.4,0,Loyal(2-4yr),7,1,114.44285714285715,13.85625,1,0
Male,No,No,No,44,Yes,Yes,DSL,No,Yes,Yes,Yes,Yes,Yes,One year,Yes,Bank transfer (automatic),85.25,3704.15,0,Loyal(2-4yr),7,1,84.18522727272727,10.65625,0,1
Female,No,Yes,Yes,39,Yes,No,DSL,No,No,Yes,No,Yes,No,Month-to-month,Yes,Mailed check,59.85,2341.5,0,Loyal(2-4yr),3,1,60.03846153846154,14.9625,1,0
Male,No,No,No,60,Yes,Yes,Fiber optic,No,No,Yes,No,Yes,No,Two year,Yes,Electronic check,89.55,5231.2,0,VIP(4yr+),4,1,87.18666666666667,17.91,0,2
Male,Yes,Yes,Yes,10,No,No phone service,DSL,No,No,No,No,No,Yes,Month-to-month,Yes,Bank transfer (automatic),34.55,362.6,0,New(0-12mo),1,1,36.260000000000005,17.275,1,0
Female,No,Yes,No,72,Yes,Yes,DSL,Yes,Yes,Yes,Yes,Yes,Yes,Two year,Yes,Electronic check,92.4,6786.1,0,VIP(4yr+),8,1,94.2513888888889,10.266666666666667,0,2
Male,No,No,No,1,Yes,No,Fiber optic,No,No,No,No,No,Yes,Month-to-month,Yes,Electronic check,79.25,79.25,1,New(0-12mo),2,1,79.25,26.416666666666668,1,0
Male,No,Yes,Yes,14,Yes,No,DSL,Yes,Yes,No,No,No,Yes,Two year,Yes,Bank transfer (automatic),61.4,815.55,0,Established(1-2yr),4,1,58.253571428571426,12.28,0,2
Female,No,No,No,51,Yes,Yes,Fiber optic,No,Yes,Yes,Yes,Yes,Yes,One year,Yes,Electronic check,111.5,5703.25,0,VIP(4yr+),7,1,111.82843137254902,13.9375,0,1
Female,No,No,No,13,No,No phone service,DSL,No,No,No,No,No,Yes,Month-to-month,Yes,Electronic check,35.1,446.1,1,Established(1-2yr),1,1,34.315384615384616,17.55,1,0
Male,Yes,Yes,No,18,Yes,No,DSL,Yes,No,No,No,No,Yes,Month-to-month,Yes,Credit card (automatic),59.1,1011.05,0,Established(1-2yr),3,1,56.169444444444444,14.775,1,0
Male,No,Yes,Yes,69,Yes,Yes,Fiber optic,No,Yes,Yes,No,Yes,No,One year,No,Credit card (automatic),95.75,6511.25,0,VIP(4yr+),5,1,94.3659420289855,15.958333333333334,0,1
Female,Yes,Yes,No,6,Yes,Yes,Fiber optic,No,No,No,No,No,Yes,Month-to-month,Yes,Electronic check,84.35,474.9,1,New(0-12mo),3,1,79.14999999999999,21.0875,1,0
Female,No,Yes,No,43,No,No phone service,DSL,Yes,No,No,Yes,No,No,Month-to-month,No,Bank transfer (automatic),34.0,1505.35,0,Loyal(2-4yr),2,1,35.00813953488372,11.333333333333334,1,0
Female,No,No,No,15,Yes,No,DSL,Yes,Yes,Yes,Yes,Yes,Yes,Month-to-month,No,Mailed check,84.45,1287.85,0,Established(1-2yr),7,1,85.85666666666665,10.55625,1,0
Female,No,Yes,Yes,45,Yes,No,DSL,No,Yes,No,Yes,No,No,One year,Yes,Credit card (automatic),54.15,2319.8,1,Loyal(2-4yr),3,1,51.55111111111111,13.5375,0,1
Female,No,No,No,29,Yes,Yes,DSL,Yes,Yes,No,Yes,No,No,Month-to-month,No,Mailed check,67.45,1801.1,0,Loyal(2-4yr),5,1,62.106896551724134,11.241666666666667,1,0
Male,No,No,No,72,No,No phone service,DSL,Yes,Yes,Yes,Yes,Yes,Yes,Two year,Yes,Bank transfer (automatic),65.6,4566.5,0,VIP(4yr+),6,1,63.423611111111114,9.37142857142857,0,2
Male,No,No,No,44,No,No phone service,DSL,Yes,No,Yes,No,Yes,Yes,One year,Yes,Electronic check,54.0,2440.25,0,Loyal(2-4yr),4,1,55.46022727272727,10.8,0,1
Male,No,Yes,Yes,49,No,No phone service,DSL,Yes,No,No,No,No,Yes,Month-to-month,Yes,Electronic check,39.2,1838.15,0,VIP(4yr+),2,1,37.51326530612245,13.066666666666668,1,0
Female,Yes,Yes,No,26,Yes,Yes,Fiber optic,No,Yes,Yes,No,No,Yes,Month-to-month,Yes,Electronic check,93.85,2381.55,1,Loyal(2-4yr),5,1,91.59807692307693,15.641666666666666,1,0
Male,No,No,No,3,Yes,No,Fiber optic,No,No,Yes,Yes,Yes,No,Month-to-month,Yes,Mailed check,88.35,262.05,1,New(0-12mo),4,1,87.35000000000001,17.669999999999998,1,0
Male,No,No,No,2,Yes,No,No,No internet service,No internet service,No internet service,No internet service,No internet service,No internet service,Month-to-month,No,Mailed check,19.85,51.6,0,New(0-12mo),1,0,25.8,9.925,1,0
Female,No,Yes,Yes,5,No,No phone service,DSL,No,Yes,No,Yes,No,No,Month-to-month,No,Electronic check,34.25,163.55,0,New(0-12mo),2,1,32.71,11.416666666666666,1,0
Female,Yes,Yes,No,66,Yes,Yes,Fiber optic,No,Yes,Yes,Yes,Yes,Yes,One year,Yes,Credit card (automatic),108.1,7181.95,0,VIP(4yr+),7,1,108.81742424242424,13.5125,0,1
Female,No,No,No,60,No,No phone service,DSL,No,Yes,No,No,Yes,Yes,Month-to-month,Yes,Electronic check,50.8,3027.4,1,VIP(4yr+),3,1,50.45666666666667,12.7,1,0
Female,Yes,No,No,69,Yes,Yes,Fiber optic,Yes,No,Yes,Yes,Yes,Yes,Two year,No,Credit card (automatic),110.25,7467.55,0,VIP(4yr+),7,1,108.22536231884058,13.78125,0,2
Male,No,Yes,No,31,Yes,Yes,Fiber optic,No,Yes,Yes,No,Yes,No,Month-to-month,No,Electronic check,93.8,3019.5,1,Loyal(2-4yr),5,1,97.40322580645162,15.633333333333333,1,0
Female,No,Yes,No,45,Yes,Yes,Fiber optic,Yes,Yes,Yes,Yes,Yes,Yes,One year,No,Mailed check,113.3,5032.25,0,Loyal(2-4yr),8,1,111.82777777777778,12.588888888888889,0,1
Female,No,No,No,16,Yes,No,No,No internet service,No internet service,No internet service,No internet service,No internet service,No internet service,One year,No,Mailed check,19.05,326.65,0,Established(1-2yr),1,0,20.415625,9.525,0,1
Male,No,No,No,1,Yes,No,DSL,No,Yes,No,No,No,No,Month-to-month,Yes,Electronic check,50.75,50.75,1,New(0-12mo),2,1,50.75,16.916666666666668,1,0
Female,No,Yes,Yes,59,Yes,Yes,Fiber optic,No,Yes,No,Yes,No,Yes,Month-to-month,Yes,Bank transfer (automatic),96.65,5580.8,0,VIP(4yr+),5,1,94.58983050847458,16.108333333333334,1,0
Male,No,No,No,3,Yes,Yes,Fiber optic,No,No,No,No,No,No,Month-to-month,No,Mailed check,75.0,209.1,1,New(0-12mo),2,1,69.7,25.0,1,0
Male,Yes,Yes,No,36,Yes,Yes,Fiber optic,No,No,No,No,No,Yes,Month-to-month,Yes,Credit card (automatic),85.25,3132.75,1,Loyal(2-4yr),3,1,87.02083333333333,21.3125,1,0
Male,Yes,Yes,No,46,Yes,Yes,Fiber optic,No,No,Yes,No,Yes,Yes,Month-to-month,Yes,Electronic check,101.0,4680.05,1,Loyal(2-4yr),5,1,101.74021739130436,16.833333333333332,1,0
Female,No,Yes,No,47,Yes,No,No,No internet service,No internet service,No internet service,No internet service,No internet service,No internet service,Two year,No,Bank transfer (automatic),19.65,921.55,0,Loyal(2-4yr),1,0,19.607446808510637,9.825,0,2
Male,No,No,No,1,Yes,No,Fiber optic,No,Yes,No,No,No,No,Month-to-month,Yes,Electronic check,74.35,74.35,1,New(0-12mo),2,1,74.35,24.78333333333333,1,0
Female,Yes,No,No,33,No,No phone service,DSL,Yes,Yes,Yes,No,Yes,Yes,Month-to-month,Yes,Bank transfer (automatic),59.45,1884.65,0,Loyal(2-4yr),5,1,57.11060606060607,9.908333333333333,1,0
Female,No,No,No,31,Yes,Yes,DSL,Yes,No,Yes,Yes,No,No,Month-to-month,No,Credit card (automatic),65.25,1994.3,1,Loyal(2-4yr),5,1,64.33225806451613,10.875,1,0
Male,Yes,No,No,38,Yes,Yes,Fiber optic,No,No,No,No,Yes,Yes,Month-to-month,No,Electronic check,94.75,3653.0,0,Loyal(2-4yr),4,1,96.13157894736842,18.95,1,0
Female,No,No,No,43,Yes,No,No,No internet service,No internet service,No internet service,No internet service,No internet service,No internet service,Two year,Yes,Bank transfer (automatic),19.65,779.25,0,Loyal(2-4yr),1,0,18.122093023255815,9.825,0,2
Female,No,No,No,36,Yes,No,DSL,Yes,Yes,Yes,Yes,No,Yes,One year,Yes,Mailed check,75.55,2680.15,0,Loyal(2-4yr),6,1,74.44861111111112,10.792857142857143,0,1
Female,Yes,Yes,No,43,Yes,Yes,Fiber optic,Yes,Yes,No,No,Yes,No,Month-to-month,Yes,Electronic check,94.5,4156.8,0,Loyal(2-4yr),5,1,96.66976744186047,15.75,1,0
Male,No,Yes,Yes,46,Yes,No,No,No internet service,No internet service,No internet service,No internet service,No internet service,No internet service,Two year,Yes,Mailed check,20.1,936.85,0,Loyal(2-4yr),1,0,20.366304347826087,10.05,0,2
Female,No,Yes,No,24,Yes,No,No,No internet service,No internet service,No internet service,No internet service,No internet service,No internet service,One year,No,Mailed check,20.15,456.85,0,Established(1-2yr),1,0,19.035416666666666,10.075,0,1
Male,Yes,Yes,Yes,66,Yes,Yes,DSL,Yes,Yes,Yes,Yes,Yes,No,Two year,No,Credit card (automatic),79.4,5154.6,1,VIP(4yr+),7,1,78.10000000000001,9.925,0,2
Female,No,Yes,No,68,Yes,Yes,DSL,Yes,No,No,Yes,No,No,One year,No,Bank transfer (automatic),58.25,3975.7,0,VIP(4yr+),4,1,58.46617647058823,11.65,0,1
Male,No,Yes,No,67,Yes,No,Fiber optic,Yes,Yes,Yes,Yes,Yes,Yes,Two year,Yes,Electronic check,111.05,7321.05,0,VIP(4yr+),7,1,109.26940298507463,13.88125,0,2
Female,No,Yes,Yes,65,Yes,No,DSL,Yes,Yes,Yes,No,No,No,One year,No,Bank transfer (automatic),61.35,3874.1,0,VIP(4yr+),4,1,59.60153846153846,12.27,0,1
Male,No,No,Yes,25,No,No phone service,DSL,Yes,No,No,No,Yes,No,One year,Yes,Credit card (automatic),40.65,970.55,0,Loyal(2-4yr),2,1,38.821999999999996,13.549999999999999,0,1
Female,Yes,Yes,No,67,Yes,Yes,Fiber optic,Yes,No,Yes,No,Yes,Yes,One year,Yes,Credit card (automatic),107.05,7142.5,0,VIP(4yr+),6,1,106.6044776119403,15.292857142857143,0,1
Male,No,Yes,Yes,47,Yes,No,No,No internet service,No internet service,No internet service,No internet service,No internet service,No internet service,One year,No,Mailed check,20.05,951.55,0,Loyal(2-4yr),1,0,20.245744680851065,10.025,0,1
Female,Yes,Yes,No,68,Yes,No,DSL,No,Yes,Yes,Yes,No,No,One year,Yes,Bank transfer (automatic),60.65,3975.9,0,VIP(4yr+),4,1,58.46911764705882,12.129999999999999,0,1
Male,No,Yes,Yes,45,Yes,No,No,No internet service,No internet service,No internet service,No internet service,No internet service,No internet service,Two year,No,Mailed check,20.35,929.2,0,Loyal(2-4yr),1,0,20.64888888888889,10.175,0,2
Male,No,No,No,6,Yes,No,DSL,Yes,No,Yes,Yes,Yes,Yes,Month-to-month,No,Credit card (automatic),78.65,483.3,0,New(0-12mo),6,1,80.55,11.235714285714286,1,0
Male,No,No,No,36,Yes,Yes,Fiber optic,No,No,No,No,No,Yes,Month-to-month,Yes,Electronic check,84.75,3050.15,1,Loyal(2-4yr),3,1,84.72638888888889,21.1875,1,0
Female,Yes,Yes,No,53,Yes,Yes,Fiber optic,No,No,No,No,Yes,Yes,One year,Yes,Credit card (automatic),95.85,5016.25,0,VIP(4yr+),4,1,94.64622641509433,19.169999999999998,0,1
Male,No,No,No,1,Yes,No,Fiber optic,No,No,No,No,Yes,No,Month-to-month,Yes,Electronic check,79.5,79.5,1,New(0-12mo),2,1,79.5,26.5,1,0
Male,No,No,No,23,Yes,Yes,Fiber optic,No,No,No,No,No,No,Month-to-month,Yes,Electronic check,74.95,1710.45,1,Established(1-2yr),2,1,74.36739130434783,24.983333333333334,1,0
Male,Yes,No,No,57,Yes,Yes,DSL,No,Yes,Yes,No,Yes,Yes,Two year,Yes,Bank transfer (automatic),79.75,4438.2,0,VIP(4yr+),6,1,77.86315789473684,11.392857142857142,0,2
Male,No,Yes,Yes,52,Yes,Yes,No,No internet service,No internet service,No internet service,No internet service,No internet service,No internet service,Two year,No,Mailed check,25.75,1345.85,0,VIP(4yr+),2,0,25.881730769230767,8.583333333333334,0,2
Female,No,Yes,Yes,12,Yes,No,No,No internet service,No internet service,No internet service,No internet service,No internet service,No internet service,One year,No,Bank transfer (automatic),19.8,229.6,1,New(0-12mo),1,0,19.133333333333333,9.9,0,1
Female,No,Yes,Yes,28,Yes,No,No,No internet service,No internet service,No internet service,No internet service,No internet service,No internet service,One year,No,Mailed check,19.9,543.0,0,Loyal(2-4yr),1,0,19.392857142857142,9.95,0,1
Male,No,Yes,No,71,Yes,No,Fiber optic,No,Yes,Yes,Yes,Yes,Yes,Two year,Yes,Electronic check,105.25,7291.75,0,VIP(4yr+),6,1,102.70070422535211,15.035714285714286,0,2
Female,No,No,No,24,Yes,Yes,No,No internet service,No internet service,No internet service,No internet service,No internet service,No internet service,One year,No,Bank transfer (automatic),24.6,605.25,0,Established(1-2yr),2,0,25.21875,8.200000000000001,0,1
Male,No,No,No,1,Yes,No,DSL,No,No,No,No,No,No,Month-to-month,Yes,Electronic check,44.75,44.75,0,New(0-12mo),1,1,44.75,22.375,1,0
Female,No,Yes,Yes,16,Yes,No,No,No internet service,No internet service,No internet service,No internet service,No internet service,No internet service,Month-to-month,No,Electronic check,20.4,321.4,0,Established(1-2yr),1,0,20.0875,10.2,1,0
Female,No,No,No,5,No,No phone service,DSL,No,No,Yes,No,No,Yes,Month-to-month,No,Electronic check,39.5,210.75,1,New(0-12mo),2,1,42.15,13.166666666666666,1,0
Female,No,No,No,2,Yes,No,DSL,No,Yes,No,No,No,No,Month-to-month,No,Mailed check,49.2,103.7,0,New(0-12mo),2,1,51.85,16.400000000000002,1,0
Female,Yes,Yes,No,25,Yes,No,Fiber optic,No,No,No,No,No,No,Month-to-month,Yes,Electronic check,69.3,1813.1,0,Loyal(2-4yr),1,1,72.524,34.65,1,0
Female,Yes,No,No,38,Yes,No,DSL,Yes,Yes,No,No,No,No,Month-to-month,Yes,Credit card (automatic),57.15,2250.65,1,Loyal(2-4yr),3,1,59.227631578947374,14.2875,1,0
Female,No,No,No,28,Yes,No,DSL,Yes,Yes,No,Yes,No,No,One year,Yes,Electronic check,59.9,1654.7,0,Loyal(2-4yr),4,1,59.096428571428575,11.98,0,1
Female,No,No,No,48,Yes,No,Fiber optic,Yes,No,Yes,Yes,Yes,Yes,Two year,Yes,Credit card (automatic),102.5,4904.25,0,Loyal(2-4yr),6,1,102.171875,14.642857142857142,0,2
Female,No,Yes,Yes,72,Yes,Yes,DSL,Yes,Yes,Yes,Yes,Yes,Yes,Two year,No,Credit card (automatic),89.75,6595.9,0,VIP(4yr+),8,1,91.60972222222222,9.972222222222221,0,2
Female,No,Yes,Yes,14,Yes,Yes,Fiber optic,No,Yes,No,No,No,Yes,Month-to-month,Yes,Bank transfer (automatic),90.9,1259.0,1,Established(1-2yr),4,1,89.92857142857143,18.18,1,0
Female,Yes,No,No,40,No,No phone service,DSL,Yes,Yes,No,No,Yes,Yes,Month-to-month,Yes,Electronic check,55.8,2109.35,1,Loyal(2-4yr),4,1,52.73375,11.16,1,0
Male,No,No,No,26,Yes,No,Fiber optic,No,Yes,Yes,Yes,No,No,One year,Yes,Electronic check,85.2,2184.6,0,Loyal(2-4yr),4,1,84.02307692307691,17.04,0,1
Male,No,Yes,Yes,23,Yes,Yes,DSL,No,No,No,No,No,No,One year,Yes,Credit card (automatic),48.35,1067.15,1,Established(1-2yr),2,1,46.39782608695653,16.116666666666667,0,1
Female,No,No,No,12,Yes,Yes,Fiber optic,No,Yes,No,No,No,Yes,Month-to-month,Yes,Electronic check,89.15,1057.55,0,New(0-12mo),4,1,88.12916666666666,17.830000000000002,1,0
Male,No,No,No,27,Yes,No,DSL,Yes,No,Yes,Yes,Yes,No,One year,No,Credit card (automatic),69.35,1927.3,0,Loyal(2-4yr),5,1,71.38148148148149,11.558333333333332,0,1
Male,Yes,Yes,No,72,Yes,Yes,Fiber optic,Yes,Yes,Yes,Yes,Yes,Yes,Two year,Yes,Bank transfer (automatic),116.05,8404.9,0,VIP(4yr+),8,1,116.73472222222222,12.894444444444444,0,2
Male,No,Yes,Yes,26,Yes,Yes,Fiber optic,No,No,No,No,Yes,No,Month-to-month,Yes,Electronic check,83.75,2070.6,1,Loyal(2-4yr),3,1,79.63846153846154,20.9375,1,0
Male,No,Yes,Yes,26,Yes,Yes,DSL,No,No,Yes,Yes,Yes,Yes,One year,Yes,Credit card (automatic),82.0,2083.1,0,Loyal(2-4yr),6,1,80.11923076923077,11.714285714285714,0,1
Male,No,Yes,No,72,Yes,Yes,DSL,Yes,Yes,Yes,Yes,No,Yes,Two year,No,Bank transfer (automatic),78.85,5763.15,0,VIP(4yr+),7,1,80.04374999999999,9.85625,0,2
Male,No,Yes,Yes,7,No,No phone service,DSL,Yes,No,Yes,Yes,No,Yes,Two year,No,Credit card (automatic),49.65,305.55,0,New(0-12mo),4,1,43.65,9.93,0,2
Male,No,No,No,3,Yes,No,Fiber optic,No,No,Yes,No,No,Yes,Month-to-month,No,Credit card (automatic),85.7,256.75,0,New(0-12mo),3,1,85.58333333333333,21.425,1,0
Female,Yes,Yes,No,52,Yes,Yes,Fiber optic,No,Yes,Yes,No,Yes,Yes,One year,Yes,Electronic check,106.5,5621.85,0,VIP(4yr+),6,1,108.11250000000001,15.214285714285714,0,1
Female,No,Yes,No,59,Yes,No,No,No internet service,No internet service,No internet service,No internet service,No internet service,No internet service,Two year,No,Bank transfer (automatic),18.4,1057.85,0,VIP(4yr+),1,0,17.92966101694915,9.2,0,2
Female,No,No,No,5,Yes,Yes,DSL,No,No,No,No,No,No,Month-to-month,Yes,Mailed check,50.6,249.95,1,New(0-12mo),2,1,49.989999999999995,16.866666666666667,1,0
Male,Yes,No,No,47,Yes,Yes,DSL,No,Yes,No,Yes,No,No,Two year,No,Bank transfer (automatic),59.6,2754.0,0,Loyal(2-4yr),4,1,58.59574468085106,11.92,0,2
Male,No,Yes,No,63,Yes,Yes,Fiber optic,No,Yes,Yes,No,Yes,Yes,Month-to-month,Yes,Electronic check,103.4,6603.0,1,VIP(4yr+),6,1,104.80952380952381,14.771428571428572,1,0
Male,Yes,No,No,51,Yes,Yes,Fiber optic,No,Yes,No,No,No,No,One year,Yes,Bank transfer (automatic),79.6,3974.7,0,VIP(4yr+),3,1,77.93529411764706,19.9,0,1
Female,No,No,No,51,Yes,Yes,No,No internet service,No internet service,No internet service,No internet service,No internet service,No internet service,Two year,No,Bank transfer (automatic),24.95,1288.0,0,VIP(4yr+),2,0,25.254901960784313,8.316666666666666,0,2
Female,No,Yes,No,72,Yes,Yes,DSL,Yes,Yes,Yes,Yes,Yes,Yes,Two year,No,Bank transfer (automatic),88.05,6520.8,0,VIP(4yr+),8,1,90.56666666666666,9.783333333333333,0,2
Male,No,Yes,No,48,Yes,Yes,DSL,No,Yes,Yes,No,No,Yes,One year,Yes,Credit card (automatic),70.55,3420.5,0,Loyal(2-4yr),5,1,71.26041666666667,11.758333333333333,0,1
Female,No,No,Yes,3,Yes,No,No,No internet service,No internet service,No internet service,No internet service,No internet service,No internet service,One year,Yes,Credit card (automatic),20.55,57.4,0,New(0-12mo),1,0,19.133333333333333,10.275,0,1
Male,No,No,No,65,Yes,Yes,Fiber optic,Yes,No,No,Yes,No,Yes,One year,No,Electronic check,93.55,6069.25,0,VIP(4yr+),5,1,93.37307692307692,15.591666666666667,0,1
Female,No,Yes,Yes,20,Yes,No,No,No internet service,No internet service,No internet service,No internet service,No internet service,No internet service,Month-to-month,No,Mailed check,20.05,406.05,0,Established(1-2yr),1,0,20.302500000000002,10.025,1,0
Female,No,Yes,No,66,Yes,Yes,Fiber optic,Yes,Yes,No,Yes,No,No,One year,No,Electronic check,89.0,5898.6,0,VIP(4yr+),5,1,89.37272727272727,14.833333333333334,0,1
Male,No,No,Yes,70,Yes,Yes,Fiber optic,Yes,Yes,Yes,Yes,Yes,Yes,Two year,Yes,Electronic check,114.6,7882.5,0,VIP(4yr+),8,1,112.60714285714286,12.733333333333333,0,2
Male,Yes,Yes,No,7,Yes,No,Fiber optic,No,No,No,No,Yes,Yes,Month-to-month,Yes,Electronic check,89.5,676.7,1,New(0-12mo),3,1,96.67142857142858,22.375,1,0
Female,No,No,No,39,No,No phone service,DSL,No,No,Yes,No,Yes,Yes,Month-to-month,Yes,Credit card (automatic),50.65,1905.4,0,Loyal(2-4yr),3,1,48.85641025641026,12.6625,1,0
Female,No,Yes,No,25,No,No phone service,DSL,No,No,No,No,Yes,No,Month-to-month,Yes,Bank transfer (automatic),34.0,853.0,1,Loyal(2-4yr),1,1,34.12,17.0,1,0
Female,No,Yes,Yes,12,Yes,No,No,No internet service,No internet service,No internet service,No internet service,No internet service,No internet service,Two year,No,Bank transfer (automatic),20.3,224.5,0,New(0-12mo),1,0,18.708333333333332,10.15,0,2
Female,No,Yes,No,54,Yes,Yes,Fiber optic,No,Yes,Yes,Yes,Yes,Yes,One year,No,Electronic check,110.35,5893.15,1,VIP(4yr+),7,1,109.1324074074074,13.79375,0,1
Female,No,Yes,No,63,Yes,No,Fiber optic,Yes,No,Yes,No,No,No,One year,Yes,Credit card (automatic),81.15,5224.5,0,VIP(4yr+),3,1,82.92857142857143,20.2875,0,1
Male,No,Yes,No,27,Yes,No,DSL,No,Yes,No,Yes,No,No,Month-to-month,Yes,Electronic check,53.8,1389.85,0,Loyal(2-4yr),3,1,51.47592592592592,13.45,1,0
Female,Yes,No,No,22,Yes,No,No,No internet service,No internet service,No internet service,No internet service,No internet service,No internet service,One year,Yes,Mailed check,20.05,417.0,0,Established(1-2yr),1,0,18.954545454545453,10.025,0,1
Female,No,Yes,No,58,Yes,Yes,Fiber optic,Yes,Yes,Yes,No,Yes,Yes,Two year,Yes,Bank transfer (automatic),109.45,6144.55,1,VIP(4yr+),7,1,105.94051724137931,13.68125,0,2
Male,Yes,No,No,65,Yes,No,Fiber optic,No,Yes,Yes,No,Yes,Yes,Month-to-month,Yes,Bank transfer (automatic),99.1,6496.15,0,VIP(4yr+),5,1,99.94076923076922,16.516666666666666,1,0
Female,No,No,No,25,Yes,Yes,Fiber optic,No,Yes,Yes,Yes,Yes,Yes,Two year,No,Electronic check,108.9,2809.05,0,Loyal(2-4yr),7,1,112.36200000000001,13.6125,0,2
Female,No,No,No,11,Yes,No,DSL,No,No,No,No,No,No,Month-to-month,Yes,Mailed check,44.65,472.25,0,New(0-12mo),1,1,42.93181818181818,22.325,1,0
Female,No,Yes,No,40,Yes,Yes,DSL,No,Yes,No,No,Yes,No,One year,No,Bank transfer (automatic),63.9,2635.0,0,Loyal(2-4yr),4,1,65.875,12.78,0,1
Male,Yes,Yes,No,23,Yes,Yes,Fiber optic,No,No,No,No,No,Yes,Month-to-month,No,Electronic check,86.8,1975.85,0,Established(1-2yr),3,1,85.90652173913043,21.7,1,0
Male,No,Yes,Yes,67,Yes,Yes,Fiber optic,Yes,Yes,Yes,No,Yes,Yes,One year,Yes,Electronic check,111.3,7482.1,1,VIP(4yr+),7,1,111.67313432835822,13.9125,0,1
Female,No,No,No,3,Yes,No,Fiber optic,No,No,No,No,No,No,Month-to-month,Yes,Electronic check,69.85,199.85,0,New(0-12mo),1,1,66.61666666666666,34.925,1,0
Male,Yes,No,No,33,No,No phone service,DSL,No,No,Yes,Yes,Yes,Yes,Month-to-month,Yes,Electronic check,54.6,1803.7,0,Loyal(2-4yr),4,1,54.657575757575756,10.92,1,0
Female,No,Yes,Yes,30,Yes,No,DSL,Yes,No,No,Yes,No,Yes,Month-to-month,No,Bank transfer (automatic),66.3,1923.5,0,Loyal(2-4yr),4,1,64.11666666666666,13.26,1,0
Female,Yes,Yes,No,3,Yes,No,Fiber optic,No,No,No,Yes,Yes,No,Month-to-month,Yes,Mailed check,83.9,267.4,1,New(0-12mo),3,1,89.13333333333333,20.975,1,0
Female,No,No,No,1,Yes,Yes,Fiber optic,No,No,No,No,No,No,Month-to-month,Yes,Electronic check,74.5,74.5,1,New(0-12mo),2,1,74.5,24.833333333333332,1,0
Female,No,Yes,Yes,6,No,No phone service,DSL,No,Yes,Yes,Yes,No,No,Two year,No,Mailed check,40.55,217.5,0,New(0-12mo),3,1,36.25,10.1375,0,2
Male,No,No,No,2,Yes,No,Fiber optic,No,No,No,No,Yes,No,Month-to-month,Yes,Electronic check,79.95,174.45,0,New(0-12mo),2,1,87.225,26.650000000000002,1,0
Male,Yes,Yes,No,61,Yes,Yes,DSL,No,Yes,No,No,No,Yes,One year,No,Bank transfer (automatic),64.05,3902.6,0,VIP(4yr+),4,1,63.97704918032787,12.809999999999999,0,1
Male,No,Yes,Yes,8,Yes,No,DSL,No,No,No,No,No,No,One year,Yes,Mailed check,43.45,345.5,0,New(0-12mo),1,1,43.1875,21.725,0,1
Male,No,No,No,1,Yes,Yes,Fiber optic,No,Yes,No,No,No,No,Month-to-month,Yes,Electronic check,79.15,79.15,1,New(0-12mo),3,1,79.15,19.7875,1,0
Female,No,No,No,1,Yes,No,No,No internet service,No internet service,No internet service,No internet service,No internet service,No internet service,Month-to-month,No,Mailed check,19.15,19.15,0,New(0-12mo),1,0,19.15,9.575,1,0
Female,Yes,No,No,2,Yes,No,Fiber optic,No,No,No,No,No,No,Month-to-month,No,Electronic check,70.75,154.85,1,New(0-12mo),1,1,77.425,35.375,1,0
Female,No,No,No,3,Yes,No,Fiber optic,No,No,No,Yes,No,Yes,Month-to-month,No,Electronic check,85.8,272.2,1,New(0-12mo),3,1,90.73333333333333,21.45,1,0
Male,Yes,Yes,No,6,Yes,Yes,Fiber optic,No,No,Yes,No,No,No,Month-to-month,Yes,Electronic check,80.8,457.1,0,New(0-12mo),3,1,76.18333333333334,20.2,1,0
Male,No,No,No,43,No,No phone service,DSL,No,No,Yes,Yes,No,Yes,One year,No,Electronic check,44.15,1931.3,0,Loyal(2-4yr),3,1,44.913953488372094,11.0375,0,1
Male,No,Yes,No,54,Yes,Yes,Fiber optic,Yes,Yes,Yes,No,Yes,Yes,Month-to-month,No,Electronic check,109.55,6118.95,0,VIP(4yr+),7,1,113.31388888888888,13.69375,1,0
Female,No,Yes,Yes,13,Yes,Yes,No,No internet service,No internet service,No internet service,No internet service,No internet service,No internet service,Two year,Yes,Bank transfer (automatic),25.0,332.5,0,Established(1-2yr),2,0,25.576923076923077,8.333333333333334,0,2
Female,No,No,No,1,Yes,No,No,No internet service,No internet service,No internet service,No internet service,No internet service,No internet service,Month-to-month,Yes,Mailed check,20.35,20.35,0,New(0-12mo),1,0,20.35,10.175,1,0
Female,No,No,No,4,No,No phone service,DSL,No,No,No,No,No,No,Month-to-month,Yes,Mailed check,24.25,96.05,1,New(0-12mo),0,1,24.0125,24.25,1,0
Female,Yes,No,No,3,Yes,No,Fiber optic,No,No,Yes,No,Yes,No,Month-to-month,Yes,Electronic check,86.85,220.95,1,New(0-12mo),3,1,73.64999999999999,21.7125,1,0
Male,No,Yes,No,71,Yes,Yes,Fiber optic,No,Yes,Yes,No,Yes,Yes,One year,Yes,Bank transfer (automatic),105.7,7472.15,0,VIP(4yr+),6,1,105.24154929577465,15.1,0,1
Female,No,No,No,70,No,No phone service,DSL,Yes,No,Yes,Yes,Yes,Yes,Two year,Yes,Bank transfer (automatic),58.35,4214.25,0,VIP(4yr+),5,1,60.20357142857143,9.725,0,2
Male,Yes,Yes,No,72,Yes,Yes,DSL,Yes,Yes,Yes,No,Yes,Yes,Two year,Yes,Credit card (automatic),84.1,5981.65,0,VIP(4yr+),7,1,83.07847222222222,10.5125,0,2
Female,No,Yes,No,65,Yes,No,DSL,Yes,Yes,Yes,No,No,Yes,Two year,No,Bank transfer (automatic),71.0,4386.2,0,VIP(4yr+),5,1,67.48,11.833333333333334,0,2
Female,No,No,No,67,Yes,Yes,DSL,Yes,No,Yes,Yes,Yes,Yes,Two year,Yes,Mailed check,85.25,5714.2,0,VIP(4yr+),7,1,85.2865671641791,10.65625,0,2
Female,No,Yes,Yes,12,Yes,No,No,No internet service,No internet service,No internet service,No internet service,No internet service,No internet service,Month-to-month,No,Mailed check,19.0,233.55,1,New(0-12mo),1,0,19.462500000000002,9.5,1,0
Male,No,Yes,Yes,45,Yes,Yes,Fiber optic,No,Yes,Yes,No,No,Yes,One year,Yes,Credit card (automatic),95.0,4368.85,0,Loyal(2-4yr),5,1,97.08555555555556,15.833333333333334,0,1
Female,Yes,Yes,No,4,Yes,Yes,Fiber optic,Yes,No,No,No,Yes,Yes,Month-to-month,Yes,Electronic check,99.6,347.65,1,New(0-12mo),5,1,86.9125,16.599999999999998,1,0
Male,No,No,No,54,Yes,No,Fiber optic,Yes,No,Yes,No,Yes,No,Month-to-month,No,Mailed check,89.8,4667.0,0,VIP(4yr+),4,1,86.42592592592592,17.96,1,0
Male,No,Yes,No,45,Yes,Yes,Fiber optic,No,Yes,Yes,No,Yes,Yes,Month-to-month,Yes,Bank transfer (automatic),107.75,4882.8,0,Loyal(2-4yr),6,1,108.50666666666667,15.392857142857142,1,0
Female,No,Yes,No,52,Yes,Yes,Fiber optic,No,Yes,Yes,No,Yes,No,Month-to-month,No,Bank transfer (automatic),94.6,5025.8,0,VIP(4yr+),5,1,96.65,15.766666666666666,1,0
Female,Yes,Yes,No,54,Yes,Yes,Fiber optic,No,Yes,No,No,Yes,Yes,One year,Yes,Credit card (automatic),101.5,5373.1,1,VIP(4yr+),5,1,99.50185185185185,16.916666666666668,0,1
Female,No,No,No,2,No,No phone service,DSL,No,No,No,No,No,Yes,Month-to-month,Yes,Electronic check,34.7,62.25,1,New(0-12mo),1,1,31.125,17.35,1,0
Female,No,No,No,4,Yes,No,DSL,No,No,No,No,Yes,No,Month-to-month,No,Credit card (automatic),55.5,227.35,0,New(0-12mo),2,1,56.8375,18.5,1,0
Male,No,No,No,10,Yes,No,No,No internet service,No internet service,No internet service,No internet service,No internet service,No internet service,Month-to-month,Yes,Mailed check,19.85,193.05,0,New(0-12mo),1,0,19.305,9.925,1,0
Female,No,Yes,No,23,Yes,Yes,DSL,No,No,No,Yes,Yes,Yes,Month-to-month,Yes,Credit card (automatic),73.65,1642.75,0,Established(1-2yr),5,1,71.42391304347827,12.275,1,0
Male,No,Yes,No,60,Yes,Yes,No,No internet service,No internet service,No internet service,No internet service,No internet service,No internet service,One year,No,Bank transfer (automatic),24.15,1505.9,0,VIP(4yr+),2,0,25.098333333333336,8.049999999999999,0,1
Female,Yes,Yes,Yes,1,Yes,No,Fiber optic,No,No,No,No,No,No,Month-to-month,Yes,Electronic check,69.25,69.25,1,New(0-12mo),1,1,69.25,34.625,1,0
Female,No,Yes,Yes,51,Yes,No,Fiber optic,Yes,Yes,No,No,No,No,Month-to-month,Yes,Bank transfer (automatic),79.15,4018.55,0,VIP(4yr+),3,1,78.79509803921569,19.7875,1,0
Female,No,No,No,42,Yes,No,No,No internet service,No internet service,No internet service,No internet service,No internet service,No internet service,Two year,Yes,Bank transfer (automatic),20.75,844.45,0,Loyal(2-4yr),1,0,20.10595238095238,10.375,0,2
Female,No,Yes,No,72,No,No phone service,DSL,Yes,Yes,Yes,No,No,Yes,Two year,Yes,Electronic check,49.2,3580.95,0,VIP(4yr+),4,1,49.735416666666666,9.84,0,2
Male,No,No,No,4,Yes,No,Fiber optic,No,No,No,No,Yes,No,Month-to-month,No,Electronic check,77.85,299.2,1,New(0-12mo),2,1,74.8,25.95,1,0
Male,No,No,Yes,33,No,No phone service,DSL,Yes,No,No,Yes,No,No,One year,No,Credit card (automatic),34.05,1113.95,0,Loyal(2-4yr),2,1,33.75606060606061,11.35,0,1
Female,No,No,No,1,Yes,No,No,No internet service,No internet service,No internet service,No internet service,No internet service,No internet service,Month-to-month,No,Mailed check,20.5,20.5,0,New(0-12mo),1,0,20.5,10.25,1,0
Female,No,No,Yes,25,Yes,No,DSL,No,Yes,No,Yes,No,No,One year,Yes,Credit card (automatic),54.75,1266.35,0,Loyal(2-4yr),3,1,50.653999999999996,13.6875,0,1
Male,No,No,No,48,Yes,Yes,Fiber optic,Yes,No,No,Yes,No,Yes,Month-to-month,Yes,Electronic check,95.4,4445.3,0,Loyal(2-4yr),5,1,92.61041666666667,15.9,1,0
Male,No,Yes,Yes,71,Yes,No,DSL,Yes,No,Yes,Yes,No,Yes,Two year,Yes,Credit card (automatic),70.85,4973.4,0,VIP(4yr+),5,1,70.04788732394366,11.808333333333332,0,2
Male,No,Yes,No,30,Yes,No,DSL,No,No,Yes,No,No,No,Month-to-month,Yes,Mailed check,50.0,1474.9,0,Loyal(2-4yr),2,1,49.163333333333334,16.666666666666668,1,0
Female,No,No,No,24,Yes,No,No,No internet service,No internet service,No internet service,No internet service,No internet service,No internet service,One year,No,Credit card (automatic),20.45,527.35,0,Established(1-2yr),1,0,21.972916666666666,10.225,0,1
Male,No,Yes,Yes,1,Yes,No,DSL,Yes,No,No,No,No,No,Month-to-month,Yes,Mailed check,48.75,48.75,0,New(0-12mo),2,1,48.75,16.25,1,0
Female,No,No,No,24,Yes,Yes,Fiber optic,No,No,No,Yes,No,Yes,Month-to-month,Yes,Electronic check,89.55,2259.35,0,Established(1-2yr),4,1,94.13958333333333,17.91,1,0
Male,No,No,Yes,20,Yes,No,No,No internet service,No internet service,No internet service,No internet service,No internet service,No internet service,Month-to-month,Yes,Electronic check,19.4,374.5,1,Established(1-2yr),1,0,18.725,9.7,1,0
Female,No,No,No,5,Yes,No,No,No internet service,No internet service,No internet service,No internet service,No internet service,No internet service,Month-to-month,Yes,Mailed check,20.5,104.3,0,New(0-12mo),1,0,20.86,10.25,1,0
Female,No,No,No,23,Yes,Yes,DSL,Yes,No,Yes,No,Yes,Yes,One year,Yes,Electronic check,78.55,1843.05,0,Established(1-2yr),6,1,80.13260869565217,11.221428571428572,0,1
Male,No,Yes,Yes,8,Yes,No,No,No internet service,No internet service,No internet service,No internet service,No internet service,No internet service,Month-to-month,No,Credit card (automatic),19.65,169.75,0,New(0-12mo),1,0,21.21875,9.825,1,0
Female,No,No,No,38,Yes,No,No,No internet service,No internet service,No internet service,No internet service,No internet service,No internet service,One year,No,Mailed check,19.3,755.5,0,Loyal(2-4yr),1,0,19.88157894736842,9.65,0,1
Male,Yes,No,No,71,Yes,Yes,Fiber optic,No,Yes,No,Yes,Yes,Yes,Two year,Yes,Electronic check,106.8,7623.2,0,VIP(4yr+),6,1,107.36901408450704,15.257142857142856,0,2
Female,Yes,Yes,No,7,Yes,Yes,Fiber optic,No,No,No,No,No,Yes,Month-to-month,Yes,Electronic check,84.55,646.85,1,New(0-12mo),3,1,92.40714285714286,21.1375,1,0
Female,No,No,No,23,Yes,No,No,No internet service,No internet service,No internet service,No internet service,No internet service,No internet service,One year,Yes,Credit card (automatic),19.65,478.1,0,Established(1-2yr),1,0,20.786956521739132,9.825,0,1
Female,Yes,Yes,No,61,Yes,Yes,Fiber optic,No,Yes,Yes,No,Yes,Yes,One year,Yes,Credit card (automatic),104.4,6405.0,1,VIP(4yr+),6,1,105.0,14.914285714285715,0,1
Male,No,No,No,17,Yes,No,Fiber optic,No,No,No,No,No,No,Month-to-month,Yes,Electronic check,70.8,1207.0,0,Established(1-2yr),1,1,71.0,35.4,1,0
Female,No,Yes,No,1,Yes,No,Fiber optic,No,No,No,No,Yes,No,Month-to-month,Yes,Bank transfer (automatic),79.35,79.35,1,New(0-12mo),2,1,79.35,26.45,1,0
Male,Yes,Yes,No,38,Yes,Yes,Fiber optic,No,Yes,Yes,No,Yes,Yes,Month-to-month,Yes,Electronic check,102.6,4009.2,0,Loyal(2-4yr),6,1,105.50526315789473,14.657142857142857,1,0
Male,No,No,No,19,Yes,No,Fiber optic,No,No,No,Yes,No,Yes,One year,Yes,Credit card (automatic),87.7,1725.95,0,Established(1-2yr),3,1,90.83947368421053,21.925,0,1
Male,No,No,No,11,Yes,No,DSL,No,Yes,Yes,Yes,No,No,Month-to-month,Yes,Electronic check,60.9,688.5,0,New(0-12mo),4,1,62.59090909090909,12.18,1,0
Male,No,Yes,Yes,25,Yes,Yes,No,No internet service,No internet service,No internet service,No internet service,No internet service,No internet service,Month-to-month,Yes,Bank transfer (automatic),25.4,546.85,0,Loyal(2-4yr),2,0,21.874000000000002,8.466666666666667,1,0
Male,Yes,No,No,39,Yes,Yes,Fiber optic,No,Yes,No,No,No,Yes,Month-to-month,No,Electronic check,90.7,3413.25,0,Loyal(2-4yr),4,1,87.51923076923077,18.14,1,0
Male,No,No,No,4,Yes,No,No,No internet service,No internet service,No internet service,No internet service,No internet service,No internet service,One year,No,Mailed check,19.7,117.8,0,New(0-12mo),1,0,29.45,9.85,0,1
Female,No,Yes,No,2,Yes,No,DSL,No,No,Yes,No,Yes,Yes,Month-to-month,No,Credit card (automatic),69.0,147.8,0,New(0-12mo),4,1,73.9,13.8,1,0
Male,No,Yes,No,61,Yes,Yes,Fiber optic,Yes,No,Yes,Yes,Yes,No,Month-to-month,No,Bank transfer (automatic),99.4,5943.65,0,VIP(4yr+),6,1,97.43688524590164,14.200000000000001,1,0
Female,No,Yes,No,24,Yes,No,DSL,No,Yes,No,No,Yes,Yes,Month-to-month,Yes,Bank transfer (automatic),69.45,1614.05,0,Established(1-2yr),4,1,67.25208333333333,13.89,1,0
Male,No,Yes,Yes,53,Yes,Yes,DSL,Yes,Yes,No,Yes,No,No,One year,No,Bank transfer (automatic),64.15,3491.55,0,VIP(4yr+),5,1,65.87830188679246,10.691666666666668,0,1
Male,No,Yes,No,72,Yes,Yes,DSL,Yes,Yes,Yes,Yes,Yes,Yes,Two year,Yes,Credit card (automatic),88.7,6301.7,0,VIP(4yr+),8,1,87.52361111111111,9.855555555555556,0,2
Female,No,No,Yes,26,No,No phone service,DSL,No,No,Yes,No,No,No,Month-to-month,Yes,Mailed check,29.8,786.5,0,Loyal(2-4yr),1,1,30.25,14.9,1,0
Female,No,Yes,Yes,71,Yes,No,No,No internet service,No internet service,No internet service,No internet service,No internet service,No internet service,Two year,No,Bank transfer (automatic),19.85,1326.35,0,VIP(4yr+),1,0,18.680985915492958,9.925,0,2
Female,Yes,Yes,No,50,Yes,No,Fiber optic,No,No,No,No,No,No,Month-to-month,Yes,Electronic check,71.05,3444.85,1,VIP(4yr+),1,1,68.89699999999999,35.525,1,0
Male,No,Yes,No,3,No,No phone service,DSL,No,No,No,No,No,Yes,Month-to-month,Yes,Electronic check,35.15,99.75,1,New(0-12mo),1,1,33.25,17.575,1,0
Female,No,No,No,53,No,No phone service,DSL,Yes,Yes,Yes,Yes,Yes,No,One year,Yes,Electronic check,53.6,2879.2,0,VIP(4yr+),5,1,54.32452830188679,8.933333333333334,0,1
Female,No,No,No,68,Yes,No,No,No internet service,No internet service,No internet service,No internet service,No internet service,No internet service,Two year,No,Bank transfer (automatic),20.05,1386.9,0,VIP(4yr+),1,0,20.39558823529412,10.025,0,2
Female,Yes,Yes,No,60,Yes,Yes,Fiber optic,Yes,Yes,Yes,Yes,Yes,Yes,Two year,Yes,Bank transfer (automatic),116.05,6925.9,0,VIP(4yr+),8,1,115.43166666666666,12.894444444444444,0,2
Male,No,Yes,No,1,Yes,No,Fiber optic,No,No,No,Yes,Yes,No,Month-to-month,Yes,Electronic check,84.8,84.8,1,New(0-12mo),3,1,84.8,21.2,1,0
Female,No,Yes,Yes,59,Yes,No,DSL,No,Yes,No,Yes,Yes,Yes,Two year,Yes,Credit card (automatic),75.95,4542.35,0,VIP(4yr+),5,1,76.98898305084747,12.658333333333333,0,2
Male,No,No,No,7,No,No phone service,DSL,Yes,No,Yes,No,No,No,One year,No,Mailed check,35.3,264.8,0,New(0-12mo),2,1,37.82857142857143,11.766666666666666,0,1
Female,No,No,No,29,Yes,No,DSL,Yes,Yes,Yes,No,No,Yes,Month-to-month,Yes,Bank transfer (automatic),68.85,1970.5,1,Loyal(2-4yr),5,1,67.94827586206897,11.475,1,0
Female,No,No,No,3,Yes,No,No,No internet service,No internet service,No internet service,No internet service,No internet service,No internet service,Month-to-month,No,Mailed check,18.8,56.0,0,New(0-12mo),1,0,18.666666666666668,9.4,1,0
Male,No,No,No,67,Yes,No,DSL,Yes,No,Yes,No,No,Yes,Two year,No,Bank transfer (automatic),65.55,4361.55,0,VIP(4yr+),4,1,65.09776119402986,13.11,0,2
Female,No,No,No,37,Yes,No,No,No internet service,No internet service,No internet service,No internet service,No internet service,No internet service,Two year,No,Mailed check,19.85,784.25,0,Loyal(2-4yr),1,0,21.195945945945947,9.925,0,2
Female,No,Yes,Yes,70,Yes,Yes,Fiber optic,Yes,Yes,Yes,Yes,Yes,Yes,Two year,Yes,Credit card (automatic),113.05,7869.05,0,VIP(4yr+),8,1,112.415,12.56111111111111,0,2
Male,No,No,No,9,Yes,No,DSL,No,No,No,No,No,No,Month-to-month,Yes,Mailed check,44.4,348.15,0,New(0-12mo),1,1,38.68333333333333,22.2,1,0
Female,Yes,No,No,66,Yes,Yes,Fiber optic,No,Yes,Yes,No,Yes,Yes,One year,No,Bank transfer (automatic),108.1,7238.6,0,VIP(4yr+),6,1,109.67575757575759,15.442857142857141,0,1
Female,No,Yes,No,11,Yes,Yes,Fiber optic,No,Yes,No,No,Yes,Yes,Month-to-month,Yes,Electronic check,102.0,1145.35,1,New(0-12mo),5,1,104.12272727272726,17.0,1,0
Female,Yes,Yes,No,40,No,No phone service,DSL,No,Yes,No,No,Yes,No,Month-to-month,Yes,Electronic check,39.3,1637.4,1,Loyal(2-4yr),2,1,40.935,13.1,1,0
Male,No,No,No,22,Yes,No,Fiber optic,No,Yes,No,No,Yes,Yes,Month-to-month,Yes,Mailed check,93.2,2157.3,0,Established(1-2yr),4,1,98.05909090909091,18.64,1,0
Female,No,Yes,Yes,66,Yes,No,DSL,Yes,No,No,No,Yes,No,Two year,Yes,Electronic check,59.75,3996.8,0,VIP(4yr+),3,1,60.55757575757576,14.9375,0,2
Male,Yes,Yes,No,17,Yes,Yes,Fiber optic,No,No,No,No,Yes,Yes,Month-to-month,Yes,Electronic check,94.8,1563.9,0,Established(1-2yr),4,1,91.99411764705883,18.96,1,0
Male,No,Yes,Yes,72,Yes,Yes,Fiber optic,No,Yes,Yes,No,Yes,Yes,Two year,Yes,Electronic check,103.4,7372.65,1,VIP(4yr+),6,1,102.39791666666666,14.771428571428572,0,2
Male,No,No,No,57,No,No phone service,DSL,Yes,No,Yes,No,Yes,Yes,Month-to-month,Yes,Electronic check,53.75,3196.0,0,VIP(4yr+),4,1,56.07017543859649,10.75,1,0
Female,No,Yes,Yes,71,Yes,No,No,No internet service,No internet service,No internet service,No internet service,No internet service,No internet service,Two year,No,Bank transfer (automatic),20.5,1500.95,0,VIP(4yr+),1,0,21.140140845070423,10.25,0,2
Female,No,Yes,Yes,72,Yes,Yes,DSL,Yes,Yes,Yes,Yes,No,Yes,Two year,No,Bank transfer (automatic),80.85,5824.75,0,VIP(4yr+),7,1,80.89930555555556,10.10625,0,2
Male,No,No,No,9,Yes,Yes,Fiber optic,No,No,No,No,Yes,No,Month-to-month,Yes,Electronic check,85.35,758.6,1,New(0-12mo),3,1,84.28888888888889,21.3375,1,0
Female,Yes,No,No,1,Yes,Yes,Fiber optic,No,No,No,No,No,Yes,Month-to-month,Yes,Electronic check,85.05,85.05,1,New(0-12mo),3,1,85.05,21.2625,1,0
Female,No,No,No,37,Yes,Yes,Fiber optic,No,No,No,Yes,Yes,Yes,Month-to-month,No,Credit card (automatic),100.3,3541.4,0,Loyal(2-4yr),5,1,95.71351351351352,16.716666666666665,1,0
Female,No,Yes,No,69,Yes,No,Fiber optic,No,Yes,No,No,Yes,Yes,One year,Yes,Credit card (automatic),95.65,6744.2,0,VIP(4yr+),4,1,97.74202898550725,19.130000000000003,0,1
Female,Yes,Yes,No,50,Yes,Yes,Fiber optic,No,Yes,No,No,Yes,No,Month-to-month,Yes,Electronic check,88.05,4367.35,1,VIP(4yr+),4,1,87.34700000000001,17.61,1,0
Female,No,Yes,Yes,64,Yes,Yes,DSL,No,Yes,No,No,No,No,One year,Yes,Bank transfer (automatic),53.85,3399.85,0,VIP(4yr+),3,1,53.12265625,13.4625,0,1
Male,Yes,Yes,No,40,Yes,Yes,Fiber optic,Yes,No,No,No,Yes,Yes,Month-to-month,No,Electronic check,101.85,4086.3,1,Loyal(2-4yr),5,1,102.1575,16.974999999999998,1,0
Female,No,Yes,No,72,Yes,Yes,No,No internet service,No internet service,No internet service,No internet service,No internet service,No internet service,Two year,No,Credit card (automatic),25.0,1849.2,0,VIP(4yr+),2,0,25.683333333333334,8.333333333333334,0,2
Female,Yes,Yes,No,3,Yes,No,Fiber optic,No,Yes,No,No,No,No,Month-to-month,Yes,Bank transfer (automatic),74.6,239.05,0,New(0-12mo),2,1,79.68333333333334,24.866666666666664,1,0
Male,Yes,Yes,No,27,Yes,Yes,DSL,No,Yes,Yes,Yes,Yes,Yes,Month-to-month,Yes,Bank transfer (automatic),84.8,2309.55,0,Loyal(2-4yr),7,1,85.53888888888889,10.6,1,0
Female,No,No,No,12,Yes,No,Fiber optic,Yes,No,No,Yes,Yes,Yes,Month-to-month,Yes,Bank transfer (automatic),98.9,1120.95,1,New(0-12mo),5,1,93.41250000000001,16.483333333333334,1,0
Male,No,Yes,Yes,48,Yes,Yes,Fiber optic,Yes,Yes,Yes,Yes,Yes,Yes,Two year,No,Credit card (automatic),111.8,5443.65,0,Loyal(2-4yr),8,1,113.409375,12.422222222222222,0,2
Male,No,Yes,Yes,22,Yes,Yes,Fiber optic,No,No,Yes,No,Yes,No,Month-to-month,Yes,Electronic check,88.75,1885.15,0,Established(1-2yr),4,1,85.68863636363636,17.75,1,0
Male,Yes,No,No,9,Yes,Yes,Fiber optic,No,Yes,No,No,Yes,Yes,Month-to-month,Yes,Credit card (automatic),99.45,919.4,1,New(0-12mo),5,1,102.15555555555555,16.575,1,0
Female,No,Yes,Yes,48,Yes,No,No,No internet service,No internet service,No internet service,No internet service,No internet service,No internet service,Two year,No,Bank transfer (automatic),20.2,1027.25,0,Loyal(2-4yr),1,0,21.401041666666668,10.1,0,2
Male,Yes,Yes,No,37,Yes,No,Fiber optic,No,No,No,No,No,No,Month-to-month,Yes,Bank transfer (automatic),72.25,2575.45,0,Loyal(2-4yr),1,1,69.60675675675675,36.125,1,0
Male,No,No,No,45,Yes,Yes,Fiber optic,No,Yes,No,No,Yes,Yes,Month-to-month,Yes,Credit card (automatic),100.85,4740.0,1,Loyal(2-4yr),5,1,105.33333333333333,16.808333333333334,1,0
Female,No,Yes,No,69,Yes,Yes,Fiber optic,No,No,Yes,Yes,Yes,Yes,Two year,No,Bank transfer (automatic),105.35,7240.65,0,VIP(4yr+),6,1,104.93695652173912,15.049999999999999,0,2
Female,No,No,No,31,Yes,No,Fiber optic,Yes,No,Yes,Yes,No,No,Month-to-month,No,Electronic check,87.6,2724.25,0,Loyal(2-4yr),4,1,87.87903225806451,17.52,1,0
Male,Yes,Yes,Yes,66,Yes,Yes,Fiber optic,Yes,Yes,Yes,Yes,Yes,Yes,One year,Yes,Electronic check,116.25,7862.25,0,VIP(4yr+),8,1,119.125,12.916666666666666,0,1
Male,No,Yes,No,71,Yes,Yes,Fiber optic,Yes,Yes,Yes,No,Yes,Yes,One year,Yes,Electronic check,109.6,7854.15,0,VIP(4yr+),7,1,110.6218309859155,13.7,0,1
Female,No,No,Yes,67,Yes,Yes,Fiber optic,No,Yes,No,Yes,Yes,Yes,Two year,Yes,Electronic check,104.0,7039.05,0,VIP(4yr+),6,1,105.06044776119403,14.857142857142858,0,2
Female,No,No,No,1,Yes,No,Fiber optic,No,No,Yes,No,Yes,Yes,Month-to-month,No,Electronic check,94.4,94.4,1,New(0-12mo),4,1,94.4,18.880000000000003,1,0
Female,No,No,No,53,Yes,No,No,No internet service,No internet service,No internet service,No internet service,No internet service,No internet service,Two year,No,Mailed check,18.7,1005.7,0,VIP(4yr+),1,0,18.975471698113207,9.35,0,2
Male,No,No,No,21,No,No phone service,DSL,Yes,No,No,Yes,Yes,No,Month-to-month,Yes,Mailed check,43.55,1011.5,0,Established(1-2yr),3,1,48.166666666666664,10.8875,1,0
Male,No,Yes,Yes,65,Yes,Yes,DSL,Yes,Yes,No,No,No,Yes,Two year,Yes,Mailed check,69.55,4459.15,0,VIP(4yr+),5,1,68.60230769230769,11.591666666666667,0,2
Female,No,No,No,51,Yes,No,Fiber optic,No,No,No,No,Yes,Yes,One year,No,Credit card (automatic),87.55,4475.9,0,VIP(4yr+),3,1,87.7627450980392,21.8875,0,1
Female,No,No,No,1,No,No phone service,DSL,No,No,No,No,Yes,No,Month-to-month,Yes,Electronic check,34.7,34.7,1,New(0-12mo),1,1,34.7,17.35,1,0
Female,Yes,No,No,21,Yes,Yes,Fiber optic,No,No,No,No,Yes,Yes,Month-to-month,Yes,Electronic check,94.25,1973.75,1,Established(1-2yr),4,1,93.98809523809524,18.85,1,0
Male,No,Yes,Yes,34,Yes,Yes,Fiber optic,No,Yes,No,No,Yes,Yes,Month-to-month,Yes,Bank transfer (automatic),97.7,3410.0,0,Loyal(2-4yr),5,1,100.29411764705883,16.283333333333335,1,0
Female,No,No,No,1,Yes,No,Fiber optic,No,No,No,No,Yes,No,Month-to-month,Yes,Electronic check,80.25,80.25,1,New(0-12mo),2,1,80.25,26.75,1,0
Male,No,No,No,26,No,No phone service,DSL,No,No,Yes,Yes,No,No,Month-to-month,No,Electronic check,35.75,1022.5,0,Loyal(2-4yr),2,1,39.32692307692308,11.916666666666666,1,0
Male,No,No,No,1,No,No phone service,DSL,No,No,No,No,No,No,Month-to-month,No,Mailed check,24.4,24.4,0,New(0-12mo),0,1,24.4,24.4,1,0
Male,No,Yes,Yes,72,No,No phone service,DSL,Yes,Yes,Yes,Yes,Yes,Yes,Two year,Yes,Credit card (automatic),64.8,4719.75,0,VIP(4yr+),6,1,65.55208333333333,9.257142857142856,0,2
Female,Yes,No,No,59,Yes,Yes,Fiber optic,No,No,Yes,No,Yes,Yes,One year,Yes,Electronic check,99.5,5890.0,0,VIP(4yr+),5,1,99.83050847457628,16.583333333333332,0,1
Female,No,No,Yes,44,Yes,Yes,DSL,No,Yes,No,No,Yes,Yes,One year,Yes,Mailed check,77.55,3471.1,0,Loyal(2-4yr),5,1,78.88863636363637,12.924999999999999,0,1
Female,No,No,No,4,Yes,No,Fiber optic,No,Yes,Yes,Yes,Yes,Yes,One year,Yes,Electronic check,105.65,443.9,1,New(0-12mo),6,1,110.975,15.092857142857143,0,1
Male,No,No,Yes,72,No,No phone service,DSL,Yes,Yes,Yes,Yes,Yes,Yes,Two year,No,Credit card (automatic),67.2,4671.7,0,VIP(4yr+),6,1,64.88472222222222,9.6,0,2
Male,No,Yes,No,35,No,No phone service,DSL,Yes,No,Yes,No,Yes,Yes,One year,No,Credit card (automatic),53.15,1930.9,0,Loyal(2-4yr),4,1,55.16857142857143,10.629999999999999,0,1
Female,No,Yes,Yes,31,Yes,Yes,DSL,No,Yes,No,Yes,Yes,Yes,Two year,No,Bank transfer (automatic),80.55,2471.6,0,Loyal(2-4yr),6,1,79.7290322580645,11.507142857142856,0,2
Female,No,No,No,15,No,No phone service,DSL,No,Yes,No,No,No,Yes,Two year,Yes,Mailed check,38.8,603.0,0,Established(1-2yr),2,1,40.2,12.933333333333332,0,2
Male,No,No,No,1,Yes,No,DSL,No,No,No,No,No,No,Month-to-month,Yes,Electronic check,45.65,45.65,1,New(0-12mo),1,1,45.65,22.825,1,0
Female,No,No,No,12,Yes,No,No,No internet service,No internet service,No internet service,No internet service,No internet service,No internet service,Month-to-month,No,Mailed check,20.4,266.6,0,New(0-12mo),1,0,22.21666666666667,10.2,1,0
Male,No,No,No,63,Yes,No,DSL,Yes,Yes,Yes,Yes,Yes,Yes,Two year,Yes,Bank transfer (automatic),86.7,5309.5,0,VIP(4yr+),7,1,84.27777777777777,10.8375,0,2
Female,No,No,No,39,Yes,No,DSL,Yes,No,No,No,No,No,One year,Yes,Electronic check,47.85,1886.4,0,Loyal(2-4yr),2,1,48.369230769230775,15.950000000000001,0,1
Female,No,Yes,Yes,14,Yes,Yes,Fiber optic,No,No,No,Yes,Yes,No,Month-to-month,Yes,Electronic check,91.65,1301.0,1,Established(1-2yr),4,1,92.92857142857143,18.330000000000002,1,0
Male,No,Yes,Yes,30,Yes,Yes,Fiber optic,No,Yes,No,Yes,No,No,Month-to-month,Yes,Bank transfer (automatic),83.55,2570.2,0,Loyal(2-4yr),4,1,85.67333333333333,16.71,1,0
Female,No,Yes,Yes,68,Yes,Yes,Fiber optic,No,Yes,Yes,No,No,No,Two year,Yes,Credit card (automatic),84.4,5746.75,0,VIP(4yr+),4,1,84.51102941176471,16.880000000000003,0,2
Female,No,No,No,11,Yes,Yes,Fiber optic,No,No,No,No,No,No,Month-to-month,No,Electronic check,75.25,888.65,0,New(0-12mo),2,1,80.78636363636363,25.083333333333332,1,0
Male,No,Yes,Yes,68,Yes,No,Fiber optic,Yes,Yes,Yes,No,Yes,Yes,Two year,Yes,Credit card (automatic),103.25,7074.4,0,VIP(4yr+),6,1,104.03529411764706,14.75,0,2
Female,Yes,No,No,2,Yes,Yes,Fiber optic,No,No,No,No,No,Yes,Month-to-month,Yes,Electronic check,84.05,186.05,0,New(0-12mo),3,1,93.025,21.0125,1,0
Male,No,Yes,No,72,Yes,No,No,No internet service,No internet service,No internet service,No internet service,No internet service,No internet service,Two year,No,Bank transfer (automatic),20.7,1492.1,0,VIP(4yr+),1,0,20.72361111111111,10.35,0,2
Female,No,Yes,Yes,72,No,No phone service,DSL,Yes,Yes,Yes,Yes,No,Yes,Two year,No,Credit card (automatic),55.65,3880.05,0,VIP(4yr+),5,1,53.889583333333334,9.275,0,2
Female,No,Yes,No,64,Yes,No,Fiber optic,Yes,No,Yes,No,Yes,Yes,Two year,Yes,Bank transfer (automatic),99.0,6375.8,0,VIP(4yr+),5,1,99.621875,16.5,0,2
Female,No,No,No,6,No,No phone service,DSL,No,No,Yes,No,Yes,Yes,Month-to-month,Yes,Electronic check,47.95,305.1,1,New(0-12mo),3,1,50.85,11.9875,1,0
Male,No,Yes,Yes,4,Yes,No,No,No internet service,No internet service,No internet service,No internet service,No internet service,No internet service,Month-to-month,No,Mailed check,18.85,84.2,0,New(0-12mo),1,0,21.05,9.425,1,0
Female,No,Yes,Yes,71,Yes,Yes,No,No internet service,No internet service,No internet service,No internet service,No internet service,No internet service,Two year,No,Bank transfer (automatic),24.7,1810.55,0,VIP(4yr+),2,0,25.500704225352113,8.233333333333333,0,2
Male,Yes,Yes,No,14,Yes,Yes,Fiber optic,No,No,No,No,No,No,Month-to-month,Yes,Electronic check,75.1,1013.35,0,Established(1-2yr),2,1,72.38214285714285,25.03333333333333,1,0
Female,Yes,Yes,Yes,66,Yes,Yes,Fiber optic,Yes,Yes,No,Yes,Yes,Yes,One year,Yes,Credit card (automatic),110.6,7210.85,0,VIP(4yr+),7,1,109.25530303030304,13.825,0,1
Female,No,No,No,4,Yes,Yes,Fiber optic,No,Yes,No,No,No,No,Month-to-month,Yes,Mailed check,80.3,324.2,0,New(0-12mo),3,1,81.05,20.075,1,0
Male,No,No,No,71,Yes,Yes,Fiber optic,No,No,Yes,Yes,No,No,Two year,Yes,Credit card (automatic),86.4,6172.0,0,VIP(4yr+),4,1,86.92957746478874,17.28,0,2
Female,No,No,No,2,Yes,Yes,DSL,No,No,No,Yes,No,No,Month-to-month,Yes,Mailed check,54.35,117.05,0,New(0-12mo),3,1,58.525,13.5875,1,0
Male,No,Yes,No,5,Yes,No,Fiber optic,No,No,Yes,No,Yes,Yes,Month-to-month,Yes,Electronic check,94.45,498.1,1,New(0-12mo),4,1,99.62,18.89,1,0
Female,Yes,Yes,No,62,Yes,Yes,Fiber optic,No,Yes,Yes,No,Yes,No,One year,Yes,Credit card (automatic),97.95,5936.55,0,VIP(4yr+),5,1,95.7508064516129,16.325,0,1
Female,No,No,No,2,Yes,No,Fiber optic,No,No,Yes,No,No,No,Month-to-month,Yes,Electronic check,75.8,160.75,1,New(0-12mo),2,1,80.375,25.266666666666666,1,0
Male,No,Yes,Yes,4,Yes,Yes,DSL,No,No,No,No,No,No,Month-to-month,Yes,Electronic check,50.9,225.6,1,New(0-12mo),2,1,56.4,16.966666666666665,1,0
Male,No,No,No,54,Yes,Yes,Fiber optic,Yes,Yes,No,Yes,Yes,Yes,Two year,Yes,Credit card (automatic),108.0,5760.65,0,VIP(4yr+),7,1,106.6787037037037,13.5,0,2
Female,No,No,No,11,Yes,No,DSL,No,Yes,No,No,No,No,Month-to-month,No,Electronic check,51.1,531.15,0,New(0-12mo),2,1,48.28636363636363,17.033333333333335,1,0
Male,Yes,No,No,3,Yes,No,Fiber optic,No,No,No,No,Yes,No,Month-to-month,Yes,Electronic check,79.9,260.9,1,New(0-12mo),2,1,86.96666666666665,26.633333333333336,1,0
Female,No,Yes,No,72,Yes,Yes,Fiber optic,Yes,Yes,Yes,Yes,No,No,Two year,Yes,Bank transfer (automatic),94.25,6849.75,0,VIP(4yr+),6,1,95.13541666666667,13.464285714285714,0,2
Female,No,No,No,1,Yes,No,Fiber optic,No,No,Yes,No,No,No,Month-to-month,No,Electronic check,75.3,75.3,1,New(0-12mo),2,1,75.3,25.099999999999998,1,0
Male,No,No,Yes,27,Yes,Yes,No,No internet service,No internet service,No internet service,No internet service,No internet service,No internet service,Two year,Yes,Credit card (automatic),25.85,788.55,0,Loyal(2-4yr),2,0,29.205555555555552,8.616666666666667,0,2
Female,No,Yes,Yes,55,Yes,No,No,No internet service,No internet service,No internet service,No internet service,No internet service,No internet service,One year,No,Credit card (automatic),19.15,998.1,0,VIP(4yr+),1,0,18.14727272727273,9.575,0,1
Male,No,No,No,15,Yes,Yes,Fiber optic,Yes,No,No,No,Yes,Yes,Month-to-month,Yes,Electronic check,99.7,1566.75,0,Established(1-2yr),5,1,104.45,16.616666666666667,1,0
Male,No,No,No,25,Yes,Yes,No,No internet service,No internet service,No internet service,No internet service,No internet service,No internet service,One year,No,Bank transfer (automatic),25.3,676.35,1,Loyal(2-4yr),2,0,27.054000000000002,8.433333333333334,0,1
Male,No,Yes,No,54,Yes,Yes,Fiber optic,No,Yes,Yes,No,Yes,Yes,Month-to-month,Yes,Electronic check,104.3,5278.15,1,VIP(4yr+),6,1,97.74351851851851,14.9,1,0
Female,No,Yes,No,59,Yes,No,No,No internet service,No internet service,No internet service,No internet service,No internet service,No internet service,One year,No,Mailed check,20.35,1267.0,0,VIP(4yr+),1,0,21.47457627118644,10.175,0,1
Male,Yes,Yes,No,27,Yes,Yes,Fiber optic,No,Yes,Yes,No,No,Yes,Month-to-month,Yes,Electronic check,95.55,2510.2,1,Loyal(2-4yr),5,1,92.97037037037036,15.924999999999999,1,0
Male,No,No,No,3,Yes,No,DSL,No,No,No,No,No,No,Month-to-month,Yes,Electronic check,43.3,123.65,1,New(0-12mo),1,1,41.21666666666667,21.65,1,0
Female,No,Yes,Yes,70,Yes,Yes,DSL,Yes,Yes,No,No,Yes,No,Two year,Yes,Credit card (automatic),69.2,4872.35,0,VIP(4yr+),5,1,69.605,11.533333333333333,0,2
Male,No,Yes,No,61,Yes,No,DSL,Yes,Yes,No,Yes,Yes,Yes,Two year,Yes,Mailed check,81.05,4747.65,0,VIP(4yr+),6,1,77.83032786885245,11.578571428571427,0,2
Female,No,Yes,No,70,Yes,Yes,Fiber optic,No,No,Yes,Yes,Yes,Yes,Two year,Yes,Bank transfer (automatic),104.3,7188.5,0,VIP(4yr+),6,1,102.69285714285714,14.9,0,2
Female,No,Yes,No,58,Yes,Yes,DSL,Yes,No,Yes,Yes,Yes,Yes,Two year,Yes,Electronic check,84.3,4916.4,0,VIP(4yr+),7,1,84.7655172413793,10.5375,0,2
Male,No,Yes,Yes,47,Yes,Yes,DSL,Yes,Yes,Yes,Yes,Yes,Yes,Two year,Yes,Mailed check,90.5,4318.35,0,Loyal(2-4yr),8,1,91.87978723404257,10.055555555555555,0,2
Male,No,No,Yes,52,Yes,No,No,No internet service,No internet service,No internet service,No internet service,No internet service,No internet service,One year,No,Credit card (automatic),19.65,928.4,0,VIP(4yr+),1,0,17.853846153846153,9.825,0,1
Male,No,No,No,39,No,No phone service,DSL,Yes,Yes,No,Yes,Yes,No,Month-to-month,Yes,Credit card (automatic),48.95,1880.85,1,Loyal(2-4yr),4,1,48.22692307692307,9.790000000000001,1,0
Male,No,No,Yes,40,Yes,No,No,No internet service,No internet service,No internet service,No internet service,No internet service,No internet service,One year,Yes,Bank transfer (automatic),20.4,854.9,0,Loyal(2-4yr),1,0,21.3725,10.2,0,1
Male,Yes,No,No,1,Yes,No,Fiber optic,No,No,No,No,Yes,No,Month-to-month,Yes,Electronic check,79.1,79.1,1,New(0-12mo),2,1,79.1,26.366666666666664,1,0
Male,No,No,No,72,Yes,No,DSL,Yes,Yes,Yes,Yes,Yes,No,Two year,Yes,Bank transfer (automatic),75.1,5336.35,0,VIP(4yr+),6,1,74.11597222222223,10.728571428571428,0,2
Female,No,Yes,Yes,4,Yes,Yes,Fiber optic,No,Yes,No,No,Yes,Yes,Month-to-month,Yes,Electronic check,97.95,384.5,1,New(0-12mo),5,1,96.125,16.325,1,0
Male,Yes,No,No,2,Yes,No,DSL,No,No,No,No,No,No,Month-to-month,Yes,Electronic check,44.15,92.65,1,New(0-12mo),1,1,46.325,22.075,1,0
Male,Yes,No,No,55,Yes,Yes,Fiber optic,Yes,Yes,Yes,Yes,Yes,Yes,Month-to-month,Yes,Electronic check,116.5,6382.55,0,VIP(4yr+),8,1,116.04636363636364,12.944444444444445,1,0
Female,Yes,Yes,No,68,Yes,Yes,Fiber optic,No,Yes,No,No,No,Yes,Month-to-month,Yes,Bank transfer (automatic),89.6,6127.6,1,VIP(4yr+),4,1,90.11176470588236,17.919999999999998,1,0
Female,No,Yes,No,49,Yes,No,No,No internet service,No internet service,No internet service,No internet service,No internet service,No internet service,One year,Yes,Bank transfer (automatic),20.05,923.1,0,VIP(4yr+),1,0,18.838775510204083,10.025,0,1
Male,No,No,No,56,Yes,No,DSL,No,Yes,No,Yes,Yes,Yes,One year,Yes,Bank transfer (automatic),75.75,4284.65,0,VIP(4yr+),5,1,76.51160714285713,12.625,0,1
Female,No,No,No,70,Yes,No,No,No internet service,No internet service,No internet service,No internet service,No internet service,No internet service,One year,No,Bank transfer (automatic),19.7,1341.5,0,VIP(4yr+),1,0,19.164285714285715,9.85,0,1
Male,No,No,No,31,No,No phone service,DSL,No,No,Yes,No,Yes,Yes,One year,Yes,Electronic check,50.05,1523.4,0,Loyal(2-4yr),3,1,49.141935483870974,12.5125,0,1
Female,No,No,No,23,Yes,No,No,No internet service,No internet service,No internet service,No internet service,No internet service,No internet service,Month-to-month,Yes,Mailed check,19.5,470.2,0,Established(1-2yr),1,0,20.443478260869565,9.75,1,0
Female,No,No,No,64,Yes,Yes,No,No internet service,No internet service,No internet service,No internet service,No internet service,No internet service,One year,Yes,Bank transfer (automatic),24.4,1601.2,0,VIP(4yr+),2,0,25.01875,8.133333333333333,0,1
Female,Yes,No,No,22,Yes,No,Fiber optic,Yes,Yes,No,No,No,No,Month-to-month,No,Electronic check,81.7,1820.9,0,Established(1-2yr),3,1,82.76818181818182,20.425,1,0
Male,No,No,No,4,Yes,No,No,No internet service,No internet service,No internet service,No internet service,No internet service,No internet service,Month-to-month,No,Mailed check,19.75,78.3,0,New(0-12mo),1,0,19.575,9.875,1,0
Female,No,No,No,1,Yes,Yes,Fiber optic,No,No,No,No,No,Yes,Month-to-month,Yes,Electronic check,85.0,85.0,1,New(0-12mo),3,1,85.0,21.25,1,0
Female,No,Yes,Yes,50,Yes,No,No,No internet service,No internet service,No internet service,No internet service,No internet service,No internet service,Two year,No,Credit card (automatic),20.55,1070.25,0,VIP(4yr+),1,0,21.405,10.275,0,2
Female,No,No,No,69,Yes,Yes,No,No internet service,No internet service,No internet service,No internet service,No internet service,No internet service,Two year,No,Credit card (automatic),24.6,1678.05,0,VIP(4yr+),2,0,24.319565217391304,8.200000000000001,0,2
Male,No,Yes,No,72,Yes,No,No,No internet service,No internet service,No internet service,No internet service,No internet service,No internet service,Two year,No,Credit card (automatic),19.3,1304.8,0,VIP(4yr+),1,0,18.12222222222222,9.65,0,2
Male,No,Yes,Yes,12,Yes,No,No,No internet service,No internet service,No internet service,No internet service,No internet service,No internet service,Two year,No,Bank transfer (automatic),21.05,262.05,0,New(0-12mo),1,0,21.837500000000002,10.525,0,2
Male,No,Yes,No,25,Yes,No,No,No internet service,No internet service,No internet service,No internet service,No internet service,No internet service,One year,Yes,Bank transfer (automatic),20.95,495.15,0,Loyal(2-4yr),1,0,19.805999999999997,10.475,0,1
Male,No,Yes,No,64,Yes,Yes,DSL,Yes,No,No,No,Yes,No,One year,Yes,Credit card (automatic),66.15,4392.5,0,VIP(4yr+),4,1,68.6328125,13.23,0,1
Female,No,Yes,Yes,7,Yes,No,No,No internet service,No internet service,No internet service,No internet service,No internet service,No internet service,Month-to-month,No,Mailed check,20.45,150.75,0,New(0-12mo),1,0,21.535714285714285,10.225,1,0
Female,No,No,Yes,43,Yes,No,Fiber optic,Yes,Yes,No,Yes,Yes,Yes,One year,Yes,Credit card (automatic),106.0,4532.3,0,Loyal(2-4yr),6,1,105.40232558139536,15.142857142857142,0,1
Female,No,No,No,2,Yes,No,Fiber optic,No,No,No,No,No,No,Month-to-month,No,Bank transfer (automatic),69.75,144.55,1,New(0-12mo),1,1,72.275,34.875,1,0
Female,No,No,Yes,12,Yes,Yes,Fiber optic,Yes,No,No,No,No,No,Month-to-month,Yes,Electronic check,78.3,909.25,1,New(0-12mo),3,1,75.77083333333333,19.575,1,0
Male,No,Yes,Yes,11,Yes,No,Fiber optic,No,No,No,No,Yes,Yes,Month-to-month,No,Electronic check,90.6,1020.2,0,New(0-12mo),3,1,92.74545454545455,22.65,1,0
Female,No,No,No,25,Yes,Yes,DSL,Yes,Yes,Yes,Yes,Yes,No,Month-to-month,Yes,Bank transfer (automatic),78.35,1837.9,0,Loyal(2-4yr),7,1,73.516,9.79375,1,0
Female,No,No,No,2,Yes,Yes,Fiber optic,No,No,No,No,No,No,Month-to-month,Yes,Electronic check,75.55,166.3,1,New(0-12mo),2,1,83.15,25.183333333333334,1,0
Female,No,No,No,1,Yes,No,No,No internet service,No internet service,No internet service,No internet service,No internet service,No internet service,Month-to-month,Yes,Mailed check,19.55,19.55,0,New(0-12mo),1,0,19.55,9.775,1,0
Male,No,No,No,13,Yes,No,DSL,No,No,No,Yes,No,No,Month-to-month,Yes,Mailed check,50.55,610.75,0,Established(1-2yr),2,1,46.98076923076923,16.849999999999998,1,0
Male,No,No,No,40,Yes,Yes,No,No internet service,No internet service,No internet service,No internet service,No internet service,No internet service,Two year,Yes,Mailed check,24.6,973.95,0,Loyal(2-4yr),2,0,24.348750000000003,8.200000000000001,0,2
Male,No,No,No,7,Yes,Yes,No,No internet service,No internet service,No internet service,No internet service,No internet service,No internet service,Month-to-month,No,Mailed check,23.5,173.0,0,New(0-12mo),2,0,24.714285714285715,7.833333333333333,1,0
Male,No,No,No,1,Yes,No,DSL,No,No,No,No,No,No,Month-to-month,No,Mailed check,44.6,44.6,0,New(0-12mo),1,1,44.6,22.3,1,0
Male,No,Yes,No,22,Yes,No,DSL,Yes,No,No,Yes,No,No,Month-to-month,Yes,Electronic check,54.2,1152.7,1,Established(1-2yr),3,1,52.39545454545455,13.55,1,0
Male,No,No,No,5,Yes,No,DSL,No,No,Yes,Yes,No,No,Month-to-month,No,Electronic check,56.15,291.45,0,New(0-12mo),3,1,58.29,14.0375,1,0
Female,No,Yes,No,1,Yes,No,DSL,No,No,No,No,Yes,No,Month-to-month,No,Mailed check,55.2,55.2,1,New(0-12mo),2,1,55.2,18.400000000000002,1,0
Male,No,No,No,6,No,No phone service,DSL,No,Yes,No,No,No,No,Month-to-month,Yes,Credit card (automatic),30.5,208.7,1,New(0-12mo),1,1,34.78333333333333,15.25,1,0
Male,Yes,No,No,47,Yes,Yes,Fiber optic,No,No,No,No,Yes,No,Month-to-month,Yes,Credit card (automatic),86.05,3865.6,0,Loyal(2-4yr),3,1,82.2468085106383,21.5125,1,0
Male,No,Yes,Yes,12,Yes,Yes,No,No internet service,No internet service,No internet service,No internet service,No internet service,No internet service,Two year,Yes,Bank transfer (automatic),25.4,313.0,0,New(0-12mo),2,0,26.083333333333332,8.466666666666667,0,2
Male,No,No,No,70,Yes,Yes,Fiber optic,Yes,No,No,Yes,Yes,Yes,Two year,Yes,Credit card (automatic),104.0,7250.15,1,VIP(4yr+),6,1,103.57357142857143,14.857142857142858,0,2
Female,No,No,No,23,Yes,No,DSL,No,Yes,Yes,No,No,No,One year,No,Bank transfer (automatic),55.8,1327.85,0,Established(1-2yr),3,1,57.73260869565217,13.95,0,1
Female,No,Yes,Yes,20,Yes,No,No,No internet service,No internet service,No internet service,No internet service,No internet service,No internet service,One year,No,Bank transfer (automatic),19.7,395.6,0,Established(1-2yr),1,0,19.78,9.85,0,1
Male,No,No,No,7,Yes,Yes,Fiber optic,No,No,No,No,Yes,Yes,Month-to-month,No,Mailed check,95.0,655.5,1,New(0-12mo),4,1,93.64285714285714,19.0,1,0
Female,No,Yes,Yes,70,Yes,Yes,No,No internet service,No internet service,No internet service,No internet service,No internet service,No internet service,Two year,No,Bank transfer (automatic),24.7,1685.9,0,VIP(4yr+),2,0,24.084285714285716,8.233333333333333,0,2
Female,No,No,No,35,No,No phone service,DSL,No,No,Yes,Yes,No,No,Month-to-month,Yes,Mailed check,33.45,1175.85,0,Loyal(2-4yr),2,1,33.59571428571428,11.15,1,0
Female,No,No,No,33,Yes,No,Fiber optic,No,Yes,No,Yes,No,No,One year,Yes,Bank transfer (automatic),79.95,2684.85,0,Loyal(2-4yr),3,1,81.35909090909091,19.9875,0,1
Male,No,No,No,11,Yes,No,Fiber optic,No,Yes,No,No,No,No,Month-to-month,No,Electronic check,74.95,815.5,1,New(0-12mo),2,1,74.13636363636364,24.983333333333334,1,0
Male,Yes,Yes,Yes,72,Yes,No,Fiber optic,Yes,No,Yes,Yes,Yes,Yes,Two year,Yes,Credit card (automatic),104.1,7447.7,0,VIP(4yr+),6,1,103.44027777777778,14.87142857142857,0,2
Male,No,Yes,No,14,Yes,Yes,Fiber optic,No,No,No,No,Yes,No,Month-to-month,Yes,Electronic check,86.1,1235.55,1,Established(1-2yr),3,1,88.25357142857142,21.525,1,0
Male,No,No,No,1,Yes,No,DSL,No,No,No,No,No,No,Month-to-month,Yes,Electronic check,44.8,44.8,0,New(0-12mo),1,1,44.8,22.4,1,0
Female,No,No,No,30,Yes,No,No,No internet service,No internet service,No internet service,No internet service,No internet service,No internet service,Two year,No,Credit card (automatic),19.4,578.5,0,Loyal(2-4yr),1,0,19.283333333333335,9.7,0,2
Female,No,No,No,11,No,No phone service,DSL,No,No,No,No,Yes,No,Month-to-month,Yes,Mailed check,35.8,363.15,0,New(0-12mo),1,1,33.01363636363636,17.9,1,0
Male,No,No,No,1,Yes,No,Fiber optic,No,No,No,No,No,No,Month-to-month,Yes,Electronic check,70.3,70.3,1,New(0-12mo),1,1,70.3,35.15,1,0
Female,No,No,No,1,Yes,No,No,No internet service,No internet service,No internet service,No internet service,No internet service,No internet service,Month-to-month,Yes,Bank transfer (automatic),19.25,19.25,0,New(0-12mo),1,0,19.25,9.625,1,0
Female,No,No,No,6,Yes,No,No,No internet service,No internet service,No internet service,No internet service,No internet service,No internet service,Month-to-month,No,Credit card (automatic),19.7,129.55,0,New(0-12mo),1,0,21.59166666666667,9.85,1,0
Male,No,Yes,No,31,Yes,No,DSL,No,No,Yes,Yes,No,Yes,Month-to-month,Yes,Credit card (automatic),66.4,2019.8,0,Loyal(2-4yr),4,1,65.15483870967742,13.280000000000001,1,0
Female,No,Yes,No,17,Yes,No,No,No internet service,No internet service,No internet service,No internet service,No internet service,No internet service,One year,No,Mailed check,19.35,307.0,0,Established(1-2yr),1,0,18.058823529411764,9.675,0,1
Male,No,No,No,29,Yes,No,No,No internet service,No internet service,No internet service,No internet service,No internet service,No internet service,One year,Yes,Mailed check,19.8,572.2,0,Loyal(2-4yr),1,0,19.731034482758623,9.9,0,1
Female,No,Yes,Yes,56,Yes,Yes,DSL,Yes,Yes,No,No,No,Yes,One year,No,Bank transfer (automatic),68.75,3815.4,0,VIP(4yr+),5,1,68.13214285714285,11.458333333333334,0,1
Male,No,No,No,10,Yes,No,DSL,No,Yes,No,No,Yes,No,Month-to-month,Yes,Mailed check,59.65,638.95,0,New(0-12mo),3,1,63.895,14.9125,1,0
Male,No,Yes,Yes,62,Yes,Yes,Fiber optic,Yes,Yes,No,No,Yes,No,One year,Yes,Credit card (automatic),94.95,5791.85,0,VIP(4yr+),5,1,93.41693548387097,15.825000000000001,0,1
Female,No,No,No,2,Yes,No,Fiber optic,No,Yes,No,No,Yes,No,Month-to-month,Yes,Bank transfer (automatic),87.15,183.75,1,New(0-12mo),3,1,91.875,21.7875,1,0
Male,No,No,Yes,19,No,No phone service,DSL,No,No,No,No,No,No,Month-to-month,Yes,Credit card (automatic),25.35,566.1,0,Established(1-2yr),0,1,29.794736842105266,25.35,1,0
Male,No,No,No,16,Yes,Yes,Fiber optic,No,Yes,No,No,No,No,Month-to-month,Yes,Mailed check,80.55,1248.9,0,Established(1-2yr),3,1,78.05625,20.1375,1,0
Male,No,No,No,5,Yes,No,No,No internet service,No internet service,No internet service,No internet service,No internet service,No internet service,Month-to-month,No,Bank transfer (automatic),20.65,93.55,0,New(0-12mo),1,0,18.71,10.325,1,0
Male,No,No,No,9,Yes,No,Fiber optic,No,No,No,No,No,Yes,Month-to-month,Yes,Electronic check,80.8,713.1,1,New(0-12mo),2,1,79.23333333333333,26.933333333333334,1,0
Female,No,Yes,Yes,72,Yes,Yes,Fiber optic,Yes,Yes,Yes,Yes,Yes,Yes,Two year,Yes,Bank transfer (automatic),118.75,8672.45,0,VIP(4yr+),8,1,120.45069444444445,13.194444444444445,0,2
Male,Yes,Yes,No,28,Yes,Yes,Fiber optic,No,Yes,No,Yes,Yes,Yes,Month-to-month,Yes,Electronic check,105.8,2998.0,0,Loyal(2-4yr),6,1,107.07142857142857,15.114285714285714,1,0
Male,Yes,Yes,No,45,Yes,Yes,No,No internet service,No internet service,No internet service,No internet service,No internet service,No internet service,One year,No,Credit card (automatic),24.7,1174.35,0,Loyal(2-4yr),2,0,26.096666666666664,8.233333333333333,0,1
Male,No,Yes,Yes,43,Yes,Yes,Fiber optic,No,No,Yes,Yes,Yes,Yes,One year,Yes,Credit card (automatic),104.3,4451.85,0,Loyal(2-4yr),6,1,103.53139534883722,14.9,0,1
Male,No,Yes,No,30,Yes,Yes,Fiber optic,No,No,No,No,Yes,Yes,Month-to-month,Yes,Credit card (automatic),94.05,2866.45,1,Loyal(2-4yr),4,1,95.54833333333333,18.81,1,0
Female,No,No,No,41,Yes,Yes,DSL,Yes,No,Yes,Yes,No,Yes,Month-to-month,Yes,Bank transfer (automatic),74.65,3090.65,0,Loyal(2-4yr),6,1,75.38170731707318,10.664285714285715,1,0
Male,No,Yes,No,70,Yes,Yes,DSL,Yes,No,Yes,Yes,No,Yes,Two year,No,Credit card (automatic),77.3,5498.2,0,VIP(4yr+),6,1,78.54571428571428,11.042857142857143,0,2
Male,Yes,No,No,6,Yes,No,Fiber optic,Yes,No,No,No,Yes,No,Month-to-month,Yes,Bank transfer (automatic),85.15,503.6,1,New(0-12mo),3,1,83.93333333333334,21.2875,1,0
Female,No,Yes,Yes,24,No,No phone service,DSL,Yes,Yes,Yes,No,Yes,Yes,One year,No,Electronic check,57.6,1367.75,0,Established(1-2yr),5,1,56.989583333333336,9.6,0,1
Female,No,No,No,45,Yes,No,DSL,Yes,Yes,No,Yes,No,No,One year,Yes,Credit card (automatic),62.55,2796.45,0,Loyal(2-4yr),4,1,62.14333333333333,12.51,0,1
Male,No,No,No,10,Yes,Yes,Fiber optic,No,Yes,Yes,No,No,Yes,Month-to-month,Yes,Electronic check,95.25,1021.55,0,New(0-12mo),5,1,102.155,15.875,1,0
Male,No,Yes,No,66,No,No phone service,DSL,Yes,Yes,Yes,Yes,Yes,No,Two year,Yes,Bank transfer (automatic),56.6,3789.2,0,VIP(4yr+),5,1,57.41212121212121,9.433333333333334,0,2
Male,No,Yes,Yes,60,Yes,No,No,No internet service,No internet service,No internet service,No internet service,No internet service,No internet service,Two year,Yes,Bank transfer (automatic),20.95,1270.55,0,VIP(4yr+),1,0,21.175833333333333,10.475,0,2
Female,No,No,No,2,Yes,No,No,No internet service,No internet service,No internet service,No internet service,No internet service,No internet service,Month-to-month,No,Mailed check,20.1,39.8,0,New(0-12mo),1,0,19.9,10.05,1,0
Male,Yes,Yes,No,10,Yes,No,Fiber optic,Yes,No,No,No,No,No,Month-to-month,No,Electronic check,75.3,720.45,0,New(0-12mo),2,1,72.045,25.099999999999998,1,0
Male,No,Yes,Yes,38,Yes,Yes,DSL,No,Yes,Yes,No,Yes,Yes,One year,No,Credit card (automatic),78.95,2862.55,0,Loyal(2-4yr),6,1,75.33026315789475,11.278571428571428,0,1
Female,No,No,No,7,Yes,No,Fiber optic,No,No,No,No,No,No,Month-to-month,Yes,Bank transfer (automatic),69.85,515.45,0,New(0-12mo),1,1,73.63571428571429,34.925,1,0
Male,No,No,Yes,13,Yes,No,DSL,Yes,No,No,No,No,No,Month-to-month,Yes,Credit card (automatic),52.1,670.65,0,Established(1-2yr),2,1,51.58846153846154,17.366666666666667,1,0
Male,No,No,No,27,Yes,No,No,No internet service,No internet service,No internet service,No internet service,No internet service,No internet service,Month-to-month,Yes,Credit card (automatic),19.4,460.25,0,Loyal(2-4yr),1,0,17.046296296296298,9.7,1,0
Male,No,No,No,33,Yes,Yes,DSL,No,Yes,No,No,No,No,Month-to-month,Yes,Bank transfer (automatic),54.65,1665.2,0,Loyal(2-4yr),3,1,50.46060606060606,13.6625,1,0
Female,No,No,No,63,Yes,Yes,No,No internet service,No internet service,No internet service,No internet service,No internet service,No internet service,Two year,No,Mailed check,24.2,1618.2,0,VIP(4yr+),2,0,25.685714285714287,8.066666666666666,0,2
Male,No,No,No,4,No,No phone service,DSL,Yes,Yes,No,Yes,No,No,Month-to-month,No,Mailed check,42.4,146.4,0,New(0-12mo),3,1,36.6,10.6,1,0
Female,No,No,No,12,Yes,Yes,DSL,No,No,No,Yes,Yes,Yes,One year,Yes,Mailed check,75.85,854.45,0,New(0-12mo),5,1,71.20416666666667,12.641666666666666,0,1
Female,No,No,Yes,7,Yes,No,Fiber optic,No,No,No,No,No,No,Month-to-month,Yes,Electronic check,71.05,472.65,0,New(0-12mo),1,1,67.52142857142857,35.525,1,0
Female,No,Yes,No,10,Yes,No,No,No internet service,No internet service,No internet service,No internet service,No internet service,No internet service,Month-to-month,Yes,Mailed check,20.55,252.75,0,New(0-12mo),1,0,25.275,10.275,1,0
Male,No,Yes,No,37,Yes,No,Fiber optic,No,No,Yes,Yes,No,Yes,Month-to-month,Yes,Electronic check,90.35,3419.3,0,Loyal(2-4yr),4,1,92.41351351351352,18.07,1,0
Female,No,Yes,Yes,8,Yes,No,DSL,Yes,Yes,No,No,No,No,Month-to-month,No,Mailed check,54.65,482.25,0,New(0-12mo),3,1,60.28125,13.6625,1,0
Female,No,Yes,No,34,Yes,Yes,Fiber optic,No,No,No,No,Yes,Yes,Month-to-month,Yes,Electronic check,97.65,3207.55,1,Loyal(2-4yr),4,1,94.33970588235294,19.53,1,0
Male,No,Yes,No,31,Yes,Yes,DSL,No,No,Yes,Yes,Yes,Yes,One year,Yes,Mailed check,79.3,2484.0,0,Loyal(2-4yr),6,1,80.12903225806451,11.328571428571427,0,1
Male,Yes,No,No,52,Yes,Yes,Fiber optic,No,No,No,No,No,No,Month-to-month,Yes,Bank transfer (automatic),72.95,3829.75,0,VIP(4yr+),2,1,73.64903846153847,24.316666666666666,1,0
Female,No,Yes,No,33,Yes,No,DSL,No,Yes,No,Yes,No,No,One year,Yes,Credit card (automatic),53.75,1857.3,0,Loyal(2-4yr),3,1,56.28181818181818,13.4375,0,1
Male,No,No,No,3,Yes,No,DSL,No,No,No,No,No,No,Month-to-month,No,Mailed check,45.45,141.7,0,New(0-12mo),1,1,47.23333333333333,22.725,1,0
Male,Yes,No,No,44,Yes,No,Fiber optic,No,No,Yes,No,No,No,Month-to-month,No,Electronic check,73.85,3122.4,0,Loyal(2-4yr),2,1,70.96363636363637,24.616666666666664,1,0
Male,No,No,No,1,Yes,No,No,No internet service,No internet service,No internet service,No internet service,No internet service,No internet service,Month-to-month,Yes,Mailed check,20.25,20.25,0,New(0-12mo),1,0,20.25,10.125,1,0
Male,No,No,No,26,Yes,No,DSL,No,No,No,No,No,No,Month-to-month,No,Electronic check,45.45,1233.15,0,Loyal(2-4yr),1,1,47.42884615384616,22.725,1,0
Female,No,Yes,Yes,7,Yes,No,DSL,Yes,Yes,Yes,No,Yes,No,One year,No,Electronic check,69.45,477.05,0,New(0-12mo),5,1,68.15,11.575000000000001,0,1
Male,Yes,Yes,No,32,Yes,Yes,Fiber optic,No,No,No,No,No,No,Month-to-month,Yes,Electronic check,74.9,2303.35,1,Loyal(2-4yr),2,1,71.9796875,24.96666666666667,1,0
Female,No,Yes,No,18,Yes,Yes,Fiber optic,No,No,No,Yes,Yes,No,Month-to-month,Yes,Electronic check,88.85,1594.75,0,Established(1-2yr),4,1,88.59722222222223,17.77,1,0
Male,No,Yes,No,41,Yes,Yes,DSL,No,No,Yes,No,Yes,Yes,One year,Yes,Electronic check,73.0,3001.2,1,Loyal(2-4yr),5,1,73.19999999999999,12.166666666666666,0,1
Female,No,Yes,No,29,Yes,Yes,Fiber optic,No,No,No,No,No,No,Month-to-month,Yes,Electronic check,74.95,2149.05,0,Loyal(2-4yr),2,1,74.10517241379311,24.983333333333334,1,0
Male,No,Yes,No,38,Yes,Yes,DSL,No,No,Yes,Yes,No,Yes,One year,No,Credit card (automatic),69.0,2669.45,0,Loyal(2-4yr),5,1,70.2486842105263,11.5,0,1
Male,No,No,No,1,Yes,No,No,No internet service,No internet service,No internet service,No internet service,No internet service,No internet service,Month-to-month,No,Mailed check,20.1,20.1,1,New(0-12mo),1,0,20.1,10.05,1,0
Female,No,No,No,37,Yes,Yes,Fiber optic,No,Yes,Yes,No,Yes,Yes,Month-to-month,Yes,Bank transfer (automatic),101.9,3545.35,1,Loyal(2-4yr),6,1,95.82027027027027,14.557142857142859,1,0
Female,Yes,No,No,4,Yes,Yes,Fiber optic,No,No,No,No,Yes,Yes,Month-to-month,Yes,Electronic check,95.45,396.1,1,New(0-12mo),4,1,99.025,19.09,1,0
Female,No,Yes,No,72,Yes,Yes,Fiber optic,No,Yes,Yes,Yes,Yes,Yes,Two year,Yes,Electronic check,110.15,7998.8,0,VIP(4yr+),7,1,111.09444444444445,13.76875,0,2
Female,No,Yes,Yes,72,Yes,Yes,DSL,No,Yes,No,Yes,Yes,Yes,Two year,Yes,Electronic check,78.95,5730.15,0,VIP(4yr+),6,1,79.58541666666666,11.278571428571428,0,2
Female,No,No,No,54,Yes,No,No,No internet service,No internet service,No internet service,No internet service,No internet service,No internet service,Two year,Yes,Mailed check,20.5,1035.7,0,VIP(4yr+),1,0,19.17962962962963,10.25,0,2
Male,No,Yes,No,72,No,No phone service,DSL,Yes,Yes,Yes,No,No,No,Two year,No,Bank transfer (automatic),42.1,2962.0,0,VIP(4yr+),3,1,41.138888888888886,10.525,0,2
Female,No,No,No,13,Yes,No,Fiber optic,No,Yes,Yes,No,No,No,Month-to-month,Yes,Electronic check,81.15,952.3,1,Established(1-2yr),3,1,73.25384615384615,20.2875,1,0
Male,Yes,No,No,18,Yes,Yes,Fiber optic,No,No,No,No,Yes,Yes,Month-to-month,Yes,Electronic check,95.45,1752.55,1,Established(1-2yr),4,1,97.36388888888888,19.09,1,0
Female,No,Yes,No,25,Yes,Yes,DSL,No,Yes,No,No,No,No,Month-to-month,No,Electronic check,54.1,1373.0,0,Loyal(2-4yr),3,1,54.92,13.525,1,0
Male,No,Yes,Yes,72,Yes,Yes,DSL,Yes,Yes,Yes,Yes,Yes,Yes,Two year,Yes,Credit card (automatic),90.6,6441.85,0,VIP(4yr+),8,1,89.4701388888889,10.066666666666666,0,2
Male,No,No,No,15,No,No phone service,DSL,No,No,Yes,No,Yes,Yes,One year,No,Electronic check,50.75,688.2,0,Established(1-2yr),3,1,45.88,12.6875,0,1
Male,No,Yes,Yes,39,Yes,Yes,Fiber optic,No,No,Yes,No,Yes,Yes,One year,No,Electronic check,100.0,3835.55,0,Loyal(2-4yr),5,1,98.3474358974359,16.666666666666668,0,1
Male,No,Yes,No,70,No,No phone service,DSL,No,Yes,Yes,Yes,No,Yes,One year,Yes,Bank transfer (automatic),51.05,3635.15,0,VIP(4yr+),4,1,51.93071428571429,10.209999999999999,0,1
Male,No,No,No,1,Yes,No,Fiber optic,No,No,No,No,No,Yes,Month-to-month,No,Electronic check,79.9,79.9,1,New(0-12mo),2,1,79.9,26.633333333333336,1,0
Male,No,No,No,6,Yes,No,DSL,No,No,No,No,No,No,Month-to-month,No,Electronic check,44.75,270.95,1,New(0-12mo),1,1,45.15833333333333,22.375,1,0
Male,Yes,No,No,9,Yes,No,DSL,No,No,No,Yes,No,No,Month-to-month,No,Mailed check,49.2,447.9,0,New(0-12mo),2,1,49.766666666666666,16.400000000000002,1,0
Female,No,No,No,29,Yes,No,No,No internet service,No internet service,No internet service,No internet service,No internet service,No internet service,Month-to-month,No,Credit card (automatic),19.35,601.6,0,Loyal(2-4yr),1,0,20.7448275862069,9.675,1,0
Female,No,Yes,Yes,24,Yes,No,DSL,Yes,No,No,Yes,No,No,Month-to-month,No,Electronic check,55.15,1319.85,0,Established(1-2yr),3,1,54.99375,13.7875,1,0
Male,No,No,No,41,Yes,Yes,Fiber optic,No,Yes,Yes,No,Yes,Yes,Month-to-month,Yes,Electronic check,104.7,4346.4,1,Loyal(2-4yr),6,1,106.00975609756097,14.957142857142857,1,0
Female,No,Yes,Yes,30,Yes,No,Fiber optic,No,No,Yes,No,No,Yes,One year,No,Electronic check,86.45,2538.05,0,Loyal(2-4yr),3,1,84.60166666666667,21.6125,0,1
Female,No,No,No,25,Yes,No,Fiber optic,Yes,Yes,No,No,No,No,Month-to-month,Yes,Bank transfer (automatic),79.85,2015.35,1,Loyal(2-4yr),3,1,80.61399999999999,19.9625,1,0
Male,No,Yes,No,31,Yes,Yes,Fiber optic,No,No,Yes,No,Yes,No,Month-to-month,No,Credit card (automatic),88.65,2683.2,0,Loyal(2-4yr),4,1,86.55483870967741,17.73,1,0
Male,No,Yes,No,24,Yes,No,No,No internet service,No internet service,No internet service,No internet service,No internet service,No internet service,Two year,No,Mailed check,19.75,483.15,0,Established(1-2yr),1,0,20.131249999999998,9.875,0,2
Male,No,Yes,Yes,69,Yes,Yes,No,No internet service,No internet service,No internet service,No internet service,No internet service,No internet service,Two year,Yes,Bank transfer (automatic),26.0,1796.55,0,VIP(4yr+),2,0,26.03695652173913,8.666666666666666,0,2
Male,Yes,No,No,1,Yes,No,Fiber optic,No,No,No,No,No,No,Month-to-month,Yes,Electronic check,69.65,69.65,1,New(0-12mo),1,1,69.65,34.825,1,0
Male,Yes,No,No,9,Yes,Yes,Fiber optic,No,No,Yes,No,Yes,Yes,Month-to-month,Yes,Electronic check,100.5,918.6,1,New(0-12mo),5,1,102.06666666666666,16.75,1,0
Male,No,Yes,Yes,24,Yes,Yes,DSL,Yes,No,No,No,Yes,Yes,One year,No,Mailed check,74.8,1821.2,0,Established(1-2yr),5,1,75.88333333333334,12.466666666666667,0,1
Female,Yes,No,No,26,Yes,Yes,Fiber optic,Yes,Yes,No,No,No,Yes,Month-to-month,Yes,Electronic check,95.0,2497.2,1,Loyal(2-4yr),5,1,96.04615384615384,15.833333333333334,1,0
Male,No,No,No,34,Yes,No,No,No internet service,No internet service,No internet service,No internet service,No internet service,No internet service,Month-to-month,No,Mailed check,19.7,675.6,0,Loyal(2-4yr),1,0,19.870588235294118,9.85,1,0
Male,Yes,Yes,No,72,Yes,Yes,Fiber optic,Yes,Yes,Yes,Yes,No,No,Two year,Yes,Bank transfer (automatic),93.05,6735.05,0,VIP(4yr+),6,1,93.54236111111112,13.292857142857143,0,2
Female,No,No,No,52,Yes,Yes,Fiber optic,Yes,Yes,No,Yes,Yes,Yes,One year,Yes,Credit card (automatic),111.25,5916.45,1,VIP(4yr+),7,1,113.77788461538461,13.90625,0,1
Male,No,Yes,Yes,47,Yes,Yes,Fiber optic,No,Yes,No,No,Yes,No,Month-to-month,No,Electronic check,87.2,4017.45,0,Loyal(2-4yr),4,1,85.47765957446808,17.44,1,0
Male,No,Yes,Yes,19,No,No phone service,DSL,Yes,Yes,No,No,No,No,Month-to-month,Yes,Mailed check,34.95,610.2,0,Established(1-2yr),2,1,32.11578947368421,11.65,1,0
Male,No,Yes,No,52,Yes,Yes,DSL,No,Yes,No,Yes,No,No,Month-to-month,No,Bank transfer (automatic),61.35,3169.55,0,VIP(4yr+),4,1,60.95288461538462,12.27,1,0
Male,No,No,No,10,Yes,No,DSL,No,No,No,No,No,No,Month-to-month,No,Mailed check,46.0,492.1,0,New(0-12mo),1,1,49.21,23.0,1,0
Female,No,No,Yes,4,Yes,Yes,Fiber optic,No,Yes,No,No,Yes,No,Month-to-month,No,Mailed check,89.6,365.65,1,New(0-12mo),4,1,91.4125,17.919999999999998,1,0
Male,No,No,Yes,17,Yes,No,DSL,No,No,No,No,No,No,One year,No,Mailed check,44.6,681.4,0,Established(1-2yr),1,1,40.08235294117647,22.3,0,1
Female,Yes,Yes,No,44,Yes,No,Fiber optic,Yes,Yes,No,Yes,No,No,Month-to-month,Yes,Electronic check,85.15,3670.5,0,Loyal(2-4yr),4,1,83.42045454545455,17.03,1,0
Male,No,No,No,40,No,No phone service,DSL,Yes,Yes,Yes,No,Yes,Yes,One year,No,Credit card (automatic),62.05,2511.55,0,Loyal(2-4yr),5,1,62.78875000000001,10.341666666666667,0,1
Female,No,No,No,6,Yes,No,Fiber optic,No,No,No,No,No,No,Month-to-month,No,Credit card (automatic),70.55,433.95,0,New(0-12mo),1,1,72.325,35.275,1,0
Male,No,No,No,12,Yes,Yes,Fiber optic,No,No,No,No,Yes,Yes,Month-to-month,Yes,Electronic check,96.05,1148.1,1,New(0-12mo),4,1,95.675,19.21,1,0
Male,No,No,No,2,Yes,Yes,Fiber optic,No,No,No,No,No,Yes,Month-to-month,Yes,Electronic check,86.0,165.45,1,New(0-12mo),3,1,82.725,21.5,1,0
Male,No,No,No,10,Yes,No,Fiber optic,Yes,No,Yes,No,Yes,Yes,One year,Yes,Electronic check,98.9,1064.95,0,New(0-12mo),5,1,106.495,16.483333333333334,0,1
Male,No,No,No,3,No,No phone service,DSL,No,Yes,No,No,No,No,Month-to-month,Yes,Electronic check,29.6,79.45,1,New(0-12mo),1,1,26.483333333333334,14.8,1,0
Male,No,No,No,4,Yes,No,DSL,No,No,No,No,No,Yes,Month-to-month,Yes,Electronic check,55.9,238.5,0,New(0-12mo),2,1,59.625,18.633333333333333,1,0
Male,No,No,No,51,Yes,Yes,DSL,Yes,No,No,Yes,No,No,One year,No,Credit card (automatic),59.9,3043.6,0,VIP(4yr+),4,1,59.67843137254902,11.98,0,1
Male,No,No,No,5,Yes,Yes,Fiber optic,No,No,Yes,No,Yes,No,Month-to-month,Yes,Electronic check,92.5,452.7,1,New(0-12mo),4,1,90.53999999999999,18.5,1,0
Female,No,Yes,No,42,Yes,No,Fiber optic,No,No,Yes,Yes,Yes,Yes,Two year,Yes,Credit card (automatic),99.0,4135.0,0,Loyal(2-4yr),5,1,98.45238095238095,16.5,0,2
Female,No,No,No,1,Yes,No,DSL,No,No,No,No,No,No,Month-to-month,No,Mailed check,45.3,45.3,0,New(0-12mo),1,1,45.3,22.65,1,0
Male,No,No,No,45,Yes,Yes,Fiber optic,Yes,No,Yes,Yes,Yes,Yes,Month-to-month,Yes,Credit card (automatic),108.45,4964.7,0,Loyal(2-4yr),7,1,110.32666666666667,13.55625,1,0
Female,No,Yes,Yes,34,No,No phone service,DSL,Yes,No,Yes,Yes,Yes,Yes,One year,No,Mailed check,61.25,1993.2,0,Loyal(2-4yr),5,1,58.62352941176471,10.208333333333334,0,1
Male,Yes,Yes,No,43,Yes,Yes,Fiber optic,No,Yes,Yes,No,Yes,Yes,Month-to-month,Yes,Electronic check,103.0,4414.3,1,Loyal(2-4yr),6,1,102.65813953488373,14.714285714285714,1,0
Female,No,No,Yes,35,Yes,Yes,DSL,No,No,No,No,No,No,Month-to-month,No,Mailed check,50.15,1655.35,0,Loyal(2-4yr),2,1,47.29571428571428,16.716666666666665,1,0
Male,No,No,No,1,Yes,No,No,No internet service,No internet service,No internet service,No internet service,No internet service,No internet service,Month-to-month,No,Credit card (automatic),20.75,20.75,0,New(0-12mo),1,0,20.75,10.375,1,0
Female,No,No,No,10,Yes,No,No,No internet service,No internet service,No internet service,No internet service,No internet service,No internet service,Month-to-month,Yes,Electronic check,21.2,222.65,0,New(0-12mo),1,0,22.265,10.6,1,0
Female,No,No,No,52,Yes,Yes,DSL,No,No,Yes,Yes,Yes,Yes,Two year,Yes,Bank transfer (automatic),80.95,4233.95,0,VIP(4yr+),6,1,81.42211538461538,11.564285714285715,0,2
Female,No,Yes,No,56,Yes,No,Fiber optic,Yes,Yes,Yes,No,Yes,Yes,One year,Yes,Credit card (automatic),105.6,6068.65,0,VIP(4yr+),6,1,108.36874999999999,15.085714285714285,0,1
Male,Yes,No,No,22,Yes,Yes,Fiber optic,No,No,No,Yes,Yes,No,Month-to-month,Yes,Bank transfer (automatic),90.5,1910.6,1,Established(1-2yr),4,1,86.84545454545454,18.1,1,0
Female,No,Yes,Yes,10,Yes,Yes,Fiber optic,Yes,No,No,No,Yes,Yes,Month-to-month,Yes,Electronic check,100.25,1064.65,1,New(0-12mo),5,1,106.465,16.708333333333332,1,0
Female,No,No,No,25,No,No phone service,DSL,No,No,Yes,No,Yes,Yes,Month-to-month,Yes,Electronic check,48.25,1293.8,0,Loyal(2-4yr),3,1,51.751999999999995,12.0625,1,0
Male,No,Yes,Yes,13,Yes,Yes,Fiber optic,No,No,No,No,No,No,Month-to-month,Yes,Credit card (automatic),74.4,896.75,1,Established(1-2yr),2,1,68.98076923076923,24.8,1,0
Male,No,Yes,Yes,71,Yes,Yes,Fiber optic,Yes,No,No,No,Yes,Yes,Two year,Yes,Electronic check,97.2,6910.3,0,VIP(4yr+),5,1,97.32816901408451,16.2,0,2
Female,Yes,No,No,71,Yes,Yes,DSL,Yes,Yes,Yes,Yes,Yes,Yes,Two year,No,Mailed check,89.85,6293.45,0,VIP(4yr+),8,1,88.64014084507042,9.983333333333333,0,2
Male,No,Yes,Yes,29,Yes,No,Fiber optic,Yes,No,No,No,Yes,Yes,Month-to-month,No,Credit card (automatic),94.65,2649.15,1,Loyal(2-4yr),4,1,91.35000000000001,18.93,1,0
Female,No,Yes,Yes,33,Yes,No,Fiber optic,No,No,Yes,No,Yes,Yes,One year,Yes,Electronic check,93.8,3124.5,1,Loyal(2-4yr),4,1,94.68181818181819,18.759999999999998,0,1
Female,No,No,No,61,Yes,No,No,No internet service,No internet service,No internet service,No internet service,No internet service,No internet service,One year,No,Bank transfer (automatic),19.45,1336.35,0,VIP(4yr+),1,0,21.907377049180326,9.725,0,1
Male,Yes,Yes,No,32,Yes,No,Fiber optic,No,No,No,No,No,Yes,Month-to-month,Yes,Credit card (automatic),80.3,2483.05,1,Loyal(2-4yr),2,1,77.5953125,26.766666666666666,1,0
Male,Yes,Yes,No,23,Yes,No,Fiber optic,Yes,Yes,No,No,No,Yes,Month-to-month,Yes,Electronic check,90.0,2024.1,0,Established(1-2yr),4,1,88.00434782608696,18.0,1,0
Male,No,Yes,Yes,47,Yes,Yes,Fiber optic,No,Yes,No,No,Yes,Yes,Month-to-month,Yes,Electronic check,99.35,4749.15,1,Loyal(2-4yr),5,1,101.04574468085106,16.558333333333334,1,0
Male,No,No,No,4,Yes,Yes,DSL,No,No,No,No,No,No,Month-to-month,No,Credit card (automatic),51.75,201.1,1,New(0-12mo),2,1,50.275,17.25,1,0
Male,No,Yes,No,40,Yes,Yes,Fiber optic,No,No,No,No,Yes,Yes,Month-to-month,Yes,Bank transfer (automatic),97.1,3706.95,1,Loyal(2-4yr),4,1,92.67375,19.419999999999998,1,0
Male,No,No,No,52,Yes,No,Fiber optic,No,Yes,No,No,No,Yes,Month-to-month,Yes,Electronic check,85.35,4338.6,1,VIP(4yr+),3,1,83.4346153846154,21.3375,1,0
Female,No,Yes,No,34,Yes,Yes,DSL,Yes,Yes,No,Yes,No,No,Month-to-month,No,Electronic check,62.65,2274.9,1,Loyal(2-4yr),5,1,66.90882352941176,10.441666666666666,1,0
Female,No,Yes,Yes,71,Yes,Yes,Fiber optic,No,Yes,Yes,No,No,Yes,Two year,Yes,Credit card (automatic),95.75,6849.4,0,VIP(4yr+),5,1,96.47042253521126,15.958333333333334,0,2
Female,No,No,Yes,25,Yes,No,No,No internet service,No internet service,No internet service,No internet service,No internet service,No internet service,Month-to-month,No,Credit card (automatic),20.05,471.7,0,Loyal(2-4yr),1,0,18.868,10.025,1,0
Male,No,No,No,2,Yes,No,No,No internet service,No internet service,No internet service,No internet service,No internet service,No internet service,Month-to-month,No,Mailed check,20.35,33.2,1,New(0-12mo),1,0,16.6,10.175,1,0
Male,No,No,No,24,Yes,No,DSL,No,No,Yes,No,No,No,Month-to-month,Yes,Mailed check,49.7,1167.8,0,Established(1-2yr),2,1,48.65833333333333,16.566666666666666,1,0
Female,No,No,No,44,Yes,Yes,Fiber optic,No,Yes,Yes,No,No,No,Month-to-month,Yes,Bank transfer (automatic),84.8,3862.55,1,Loyal(2-4yr),4,1,87.78522727272728,16.96,1,0
Male,Yes,No,No,67,Yes,Yes,Fiber optic,No,No,No,No,No,No,Month-to-month,Yes,Mailed check,75.7,5060.85,0,VIP(4yr+),2,1,75.53507462686568,25.233333333333334,1,0
Male,No,Yes,No,38,Yes,Yes,Fiber optic,Yes,No,Yes,Yes,Yes,Yes,One year,Yes,Electronic check,110.7,4428.6,0,Loyal(2-4yr),7,1,116.54210526315791,13.8375,0,1
Male,No,No,No,17,Yes,No,Fiber optic,Yes,No,No,No,Yes,Yes,Month-to-month,No,Electronic check,93.85,1625.65,1,Established(1-2yr),4,1,95.62647058823529,18.77,1,0
Female,Yes,No,No,9,Yes,No,Fiber optic,No,No,Yes,No,No,No,Month-to-month,No,Credit card (automatic),75.5,637.4,0,New(0-12mo),2,1,70.82222222222222,25.166666666666668,1,0
Female,No,No,No,59,Yes,No,Fiber optic,No,No,Yes,No,Yes,Yes,Two year,No,Electronic check,95.8,5655.45,0,VIP(4yr+),4,1,95.85508474576271,19.16,0,2
Female,Yes,Yes,No,1,No,No phone service,DSL,No,No,No,No,No,No,Month-to-month,Yes,Electronic check,24.8,24.8,1,New(0-12mo),0,1,24.8,24.8,1,0
Male,No,No,No,1,Yes,No,No,No internet service,No internet service,No internet service,No internet service,No internet service,No internet service,Month-to-month,Yes,Mailed check,20.2,20.2,1,New(0-12mo),1,0,20.2,10.1,1,0
Male,No,Yes,No,67,Yes,No,Fiber optic,Yes,Yes,No,No,Yes,Yes,One year,Yes,Credit card (automatic),100.9,6733.15,0,VIP(4yr+),5,1,100.49477611940299,16.816666666666666,0,1
Male,No,No,Yes,40,No,No phone service,DSL,Yes,Yes,No,Yes,No,No,One year,No,Mailed check,40.25,1564.05,0,Loyal(2-4yr),3,1,39.10125,10.0625,0,1
Male,No,Yes,No,65,Yes,Yes,DSL,Yes,Yes,Yes,No,No,No,One year,No,Credit card (automatic),67.05,4309.55,0,VIP(4yr+),5,1,66.30076923076923,11.174999999999999,0,1
Male,No,No,No,1,Yes,No,Fiber optic,No,No,No,No,Yes,Yes,Month-to-month,Yes,Electronic check,89.1,89.1,1,New(0-12mo),3,1,89.1,22.275,1,0
Male,No,No,No,10,Yes,No,No,No internet service,No internet service,No internet service,No internet service,No internet service,No internet service,One year,No,Mailed check,20.35,176.3,0,New(0-12mo),1,0,17.630000000000003,10.175,0,1
Male,No,No,No,14,Yes,No,No,No internet service,No internet service,No internet service,No internet service,No internet service,No internet service,One year,No,Bank transfer (automatic),20.4,275.7,0,Established(1-2yr),1,0,19.692857142857143,10.2,0,1
Male,No,Yes,No,45,Yes,No,DSL,Yes,No,Yes,No,No,No,Two year,No,Credit card (automatic),53.3,2296.25,0,Loyal(2-4yr),3,1,51.02777777777778,13.325,0,2
Male,Yes,Yes,No,70,Yes,Yes,Fiber optic,No,Yes,Yes,No,Yes,Yes,Month-to-month,Yes,Electronic check,102.95,7101.5,1,VIP(4yr+),6,1,101.45,14.707142857142857,1,0
Female,No,No,No,1,Yes,No,No,No internet service,No internet service,No internet service,No internet service,No internet service,No internet service,Month-to-month,Yes,Mailed check,19.1,19.1,1,New(0-12mo),1,0,19.1,9.55,1,0
Male,No,No,No,8,Yes,No,Fiber optic,No,No,No,No,No,No,Month-to-month,No,Bank transfer (automatic),70.7,553.4,0,New(0-12mo),1,1,69.175,35.35,1,0
Female,No,Yes,No,63,Yes,Yes,Fiber optic,No,Yes,Yes,Yes,Yes,Yes,Two year,Yes,Bank transfer (automatic),109.25,6841.4,0,VIP(4yr+),7,1,108.59365079365078,13.65625,0,2
Male,No,No,Yes,29,Yes,Yes,Fiber optic,No,Yes,Yes,Yes,No,Yes,One year,No,Credit card (automatic),100.55,2830.45,0,Loyal(2-4yr),6,1,97.60172413793103,14.364285714285714,0,1
Male,Yes,No,No,67,Yes,Yes,No,No internet service,No internet service,No internet service,No internet service,No internet service,No internet service,Two year,No,Credit card (automatic),25.1,1672.15,0,VIP(4yr+),2,0,24.957462686567165,8.366666666666667,0,2
Female,No,Yes,Yes,25,Yes,No,No,No internet service,No internet service,No internet service,No internet service,No internet service,No internet service,Two year,No,Mailed check,20.1,486.05,0,Loyal(2-4yr),1,0,19.442,10.05,0,2
Male,No,Yes,Yes,4,Yes,No,DSL,No,No,No,No,No,No,Month-to-month,No,Electronic check,44.8,169.65,0,New(0-12mo),1,1,42.4125,22.4,1,0
Male,No,No,No,14,No,No phone service,DSL,No,Yes,No,No,No,No,Month-to-month,Yes,Mailed check,31.1,419.7,0,Established(1-2yr),1,1,29.978571428571428,15.55,1,0
Female,No,No,No,14,Yes,No,Fiber optic,No,No,No,No,No,No,Month-to-month,Yes,Credit card (automatic),71.0,914.0,1,Established(1-2yr),1,1,65.28571428571429,35.5,1,0
Female,Yes,Yes,No,29,Yes,Yes,Fiber optic,No,No,Yes,No,Yes,Yes,Month-to-month,Yes,Bank transfer (automatic),99.05,2952.85,1,Loyal(2-4yr),5,1,101.82241379310345,16.508333333333333,1,0
Male,Yes,Yes,No,13,Yes,No,Fiber optic,No,Yes,No,Yes,No,Yes,Month-to-month,Yes,Bank transfer (automatic),89.05,1169.35,1,Established(1-2yr),4,1,89.94999999999999,17.81,1,0
Female,No,Yes,No,8,Yes,No,DSL,Yes,No,No,Yes,No,Yes,Two year,No,Mailed check,65.5,564.35,0,New(0-12mo),4,1,70.54375,13.1,0,2
Female,No,Yes,No,72,Yes,Yes,Fiber optic,No,Yes,Yes,Yes,Yes,Yes,One year,No,Credit card (automatic),109.15,7789.6,0,VIP(4yr+),7,1,108.1888888888889,13.64375,0,1
Female,No,Yes,Yes,72,Yes,Yes,Fiber optic,Yes,Yes,No,Yes,Yes,No,Two year,No,Bank transfer (automatic),99.9,7251.7,0,VIP(4yr+),6,1,100.71805555555555,14.271428571428572,0,2
Female,No,Yes,Yes,7,Yes,No,No,No internet service,No internet service,No internet service,No internet service,No internet service,No internet service,One year,No,Mailed check,20.65,134.05,0,New(0-12mo),1,0,19.150000000000002,10.325,0,1
Male,Yes,Yes,No,43,Yes,Yes,Fiber optic,No,Yes,No,No,Yes,Yes,Month-to-month,Yes,Electronic check,101.0,4388.4,1,Loyal(2-4yr),5,1,102.05581395348837,16.833333333333332,1,0
Female,No,Yes,No,53,Yes,Yes,Fiber optic,No,Yes,Yes,Yes,Yes,Yes,One year,Yes,Bank transfer (automatic),111.8,5809.75,0,VIP(4yr+),7,1,109.61792452830188,13.975,0,1
Male,No,Yes,Yes,71,Yes,No,Fiber optic,Yes,Yes,Yes,Yes,Yes,Yes,Two year,No,Credit card (automatic),109.3,7782.85,0,VIP(4yr+),7,1,109.61760563380282,13.6625,0,2
Male,No,Yes,Yes,24,Yes,No,DSL,Yes,No,Yes,No,No,No,One year,Yes,Credit card (automatic),56.25,1454.25,0,Established(1-2yr),3,1,60.59375,14.0625,0,1
Male,No,No,No,35,Yes,Yes,Fiber optic,No,No,No,No,No,No,Month-to-month,No,Credit card (automatic),75.35,2636.05,1,Loyal(2-4yr),2,1,75.3157142857143,25.116666666666664,1,0
Male,No,No,No,5,Yes,No,DSL,Yes,No,No,Yes,No,No,Month-to-month,Yes,Mailed check,55.75,266.95,0,New(0-12mo),3,1,53.39,13.9375,1,0
Male,No,Yes,Yes,61,Yes,Yes,DSL,No,No,Yes,Yes,Yes,Yes,Two year,Yes,Bank transfer (automatic),81.0,4976.15,0,VIP(4yr+),6,1,81.57622950819672,11.571428571428571,0,2
Female,No,No,No,8,Yes,No,DSL,Yes,No,No,No,Yes,No,Month-to-month,Yes,Electronic check,60.0,487.75,0,New(0-12mo),3,1,60.96875,15.0,1,0
Male,No,Yes,No,14,Yes,No,DSL,No,No,No,No,No,No,One year,No,Electronic check,44.6,641.25,0,Established(1-2yr),1,1,45.80357142857143,22.3,0,1
Male,No,No,No,1,Yes,No,DSL,Yes,No,No,No,No,No,Month-to-month,Yes,Mailed check,48.55,48.55,1,New(0-12mo),2,1,48.55,16.183333333333334,1,0
Female,No,Yes,No,55,Yes,Yes,Fiber optic,No,Yes,Yes,No,Yes,No,Month-to-month,Yes,Credit card (automatic),94.45,5073.1,0,VIP(4yr+),5,1,92.23818181818183,15.741666666666667,1,0
Female,No,No,No,8,Yes,No,No,No internet service,No internet service,No internet service,No internet service,No internet service,No internet service,Month-to-month,No,Mailed check,19.2,156.85,0,New(0-12mo),1,0,19.60625,9.6,1,0
Female,No,Yes,Yes,72,Yes,Yes,Fiber optic,No,Yes,Yes,Yes,No,Yes,Two year,Yes,Bank transfer (automatic),98.65,7129.45,0,VIP(4yr+),6,1,99.02013888888888,14.092857142857143,0,2
Female,No,Yes,No,66,Yes,Yes,Fiber optic,No,Yes,Yes,Yes,No,No,One year,Yes,Bank transfer (automatic),90.55,6130.95,0,VIP(4yr+),5,1,92.89318181818182,15.091666666666667,0,1
Female,No,Yes,No,4,No,No phone service,DSL,Yes,No,No,No,No,No,Month-to-month,Yes,Electronic check,29.05,129.6,0,New(0-12mo),1,1,32.4,14.525,1,0
Female,No,Yes,No,52,No,No phone service,DSL,Yes,Yes,Yes,Yes,Yes,Yes,Two year,No,Credit card (automatic),66.25,3330.1,0,VIP(4yr+),6,1,64.04038461538461,9.464285714285714,0,2
Female,No,No,No,3,Yes,Yes,DSL,No,No,No,Yes,Yes,No,Month-to-month,No,Electronic check,64.6,174.2,0,New(0-12mo),4,1,58.06666666666666,12.919999999999998,1,0
Male,No,Yes,No,51,Yes,Yes,Fiber optic,No,Yes,No,No,No,Yes,One year,Yes,Credit card (automatic),90.35,4614.55,0,VIP(4yr+),4,1,90.48137254901961,18.07,0,1
Female,No,No,No,42,Yes,Yes,DSL,Yes,Yes,No,No,No,No,One year,Yes,Bank transfer (automatic),60.15,2421.6,0,Loyal(2-4yr),4,1,57.65714285714286,12.03,0,1
Female,No,Yes,Yes,72,Yes,Yes,No,No internet service,No internet service,No internet service,No internet service,No internet service,No internet service,Two year,Yes,Bank transfer (automatic),26.25,1988.05,0,VIP(4yr+),2,0,27.611805555555556,8.75,0,2
Female,No,No,No,70,Yes,Yes,Fiber optic,Yes,Yes,Yes,Yes,Yes,Yes,One year,No,Credit card (automatic),115.55,8127.6,1,VIP(4yr+),8,1,116.10857142857144,12.838888888888889,0,1
Female,No,No,No,1,Yes,No,No,No internet service,No internet service,No internet service,No internet service,No internet service,No internet service,Month-to-month,No,Bank transfer (automatic),19.9,19.9,0,New(0-12mo),1,0,19.9,9.95,1,0
Male,No,Yes,No,67,Yes,No,DSL,Yes,Yes,No,Yes,No,Yes,Two year,Yes,Credit card (automatic),69.2,4671.65,0,VIP(4yr+),5,1,69.72611940298506,11.533333333333333,0,2
Male,No,Yes,Yes,72,Yes,Yes,Fiber optic,Yes,Yes,Yes,No,Yes,Yes,Two year,Yes,Credit card (automatic),108.4,7767.25,0,VIP(4yr+),7,1,107.87847222222223,13.55,0,2
Male,No,Yes,Yes,34,Yes,Yes,Fiber optic,No,No,Yes,No,No,Yes,Month-to-month,Yes,Credit card (automatic),90.05,3097.0,0,Loyal(2-4yr),4,1,91.08823529411765,18.009999999999998,1,0
Male,No,Yes,No,58,Yes,Yes,Fiber optic,No,No,Yes,No,Yes,Yes,One year,No,Credit card (automatic),100.35,5681.1,0,VIP(4yr+),5,1,97.95,16.724999999999998,0,1
Male,No,No,No,16,Yes,No,No,No internet service,No internet service,No internet service,No internet service,No internet service,No internet service,Month-to-month,No,Bank transfer (automatic),20.25,327.45,1,Established(1-2yr),1,0,20.465625,10.125,1,0
Female,No,No,No,7,Yes,No,Fiber optic,No,No,Yes,Yes,Yes,Yes,Month-to-month,Yes,Electronic check,100.4,715.0,0,New(0-12mo),5,1,102.14285714285714,16.733333333333334,1,0
Female,No,No,No,1,Yes,No,DSL,No,No,No,No,No,No,Month-to-month,Yes,Mailed check,45.4,45.4,1,New(0-12mo),1,1,45.4,22.7,1,0
Male,No,Yes,No,1,Yes,No,Fiber optic,Yes,No,No,No,Yes,Yes,Month-to-month,Yes,Electronic check,95.0,95.0,1,New(0-12mo),4,1,95.0,19.0,1,0
Female,No,Yes,Yes,20,Yes,No,No,No internet service,No internet service,No internet service,No internet service,No internet service,No internet service,Month-to-month,No,Electronic check,20.0,417.65,0,Established(1-2yr),1,0,20.8825,10.0,1,0
Male,No,Yes,Yes,62,Yes,Yes,Fiber optic,Yes,Yes,Yes,Yes,Yes,Yes,Two year,No,Bank transfer (automatic),115.55,7159.05,0,VIP(4yr+),8,1,115.46854838709677,12.838888888888889,0,2
Female,No,Yes,No,70,No,No phone service,DSL,Yes,No,Yes,Yes,No,Yes,Two year,Yes,Bank transfer (automatic),49.85,3370.2,0,VIP(4yr+),4,1,48.145714285714284,9.97,0,2
Male,No,Yes,No,69,Yes,Yes,Fiber optic,No,Yes,No,Yes,Yes,No,Two year,Yes,Mailed check,92.45,6460.55,0,VIP(4yr+),5,1,93.63115942028986,15.408333333333333,0,2
Male,No,Yes,No,44,Yes,No,DSL,Yes,Yes,No,Yes,No,No,One year,Yes,Bank transfer (automatic),59.85,2603.95,0,Loyal(2-4yr),4,1,59.18068181818182,11.97,0,1
Male,No,No,No,3,Yes,No,No,No internet service,No internet service,No internet service,No internet service,No internet service,No internet service,Month-to-month,Yes,Mailed check,19.8,58.15,1,New(0-12mo),1,0,19.383333333333333,9.9,1,0
Male,No,Yes,No,59,Yes,Yes,DSL,Yes,No,No,Yes,No,Yes,One year,Yes,Mailed check,69.1,4096.9,0,VIP(4yr+),5,1,69.43898305084745,11.516666666666666,0,1
Female,No,Yes,No,24,Yes,Yes,Fiber optic,No,No,No,No,No,No,Month-to-month,Yes,Credit card (automatic),75.4,1747.85,1,Established(1-2yr),2,1,72.82708333333333,25.133333333333336,1,0
Female,Yes,Yes,No,57,Yes,Yes,Fiber optic,No,Yes,Yes,No,No,Yes,Month-to-month,No,Credit card (automatic),94.0,5438.95,0,VIP(4yr+),5,1,95.42017543859649,15.666666666666666,1,0
Male,Yes,Yes,No,34,Yes,No,Fiber optic,Yes,No,No,Yes,Yes,No,One year,No,Mailed check,90.15,3128.8,0,Loyal(2-4yr),4,1,92.02352941176471,18.03,0,1
Female,No,Yes,Yes,0,Yes,Yes,DSL,No,Yes,Yes,Yes,Yes,No,Two year,No,Mailed check,73.35,0.0,0,New(0-12mo),6,1,0.0,10.478571428571428,0,2
Female,No,Yes,Yes,24,Yes,Yes,No,No internet service,No internet service,No internet service,No internet service,No internet service,No internet service,Two year,No,Mailed check,24.7,571.75,0,Established(1-2yr),2,0,23.822916666666668,8.233333333333333,0,2
Male,Yes,Yes,No,70,Yes,Yes,Fiber optic,No,Yes,Yes,No,Yes,Yes,One year,Yes,Electronic check,104.8,7308.95,0,VIP(4yr+),6,1,104.41357142857143,14.971428571428572,0,1
Female,No,No,No,2,Yes,No,Fiber optic,Yes,Yes,No,Yes,No,No,Month-to-month,Yes,Electronic check,86.25,181.65,1,New(0-12mo),4,1,90.825,17.25,1,0
Female,No,Yes,Yes,61,Yes,Yes,DSL,Yes,Yes,No,No,No,No,Month-to-month,No,Electronic check,59.8,3641.5,0,VIP(4yr+),4,1,59.69672131147541,11.959999999999999,1,0
Female,Yes,No,No,26,Yes,No,Fiber optic,No,No,No,No,No,Yes,Month-to-month,Yes,Electronic check,78.8,2006.1,0,Loyal(2-4yr),2,1,77.1576923076923,26.266666666666666,1,0
Male,No,No,No,27,Yes,No,DSL,Yes,Yes,No,No,No,No,One year,No,Bank transfer (automatic),55.45,1477.65,0,Loyal(2-4yr),3,1,54.72777777777778,13.8625,0,1
Female,No,Yes,No,72,Yes,Yes,Fiber optic,No,Yes,Yes,Yes,Yes,Yes,One year,Yes,Electronic check,109.25,8109.8,1,VIP(4yr+),7,1,112.63611111111112,13.65625,0,1
Female,No,Yes,Yes,23,Yes,No,DSL,Yes,Yes,No,Yes,No,No,One year,Yes,Mailed check,57.75,1282.85,0,Established(1-2yr),4,1,55.77608695652174,11.55,0,1
Male,No,Yes,No,49,Yes,Yes,Fiber optic,Yes,Yes,No,No,Yes,No,Month-to-month,Yes,Bank transfer (automatic),93.85,4733.1,0,VIP(4yr+),5,1,96.59387755102041,15.641666666666666,1,0
Male,No,No,No,7,Yes,No,Fiber optic,No,No,Yes,No,No,No,Month-to-month,Yes,Electronic check,74.9,490.55,0,New(0-12mo),2,1,70.07857142857144,24.96666666666667,1,0
Female,No,Yes,Yes,10,Yes,No,Fiber optic,No,No,No,No,Yes,Yes,Month-to-month,Yes,Electronic check,88.85,929.45,0,New(0-12mo),3,1,92.94500000000001,22.2125,1,0
Female,No,Yes,Yes,71,Yes,No,Fiber optic,No,No,Yes,No,No,No,Two year,No,Electronic check,76.05,5436.45,0,VIP(4yr+),2,1,76.56971830985916,25.349999999999998,0,2
Male,No,No,No,1,Yes,No,No,No internet service,No internet service,No internet service,No internet service,No internet service,No internet service,Month-to-month,No,Mailed check,19.75,19.75,1,New(0-12mo),1,0,19.75,9.875,1,0
Female,No,No,No,15,Yes,No,DSL,No,No,No,No,Yes,No,One year,No,Mailed check,56.15,931.9,0,Established(1-2yr),2,1,62.126666666666665,18.716666666666665,0,1
Female,Yes,Yes,No,34,Yes,No,DSL,No,No,Yes,Yes,Yes,No,One year,No,Bank transfer (automatic),64.2,2106.3,0,Loyal(2-4yr),4,1,61.95,12.84,0,1
Female,No,Yes,Yes,49,Yes,Yes,Fiber optic,No,Yes,No,No,Yes,Yes,Month-to-month,Yes,Electronic check,98.35,4889.2,0,VIP(4yr+),5,1,99.7795918367347,16.391666666666666,1,0
Male,Yes,Yes,Yes,52,Yes,Yes,DSL,No,Yes,Yes,No,Yes,Yes,One year,Yes,Electronic check,80.85,4079.55,0,VIP(4yr+),6,1,78.45288461538462,11.549999999999999,0,1
Male,No,No,Yes,1,Yes,No,No,No internet service,No internet service,No internet service,No internet service,No internet service,No internet service,Month-to-month,No,Mailed check,20.05,20.05,0,New(0-12mo),1,0,20.05,10.025,1,0
Female,No,Yes,Yes,13,Yes,No,No,No internet service,No internet service,No internet service,No internet service,No internet service,No internet service,Month-to-month,Yes,Mailed check,20.45,254.5,0,Established(1-2yr),1,0,19.576923076923077,10.225,1,0
Male,No,No,No,45,Yes,Yes,Fiber optic,No,No,Yes,Yes,Yes,Yes,Month-to-month,Yes,Bank transfer (automatic),103.65,4747.85,0,Loyal(2-4yr),6,1,105.50777777777779,14.807142857142859,1,0
Male,No,No,No,1,Yes,No,DSL,No,No,No,No,No,No,Month-to-month,No,Mailed check,44.45,44.45,0,New(0-12mo),1,1,44.45,22.225,1,0
Female,No,No,No,1,Yes,No,DSL,Yes,No,No,No,No,No,Month-to-month,No,Electronic check,50.15,50.15,0,New(0-12mo),2,1,50.15,16.716666666666665,1,0
Female,Yes,No,No,2,Yes,No,Fiber optic,No,No,No,No,No,No,Month-to-month,Yes,Bank transfer (automatic),70.2,115.95,1,New(0-12mo),1,1,57.975,35.1,1,0
Female,No,No,No,25,No,No phone service,DSL,Yes,Yes,Yes,No,Yes,Yes,One year,No,Electronic check,61.05,1540.2,0,Loyal(2-4yr),5,1,61.608000000000004,10.174999999999999,0,1
Male,No,Yes,Yes,25,Yes,Yes,No,No internet service,No internet service,No internet service,No internet service,No internet service,No internet service,Two year,No,Credit card (automatic),25.5,630.6,0,Loyal(2-4yr),2,0,25.224,8.5,0,2
Male,No,Yes,Yes,33,Yes,No,No,No internet service,No internet service,No internet service,No internet service,No internet service,No internet service,One year,Yes,Bank transfer (automatic),19.45,600.25,0,Loyal(2-4yr),1,0,18.189393939393938,9.725,0,1
Male,No,No,No,3,Yes,No,DSL,No,No,No,No,Yes,No,Month-to-month,No,Credit card (automatic),53.4,188.7,1,New(0-12mo),2,1,62.9,17.8,1,0
Female,Yes,No,No,5,Yes,No,Fiber optic,No,No,Yes,No,No,No,Month-to-month,Yes,Credit card (automatic),75.55,349.65,1,New(0-12mo),2,1,69.92999999999999,25.183333333333334,1,0
Female,No,No,No,30,Yes,Yes,DSL,No,Yes,Yes,No,Yes,No,One year,Yes,Credit card (automatic),68.95,2038.7,0,Loyal(2-4yr),5,1,67.95666666666666,11.491666666666667,0,1
Male,No,Yes,No,63,Yes,No,DSL,Yes,Yes,No,Yes,Yes,No,One year,No,Credit card (automatic),70.8,4448.8,0,VIP(4yr+),5,1,70.61587301587302,11.799999999999999,0,1
Female,No,No,No,1,No,No phone service,DSL,No,No,No,No,No,No,Month-to-month,No,Bank transfer (automatic),25.25,25.25,0,New(0-12mo),0,1,25.25,25.25,1,0
Female,No,Yes,No,25,Yes,No,Fiber optic,No,No,No,Yes,Yes,Yes,Month-to-month,Yes,Electronic check,95.15,2395.7,0,Loyal(2-4yr),4,1,95.82799999999999,19.03,1,0
Male,No,No,Yes,66,Yes,No,No,No internet service,No internet service,No internet service,No internet service,No internet service,No internet service,Two year,No,Credit card (automatic),19.95,1269.1,0,VIP(4yr+),1,0,19.228787878787877,9.975,0,2
Female,No,Yes,Yes,30,No,No phone service,DSL,No,No,No,Yes,Yes,Yes,Month-to-month,No,Credit card (automatic),51.2,1561.5,1,Loyal(2-4yr),3,1,52.05,12.8,1,0
Male,No,Yes,No,10,Yes,No,Fiber optic,No,No,No,No,Yes,No,Month-to-month,Yes,Electronic check,79.95,857.2,1,New(0-12mo),2,1,85.72,26.650000000000002,1,0
Female,No,Yes,Yes,0,No,No phone service,DSL,Yes,No,Yes,Yes,Yes,No,Two year,Yes,Bank transfer (automatic),52.55,0.0,0,New(0-12mo),4,1,0.0,10.51,0,2
Male,No,Yes,No,11,Yes,Yes,Fiber optic,No,No,No,No,No,No,Month-to-month,Yes,Electronic check,74.95,825.7,1,New(0-12mo),2,1,75.06363636363636,24.983333333333334,1,0
Male,No,No,No,1,Yes,No,DSL,Yes,No,No,No,No,No,Month-to-month,Yes,Mailed check,50.75,50.75,0,New(0-12mo),2,1,50.75,16.916666666666668,1,0
Female,Yes,No,No,5,Yes,No,DSL,Yes,Yes,No,Yes,No,No,Month-to-month,No,Credit card (automatic),59.9,287.85,0,New(0-12mo),4,1,57.57000000000001,11.98,1,0
Male,No,Yes,Yes,1,Yes,No,Fiber optic,No,No,No,No,No,No,Month-to-month,Yes,Electronic check,70.0,70.0,1,New(0-12mo),1,1,70.0,35.0,1,0
Female,No,Yes,No,14,Yes,No,Fiber optic,No,No,No,No,No,Yes,Month-to-month,Yes,Electronic check,78.1,1122.4,0,Established(1-2yr),2,1,80.17142857142858,26.03333333333333,1,0
Male,No,Yes,No,72,Yes,Yes,Fiber optic,Yes,No,Yes,Yes,Yes,Yes,Two year,Yes,Credit card (automatic),110.9,8240.85,0,VIP(4yr+),7,1,114.45625000000001,13.8625,0,2
Female,No,No,No,37,Yes,No,DSL,No,No,No,No,Yes,Yes,Month-to-month,Yes,Electronic check,64.75,2345.2,1,Loyal(2-4yr),3,1,63.38378378378378,16.1875,1,0
Female,No,No,Yes,65,No,No phone service,DSL,No,Yes,No,Yes,Yes,No,Two year,No,Mailed check,45.25,2933.95,0,VIP(4yr+),3,1,45.137692307692305,11.3125,0,2
Male,No,No,Yes,55,Yes,No,No,No internet service,No internet service,No internet service,No internet service,No internet service,No internet service,One year,No,Bank transfer (automatic),19.1,1001.5,0,VIP(4yr+),1,0,18.20909090909091,9.55,0,1
Male,No,No,No,35,Yes,No,No,No internet service,No internet service,No internet service,No internet service,No internet service,No internet service,Two year,Yes,Mailed check,20.2,684.4,0,Loyal(2-4yr),1,0,19.554285714285715,10.1,0,2
Female,No,No,Yes,46,Yes,No,Fiber optic,Yes,Yes,No,Yes,Yes,Yes,One year,Yes,Bank transfer (automatic),105.2,4822.85,1,Loyal(2-4yr),6,1,104.8445652173913,15.028571428571428,0,1
Female,Yes,No,No,64,No,No phone service,DSL,No,Yes,No,Yes,Yes,No,Month-to-month,Yes,Electronic check,43.85,2751.0,0,VIP(4yr+),3,1,42.984375,10.9625,1,0
Male,No,No,No,6,Yes,Yes,Fiber optic,No,No,No,No,No,No,Month-to-month,Yes,Electronic check,74.9,469.8,1,New(0-12mo),2,1,78.3,24.96666666666667,1,0
Male,Yes,No,No,1,Yes,No,No,No internet service,No internet service,No internet service,No internet service,No internet service,No internet service,Month-to-month,No,Mailed check,20.05,20.05,1,New(0-12mo),1,0,20.05,10.025,1,0
Male,No,Yes,No,24,Yes,No,No,No internet service,No internet service,No internet service,No internet service,No internet service,No internet service,One year,No,Mailed check,20.1,533.9,0,Established(1-2yr),1,0,22.245833333333334,10.05,0,1
Male,No,Yes,Yes,70,Yes,No,Fiber optic,No,Yes,Yes,Yes,Yes,Yes,One year,Yes,Electronic check,106.15,7475.1,0,VIP(4yr+),6,1,106.78714285714287,15.164285714285715,0,1
Male,No,No,No,16,Yes,Yes,DSL,No,Yes,No,No,No,No,Month-to-month,No,Electronic check,55.3,875.35,0,Established(1-2yr),3,1,54.709375,13.825,1,0
Male,No,No,No,23,Yes,Yes,Fiber optic,No,No,Yes,Yes,Yes,Yes,Month-to-month,Yes,Mailed check,104.05,2470.1,1,Established(1-2yr),6,1,107.39565217391304,14.864285714285714,1,0
Male,No,Yes,Yes,32,Yes,No,Fiber optic,Yes,Yes,Yes,No,No,Yes,One year,No,Mailed check,94.8,3131.55,0,Loyal(2-4yr),5,1,97.8609375,15.799999999999999,0,1
Female,No,Yes,No,61,Yes,Yes,Fiber optic,No,Yes,No,No,Yes,Yes,Two year,Yes,Bank transfer (automatic),101.05,5971.25,0,VIP(4yr+),5,1,97.88934426229508,16.841666666666665,0,2
Female,No,Yes,Yes,3,Yes,Yes,DSL,No,Yes,Yes,No,Yes,No,Month-to-month,Yes,Bank transfer (automatic),69.15,235.0,0,New(0-12mo),5,1,78.33333333333333,11.525,1,0
Male,No,No,No,1,Yes,No,No,No internet service,No internet service,No internet service,No internet service,No internet service,No internet service,Month-to-month,No,Mailed check,20.0,20.0,1,New(0-12mo),1,0,20.0,10.0,1,0
Male,No,No,No,7,Yes,Yes,Fiber optic,No,No,Yes,No,Yes,No,Month-to-month,Yes,Credit card (automatic),89.35,631.85,1,New(0-12mo),4,1,90.26428571428572,17.869999999999997,1,0
Female,No,Yes,Yes,23,Yes,No,Fiber optic,No,Yes,Yes,Yes,No,No,Month-to-month,No,Electronic check,83.8,1900.25,1,Established(1-2yr),4,1,82.6195652173913,16.759999999999998,1,0
Female,No,Yes,No,62,Yes,Yes,DSL,Yes,Yes,No,Yes,Yes,Yes,Two year,Yes,Electronic check,84.95,5150.55,0,VIP(4yr+),7,1,83.0733870967742,10.61875,0,2
Male,No,No,No,40,Yes,No,DSL,Yes,No,Yes,No,No,Yes,Month-to-month,No,Electronic check,67.45,2731.0,0,Loyal(2-4yr),4,1,68.275,13.49,1,0
Male,No,Yes,No,72,Yes,Yes,Fiber optic,Yes,Yes,Yes,Yes,Yes,Yes,Two year,Yes,Credit card (automatic),116.95,8594.4,0,VIP(4yr+),8,1,119.36666666666666,12.994444444444445,0,2
Male,No,No,No,35,Yes,No,No,No internet service,No internet service,No internet service,No internet service,No internet service,No internet service,One year,No,Bank transfer (automatic),20.6,754.0,0,Loyal(2-4yr),1,0,21.542857142857144,10.3,0,1
Male,No,No,No,1,Yes,No,Fiber optic,No,No,No,No,No,No,Month-to-month,Yes,Electronic check,69.85,69.85,1,New(0-12mo),1,1,69.85,34.925,1,0
Female,No,No,Yes,10,Yes,No,Fiber optic,No,No,Yes,Yes,Yes,No,Month-to-month,Yes,Electronic check,91.1,964.35,0,New(0-12mo),4,1,96.435,18.22,1,0
Male,No,Yes,Yes,57,Yes,No,No,No internet service,No internet service,No internet service,No internet service,No internet service,No internet service,Two year,No,Mailed check,20.75,1123.15,0,VIP(4yr+),1,0,19.704385964912284,10.375,0,2
Female,No,Yes,Yes,70,Yes,Yes,Fiber optic,Yes,Yes,Yes,Yes,Yes,Yes,Two year,Yes,Credit card (automatic),115.15,8250.0,0,VIP(4yr+),8,1,117.85714285714286,12.794444444444444,0,2
Female,No,Yes,No,36,Yes,Yes,Fiber optic,Yes,Yes,Yes,Yes,No,Yes,Two year,Yes,Credit card (automatic),106.05,3834.4,0,Loyal(2-4yr),7,1,106.51111111111112,13.25625,0,2
Male,No,No,No,4,Yes,No,DSL,No,No,No,No,No,No,Month-to-month,No,Mailed check,44.55,220.75,0,New(0-12mo),1,1,55.1875,22.275,1,0
Female,No,No,No,61,Yes,Yes,Fiber optic,Yes,Yes,Yes,Yes,Yes,Yes,One year,Yes,Mailed check,115.1,6993.65,0,VIP(4yr+),8,1,114.64999999999999,12.788888888888888,0,1
Male,No,No,No,33,Yes,No,Fiber optic,No,No,No,No,No,No,Month-to-month,No,Electronic check,68.25,2171.15,1,Loyal(2-4yr),1,1,65.79242424242425,34.125,1,0
Male,No,Yes,No,33,Yes,Yes,Fiber optic,No,Yes,Yes,No,No,Yes,Month-to-month,Yes,Electronic check,93.35,3092.0,0,Loyal(2-4yr),5,1,93.6969696969697,15.558333333333332,1,0
Male,Yes,Yes,No,65,Yes,Yes,Fiber optic,No,Yes,Yes,No,Yes,Yes,One year,Yes,Bank transfer (automatic),103.15,6792.45,0,VIP(4yr+),6,1,104.49923076923076,14.735714285714286,0,1
Female,Yes,No,No,16,Yes,No,Fiber optic,No,No,No,Yes,Yes,Yes,Month-to-month,Yes,Electronic check,94.45,1511.2,1,Established(1-2yr),4,1,94.45,18.89,1,0
Male,No,Yes,No,47,Yes,No,No,No internet service,No internet service,No internet service,No internet service,No internet service,No internet service,One year,No,Bank transfer (automatic),19.9,942.95,0,Loyal(2-4yr),1,0,20.06276595744681,9.95,0,1
Male,No,No,No,36,Yes,No,DSL,No,Yes,No,Yes,No,Yes,One year,Yes,Mailed check,65.4,2498.4,1,Loyal(2-4yr),4,1,69.4,13.080000000000002,0,1
Female,No,No,No,29,No,No phone service,DSL,No,Yes,No,No,No,No,Month-to-month,Yes,Electronic check,30.6,856.35,1,Loyal(2-4yr),1,1,29.529310344827586,15.3,1,0
Female,No,Yes,Yes,23,Yes,Yes,Fiber optic,No,No,No,No,No,Yes,Month-to-month,No,Electronic check,85.6,1868.4,0,Established(1-2yr),3,1,81.23478260869565,21.4,1,0
Female,No,No,No,66,Yes,Yes,Fiber optic,No,Yes,No,No,Yes,No,One year,Yes,Bank transfer (automatic),88.9,6000.1,0,VIP(4yr+),4,1,90.91060606060607,17.78,0,1
Female,No,Yes,Yes,67,No,No phone service,DSL,No,Yes,Yes,Yes,Yes,Yes,Two year,Yes,Electronic check,59.55,4103.9,0,VIP(4yr+),5,1,61.252238805970144,9.924999999999999,0,2
Female,No,Yes,Yes,7,Yes,No,Fiber optic,No,No,No,No,No,No,Month-to-month,Yes,Electronic check,69.0,506.9,1,New(0-12mo),1,1,72.41428571428571,34.5,1,0
Male,No,No,No,7,Yes,No,No,No internet service,No internet service,No internet service,No internet service,No internet service,No internet service,Month-to-month,No,Electronic check,19.25,112.3,1,New(0-12mo),1,0,16.04285714285714,9.625,1,0
Female,No,Yes,Yes,45,Yes,No,DSL,Yes,No,Yes,Yes,Yes,Yes,Two year,Yes,Mailed check,81.0,3533.6,0,Loyal(2-4yr),6,1,78.52444444444444,11.571428571428571,0,2
Female,No,No,No,68,Yes,Yes,DSL,Yes,No,No,No,No,No,Month-to-month,No,Mailed check,54.45,3687.75,0,VIP(4yr+),3,1,54.231617647058826,13.6125,1,0
Male,No,No,No,4,Yes,No,Fiber optic,No,No,Yes,No,No,No,Month-to-month,Yes,Bank transfer (automatic),74.8,321.9,1,New(0-12mo),2,1,80.475,24.933333333333334,1,0
Female,No,Yes,Yes,71,Yes,Yes,Fiber optic,Yes,No,Yes,Yes,No,Yes,Two year,No,Electronic check,100.45,7159.7,0,VIP(4yr+),6,1,100.84084507042253,14.35,0,2
Female,Yes,No,No,23,Yes,No,Fiber optic,Yes,No,No,No,No,No,Month-to-month,Yes,Bank transfer (automatic),75.4,1643.55,0,Established(1-2yr),2,1,71.45869565217392,25.133333333333336,1,0
Female,No,Yes,Yes,68,Yes,Yes,DSL,Yes,Yes,Yes,Yes,Yes,Yes,Two year,No,Credit card (automatic),88.0,6161.9,0,VIP(4yr+),8,1,90.61617647058823,9.777777777777779,0,2
Female,No,No,No,20,Yes,No,No,No internet service,No internet service,No internet service,No internet service,No internet service,No internet service,One year,Yes,Credit card (automatic),19.35,433.75,0,Established(1-2yr),1,0,21.6875,9.675,0,1
Male,No,No,No,4,Yes,No,No,No internet service,No internet service,No internet service,No internet service,No internet service,No internet service,Month-to-month,No,Mailed check,19.0,78.9,0,New(0-12mo),1,0,19.725,9.5,1,0
Male,No,Yes,Yes,17,No,No phone service,DSL,Yes,No,Yes,No,Yes,No,One year,No,Credit card (automatic),44.45,792.15,0,Established(1-2yr),3,1,46.59705882352941,11.1125,0,1
Female,No,Yes,Yes,52,Yes,No,Fiber optic,Yes,No,Yes,No,Yes,Yes,One year,No,Electronic check,100.3,5244.45,0,VIP(4yr+),5,1,100.85480769230769,16.716666666666665,0,1
Male,Yes,Yes,No,10,Yes,Yes,Fiber optic,No,No,Yes,No,No,Yes,Month-to-month,Yes,Electronic check,89.8,914.3,1,New(0-12mo),4,1,91.42999999999999,17.96,1,0
Male,Yes,No,No,8,Yes,No,Fiber optic,No,Yes,No,No,No,No,Month-to-month,Yes,Electronic check,74.5,606.55,1,New(0-12mo),2,1,75.81875,24.833333333333332,1,0
Male,No,No,No,12,Yes,No,DSL,Yes,No,No,Yes,No,No,Month-to-month,No,Mailed check,56.65,654.85,1,New(0-12mo),3,1,54.57083333333333,14.1625,1,0
Male,No,No,No,38,Yes,No,DSL,Yes,Yes,No,Yes,Yes,No,One year,No,Mailed check,70.6,2708.2,0,Loyal(2-4yr),5,1,71.26842105263158,11.766666666666666,0,1
Female,No,Yes,Yes,46,Yes,No,No,No internet service,No internet service,No internet service,No internet service,No internet service,No internet service,Two year,No,Bank transfer (automatic),20.25,890.35,0,Loyal(2-4yr),1,0,19.355434782608697,10.125,0,2
Male,No,No,No,26,Yes,No,No,No internet service,No internet service,No internet service,No internet service,No internet service,No internet service,One year,No,Credit card (automatic),19.8,457.3,0,Loyal(2-4yr),1,0,17.588461538461537,9.9,0,1
Female,No,No,Yes,14,Yes,Yes,Fiber optic,Yes,No,No,Yes,No,No,Month-to-month,Yes,Mailed check,86.0,1164.05,0,Established(1-2yr),4,1,83.14642857142857,17.2,1,0
Female,No,No,Yes,10,Yes,Yes,DSL,Yes,No,Yes,Yes,No,Yes,One year,No,Credit card (automatic),73.55,693.3,0,New(0-12mo),6,1,69.33,10.507142857142856,0,1
Female,No,No,No,27,Yes,No,DSL,Yes,Yes,No,No,No,No,Two year,No,Bank transfer (automatic),52.85,1498.65,0,Loyal(2-4yr),3,1,55.50555555555556,13.2125,0,2
Female,No,Yes,Yes,57,Yes,No,No,No internet service,No internet service,No internet service,No internet service,No internet service,No internet service,Two year,No,Bank transfer (automatic),19.5,1167.6,0,VIP(4yr+),1,0,20.48421052631579,9.75,0,2
Male,No,No,No,12,Yes,Yes,Fiber optic,No,Yes,Yes,Yes,Yes,Yes,Month-to-month,Yes,Mailed check,112.95,1384.75,1,New(0-12mo),7,1,115.39583333333333,14.11875,1,0
Female,No,Yes,No,13,Yes,No,DSL,No,No,No,No,No,No,One year,No,Electronic check,43.8,592.65,0,Established(1-2yr),1,1,45.58846153846154,21.9,0,1
Female,Yes,No,No,24,Yes,No,No,No internet service,No internet service,No internet service,No internet service,No internet service,No internet service,Month-to-month,Yes,Mailed check,20.3,459.95,0,Established(1-2yr),1,0,19.164583333333333,10.15,1,0
Female,Yes,No,No,26,Yes,Yes,DSL,No,No,No,Yes,No,Yes,Month-to-month,Yes,Electronic check,66.05,1652.4,0,Loyal(2-4yr),4,1,63.55384615384616,13.209999999999999,1,0
Female,No,Yes,Yes,36,Yes,Yes,DSL,Yes,Yes,Yes,Yes,Yes,Yes,Two year,Yes,Credit card (automatic),92.9,3379.25,0,Loyal(2-4yr),8,1,93.86805555555556,10.322222222222223,0,2
Female,No,No,Yes,43,Yes,Yes,No,No internet service,No internet service,No internet service,No internet service,No internet service,No internet service,Two year,Yes,Electronic check,25.1,1070.15,0,Loyal(2-4yr),2,0,24.887209302325584,8.366666666666667,0,2
Female,No,Yes,Yes,2,Yes,No,DSL,No,No,No,No,Yes,Yes,Month-to-month,No,Mailed check,65.7,134.35,1,New(0-12mo),3,1,67.175,16.425,1,0
Male,No,No,No,46,Yes,No,No,No internet service,No internet service,No internet service,No internet service,No internet service,No internet service,Two year,No,Electronic check,19.95,907.05,0,Loyal(2-4yr),1,0,19.718478260869563,9.975,0,2
Female,No,No,No,57,Yes,Yes,Fiber optic,Yes,Yes,Yes,No,Yes,Yes,Two year,Yes,Bank transfer (automatic),112.95,6465.0,1,VIP(4yr+),7,1,113.42105263157895,14.11875,0,2
Female,No,Yes,Yes,50,Yes,No,Fiber optic,No,No,No,No,No,No,Month-to-month,Yes,Bank transfer (automatic),69.75,3557.7,0,VIP(4yr+),1,1,71.154,34.875,1,0
Female,No,No,No,50,Yes,No,No,No internet service,No internet service,No internet service,No internet service,No internet service,No internet service,One year,No,Bank transfer (automatic),19.75,989.05,0,VIP(4yr+),1,0,19.781,9.875,0,1
Female,No,Yes,Yes,67,Yes,Yes,Fiber optic,Yes,No,Yes,Yes,No,Yes,One year,Yes,Bank transfer (automatic),100.25,6689.0,0,VIP(4yr+),6,1,99.83582089552239,14.321428571428571,0,1
Male,Yes,Yes,No,7,Yes,Yes,Fiber optic,Yes,Yes,No,No,No,Yes,Month-to-month,Yes,Credit card (automatic),94.7,673.1,1,New(0-12mo),5,1,96.15714285714286,15.783333333333333,1,0
Male,No,Yes,No,63,Yes,Yes,DSL,No,No,Yes,Yes,Yes,Yes,Two year,No,Credit card (automatic),79.8,5034.05,0,VIP(4yr+),6,1,79.90555555555555,11.4,0,2
Female,No,No,No,9,Yes,No,No,No internet service,No internet service,No internet service,No internet service,No internet service,No internet service,Month-to-month,Yes,Electronic check,19.5,178.85,0,New(0-12mo),1,0,19.87222222222222,9.75,1,0
Male,No,Yes,No,5,Yes,Yes,Fiber optic,No,Yes,No,Yes,No,No,Month-to-month,Yes,Electronic check,85.4,401.1,1,New(0-12mo),4,1,80.22,17.080000000000002,1,0
Female,No,No,No,52,Yes,No,DSL,No,No,Yes,No,No,Yes,Month-to-month,Yes,Electronic check,59.45,3043.7,0,VIP(4yr+),3,1,58.5326923076923,14.8625,1,0
Male,No,No,Yes,15,Yes,No,DSL,Yes,No,Yes,No,No,Yes,One year,No,Mailed check,64.85,950.75,0,Established(1-2yr),4,1,63.38333333333333,12.969999999999999,0,1
Female,No,No,No,1,Yes,No,DSL,No,No,No,No,No,No,Month-to-month,Yes,Electronic check,45.65,45.65,1,New(0-12mo),1,1,45.65,22.825,1,0
Female,No,No,No,18,No,No phone service,DSL,No,No,Yes,Yes,No,No,Month-to-month,Yes,Electronic check,35.2,607.3,0,Established(1-2yr),2,1,33.73888888888889,11.733333333333334,1,0
Female,No,No,No,65,Yes,Yes,Fiber optic,Yes,Yes,Yes,No,Yes,Yes,Month-to-month,Yes,Credit card (automatic),111.05,7107.0,0,VIP(4yr+),7,1,109.33846153846154,13.88125,1,0
Male,No,No,No,68,Yes,Yes,Fiber optic,Yes,Yes,Yes,No,No,Yes,Two year,Yes,Bank transfer (automatic),102.1,7149.35,0,VIP(4yr+),6,1,105.1375,14.585714285714285,0,2
Male,No,No,No,19,Yes,No,DSL,No,No,No,No,No,No,Month-to-month,Yes,Bank transfer (automatic),45.0,865.85,0,Established(1-2yr),1,1,45.57105263157895,22.5,1,0
Male,No,Yes,Yes,47,No,No phone service,DSL,Yes,No,Yes,Yes,No,No,One year,No,Electronic check,40.3,1794.8,0,Loyal(2-4yr),3,1,38.18723404255319,10.075,0,1
Female,No,Yes,Yes,72,Yes,No,Fiber optic,Yes,Yes,Yes,Yes,Yes,Yes,Two year,Yes,Bank transfer (automatic),108.3,7679.65,0,VIP(4yr+),7,1,106.66180555555555,13.5375,0,2
Female,No,No,No,57,Yes,No,Fiber optic,No,No,Yes,No,Yes,Yes,Two year,Yes,Electronic check,95.25,5464.65,1,VIP(4yr+),4,1,95.87105263157895,19.05,0,2
Female,Yes,No,No,31,Yes,Yes,Fiber optic,No,Yes,No,No,Yes,Yes,Month-to-month,Yes,Electronic check,99.95,3186.65,1,Loyal(2-4yr),5,1,102.79516129032258,16.658333333333335,1,0
Male,No,Yes,Yes,46,Yes,No,No,No internet service,No internet service,No internet service,No internet service,No internet service,No internet service,Two year,No,Credit card (automatic),19.95,862.4,0,Loyal(2-4yr),1,0,18.747826086956522,9.975,0,2
Female,No,No,No,17,Yes,Yes,Fiber optic,Yes,Yes,No,No,Yes,No,Month-to-month,Yes,Electronic check,94.4,1617.5,1,Established(1-2yr),5,1,95.1470588235294,15.733333333333334,1,0
Female,No,Yes,No,69,Yes,Yes,No,No internet service,No internet service,No internet service,No internet service,No internet service,No internet service,Two year,No,Bank transfer (automatic),24.25,1641.8,0,VIP(4yr+),2,0,23.794202898550726,8.083333333333334,0,2
Male,Yes,Yes,No,39,Yes,Yes,Fiber optic,No,Yes,Yes,No,Yes,Yes,Month-to-month,Yes,Electronic check,105.65,4284.8,1,Loyal(2-4yr),6,1,109.86666666666667,15.092857142857143,1,0
Female,No,No,No,31,Yes,Yes,Fiber optic,No,No,No,No,No,No,Month-to-month,Yes,Electronic check,76.05,2227.8,0,Loyal(2-4yr),2,1,71.86451612903227,25.349999999999998,1,0
Male,No,Yes,Yes,69,Yes,Yes,Fiber optic,No,Yes,Yes,No,Yes,Yes,Two year,Yes,Electronic check,105.0,7297.75,0,VIP(4yr+),6,1,105.76449275362319,15.0,0,2
Female,No,Yes,Yes,72,Yes,Yes,Fiber optic,Yes,Yes,Yes,Yes,Yes,No,Two year,No,Credit card (automatic),106.1,7657.4,0,VIP(4yr+),7,1,106.35277777777777,13.2625,0,2
Male,No,No,No,39,Yes,No,Fiber optic,Yes,No,Yes,No,Yes,Yes,Two year,Yes,Electronic check,100.45,3801.7,0,Loyal(2-4yr),5,1,97.47948717948718,16.741666666666667,0,2
Male,No,Yes,Yes,70,Yes,Yes,DSL,Yes,Yes,Yes,Yes,Yes,No,Two year,Yes,Bank transfer (automatic),79.25,5731.85,0,VIP(4yr+),7,1,81.88357142857143,9.90625,0,2
Female,No,Yes,Yes,42,Yes,No,No,No internet service,No internet service,No internet service,No internet service,No internet service,No internet service,Two year,No,Mailed check,20.0,833.55,0,Loyal(2-4yr),1,0,19.84642857142857,10.0,0,2
Female,No,No,No,2,Yes,No,Fiber optic,No,No,No,No,No,Yes,Month-to-month,No,Electronic check,80.75,159.45,1,New(0-12mo),2,1,79.725,26.916666666666668,1,0
Female,Yes,No,No,2,Yes,No,Fiber optic,No,No,No,No,No,Yes,Month-to-month,Yes,Bank transfer (automatic),79.75,159.4,1,New(0-12mo),2,1,79.7,26.583333333333332,1,0
Female,No,Yes,Yes,9,Yes,No,No,No internet service,No internet service,No internet service,No internet service,No internet service,No internet service,Two year,No,Mailed check,19.75,210.65,0,New(0-12mo),1,0,23.405555555555555,9.875,0,2
Female,No,Yes,No,40,Yes,Yes,Fiber optic,No,No,No,Yes,No,No,Month-to-month,Yes,Credit card (automatic),78.85,3126.85,0,Loyal(2-4yr),3,1,78.17125,19.7125,1,0
Female,No,Yes,No,68,Yes,Yes,No,No internet service,No internet service,No internet service,No internet service,No internet service,No internet service,Two year,No,Credit card (automatic),25.8,1911.5,0,VIP(4yr+),2,0,28.110294117647058,8.6,0,2
Female,No,Yes,No,49,Yes,Yes,Fiber optic,Yes,No,No,No,Yes,Yes,Month-to-month,Yes,Mailed check,100.85,4847.35,0,VIP(4yr+),5,1,98.92551020408165,16.808333333333334,1,0
Female,No,No,No,54,Yes,Yes,Fiber optic,No,Yes,Yes,No,Yes,No,One year,Yes,Bank transfer (automatic),94.75,5121.75,0,VIP(4yr+),5,1,94.84722222222223,15.791666666666666,0,1
Female,No,No,No,37,Yes,No,No,No internet service,No internet service,No internet service,No internet service,No internet service,No internet service,Two year,No,Mailed check,19.8,813.3,0,Loyal(2-4yr),1,0,21.98108108108108,9.9,0,2
Female,No,Yes,No,21,Yes,Yes,Fiber optic,No,No,No,No,No,Yes,Month-to-month,Yes,Electronic check,86.5,1808.7,1,Established(1-2yr),3,1,86.12857142857143,21.625,1,0
Male,No,No,No,3,Yes,No,DSL,Yes,No,Yes,No,Yes,Yes,Month-to-month,Yes,Electronic check,77.4,206.15,0,New(0-12mo),5,1,68.71666666666667,12.9,1,0
Female,No,Yes,No,61,Yes,Yes,Fiber optic,No,No,Yes,Yes,Yes,Yes,One year,Yes,Bank transfer (automatic),103.3,6518.35,0,VIP(4yr+),6,1,106.85819672131149,14.757142857142856,0,1
Female,No,No,No,16,Yes,Yes,Fiber optic,No,No,No,No,No,No,Month-to-month,Yes,Credit card (automatic),74.75,1129.35,0,Established(1-2yr),2,1,70.584375,24.916666666666668,1,0
Female,No,Yes,Yes,4,Yes,No,No,No internet service,No internet service,No internet service,No internet service,No internet service,No internet service,Month-to-month,No,Mailed check,20.85,62.9,0,New(0-12mo),1,0,15.725,10.425,1,0
Male,No,No,No,10,Yes,Yes,Fiber optic,No,No,No,No,No,No,Month-to-month,Yes,Mailed check,74.15,811.8,1,New(0-12mo),2,1,81.17999999999999,24.71666666666667,1,0
Male,No,No,No,22,Yes,Yes,DSL,Yes,Yes,Yes,No,No,No,Month-to-month,No,Mailed check,65.05,1427.55,0,Established(1-2yr),5,1,64.88863636363637,10.841666666666667,1,0
Female,No,Yes,Yes,43,No,No phone service,DSL,Yes,No,Yes,Yes,Yes,Yes,One year,Yes,Credit card (automatic),60.4,2640.55,0,Loyal(2-4yr),5,1,61.40813953488372,10.066666666666666,0,1
Female,No,Yes,Yes,9,Yes,No,DSL,Yes,Yes,Yes,Yes,No,No,Month-to-month,No,Mailed check,65.0,663.05,1,New(0-12mo),5,1,73.67222222222222,10.833333333333334,1,0
Female,No,Yes,Yes,67,Yes,Yes,DSL,Yes,Yes,No,Yes,Yes,No,Two year,No,Credit card (automatic),74.0,4868.4,0,VIP(4yr+),6,1,72.66268656716417,10.571428571428571,0,2
Male,No,Yes,No,13,No,No phone service,DSL,Yes,No,No,Yes,Yes,Yes,Month-to-month,Yes,Electronic check,54.45,706.85,1,Established(1-2yr),4,1,54.37307692307692,10.89,1,0
Female,No,Yes,No,72,Yes,No,No,No internet service,No internet service,No internet service,No internet service,No internet service,No internet service,Two year,No,Bank transfer (automatic),20.05,1423.65,0,VIP(4yr+),1,0,19.772916666666667,10.025,0,2
Male,No,No,No,64,Yes,Yes,DSL,No,Yes,Yes,Yes,Yes,Yes,Two year,No,Credit card (automatic),86.55,5632.55,0,VIP(4yr+),7,1,88.00859375,10.81875,0,2
Male,No,No,No,46,Yes,Yes,Fiber optic,Yes,Yes,No,No,No,Yes,Month-to-month,Yes,Electronic check,93.7,4154.8,1,Loyal(2-4yr),5,1,90.32173913043479,15.616666666666667,1,0
Female,No,Yes,Yes,65,Yes,Yes,DSL,Yes,Yes,Yes,Yes,Yes,Yes,Two year,No,Bank transfer (automatic),91.55,5963.95,0,VIP(4yr+),8,1,91.75307692307692,10.172222222222222,0,2
Female,No,Yes,Yes,4,Yes,Yes,DSL,No,No,No,No,No,No,Month-to-month,No,Mailed check,50.85,239.55,1,New(0-12mo),2,1,59.8875,16.95,1,0
Female,No,Yes,Yes,20,Yes,Yes,Fiber optic,No,Yes,Yes,No,Yes,Yes,Month-to-month,Yes,Bank transfer (automatic),105.85,2239.65,1,Established(1-2yr),6,1,111.9825,15.12142857142857,1,0
Male,No,No,No,42,Yes,Yes,Fiber optic,No,No,No,Yes,Yes,Yes,Month-to-month,Yes,Electronic check,100.3,4222.95,0,Loyal(2-4yr),5,1,100.54642857142856,16.716666666666665,1,0
Female,Yes,Yes,No,71,Yes,Yes,Fiber optic,Yes,No,No,No,No,No,Two year,Yes,Credit card (automatic),80.7,5676.0,0,VIP(4yr+),3,1,79.94366197183099,20.175,0,2
Female,No,No,No,13,Yes,No,Fiber optic,No,No,No,No,No,No,Month-to-month,Yes,Mailed check,70.15,886.7,0,Established(1-2yr),1,1,68.20769230769231,35.075,1,0
Male,No,No,No,23,Yes,Yes,Fiber optic,No,No,No,Yes,Yes,No,Month-to-month,Yes,Electronic check,90.6,1943.2,1,Established(1-2yr),4,1,84.48695652173913,18.119999999999997,1,0
Female,No,No,No,1,Yes,No,No,No internet service,No internet service,No internet service,No internet service,No internet service,No internet service,Month-to-month,No,Mailed check,19.55,19.55,0,New(0-12mo),1,0,19.55,9.775,1,0
Male,Yes,Yes,No,72,No,No phone service,DSL,Yes,Yes,Yes,Yes,Yes,Yes,Two year,Yes,Credit card (automatic),64.45,4641.1,0,VIP(4yr+),6,1,64.45972222222223,9.207142857142857,0,2
Female,Yes,No,No,2,No,No phone service,DSL,No,No,Yes,No,No,No,Month-to-month,Yes,Electronic check,30.4,78.65,1,New(0-12mo),1,1,39.325,15.2,1,0
Male,No,No,No,66,Yes,No,No,No internet service,No internet service,No internet service,No internet service,No internet service,No internet service,Two year,No,Bank transfer (automatic),19.7,1253.8,0,VIP(4yr+),1,0,18.996969696969696,9.85,0,2
Male,No,No,No,69,Yes,Yes,No,No internet service,No internet service,No internet service,No internet service,No internet service,No internet service,Two year,No,Bank transfer (automatic),23.95,1713.1,0,VIP(4yr+),2,0,24.827536231884057,7.983333333333333,0,2
Male,No,No,No,22,Yes,Yes,Fiber optic,No,No,No,No,No,Yes,Month-to-month,No,Electronic check,83.05,1799.3,0,Established(1-2yr),3,1,81.78636363636363,20.7625,1,0
Female,Yes,Yes,No,60,No,No phone service,DSL,No,Yes,No,No,Yes,Yes,Two year,Yes,Credit card (automatic),49.45,2907.55,0,VIP(4yr+),3,1,48.45916666666667,12.3625,0,2
Female,No,Yes,Yes,35,Yes,No,Fiber optic,Yes,No,Yes,Yes,Yes,Yes,Month-to-month,Yes,Electronic check,106.9,3756.45,0,Loyal(2-4yr),6,1,107.32714285714285,15.271428571428572,1,0
Male,No,No,No,4,Yes,No,DSL,No,Yes,No,No,No,No,Month-to-month,No,Mailed check,49.25,208.45,0,New(0-12mo),2,1,52.1125,16.416666666666668,1,0
Male,No,No,No,72,Yes,No,No,No internet service,No internet service,No internet service,No internet service,No internet service,No internet service,Two year,Yes,Mailed check,20.8,1521.2,0,VIP(4yr+),1,0,21.12777777777778,10.4,0,2
Female,Yes,No,No,1,Yes,No,Fiber optic,No,No,No,No,Yes,Yes,Month-to-month,Yes,Electronic check,89.3,89.3,1,New(0-12mo),3,1,89.3,22.325,1,0
Male,No,No,No,19,Yes,Yes,DSL,No,No,No,No,Yes,Yes,Month-to-month,No,Mailed check,69.6,1394.55,0,Established(1-2yr),4,1,73.39736842105263,13.919999999999998,1,0
Female,Yes,No,No,5,Yes,No,Fiber optic,No,No,Yes,No,Yes,No,Month-to-month,Yes,Mailed check,84.85,415.55,1,New(0-12mo),3,1,83.11,21.2125,1,0
Female,No,No,Yes,25,No,No phone service,DSL,Yes,No,No,Yes,No,No,Two year,No,Bank transfer (automatic),35.05,844.45,0,Loyal(2-4yr),2,1,33.778,11.683333333333332,0,2
Female,No,No,No,4,Yes,Yes,Fiber optic,No,No,No,No,No,No,Month-to-month,No,Electronic check,75.35,338.1,1,New(0-12mo),2,1,84.525,25.116666666666664,1,0
Female,No,Yes,No,70,Yes,No,No,No internet service,No internet service,No internet service,No internet service,No internet service,No internet service,Two year,No,Bank transfer (automatic),19.8,1397.65,0,VIP(4yr+),1,0,19.966428571428573,9.9,0,2
Male,No,No,No,35,No,No phone service,DSL,No,No,Yes,No,Yes,Yes,Month-to-month,No,Electronic check,49.2,1701.65,0,Loyal(2-4yr),3,1,48.61857142857143,12.3,1,0
Female,No,No,No,18,Yes,No,Fiber optic,Yes,No,No,No,No,No,Month-to-month,Yes,Electronic check,75.4,1380.4,0,Established(1-2yr),2,1,76.6888888888889,25.133333333333336,1,0
Male,No,Yes,No,11,Yes,No,No,No internet service,No internet service,No internet service,No internet service,No internet service,No internet service,One year,Yes,Mailed check,20.55,184.95,0,New(0-12mo),1,0,16.813636363636363,10.275,0,1
Female,No,No,No,2,Yes,No,Fiber optic,No,No,No,No,No,No,Month-to-month,No,Bank transfer (automatic),70.0,153.05,1,New(0-12mo),1,1,76.525,35.0,1,0
Male,No,Yes,Yes,59,Yes,No,No,No internet service,No internet service,No internet service,No internet service,No internet service,No internet service,Two year,No,Credit card (automatic),19.3,1192.7,0,VIP(4yr+),1,0,20.215254237288136,9.65,0,2
Male,No,Yes,Yes,72,Yes,Yes,DSL,Yes,Yes,Yes,Yes,Yes,Yes,Two year,No,Credit card (automatic),88.7,6501.35,0,VIP(4yr+),8,1,90.29652777777778,9.855555555555556,0,2
Female,Yes,No,No,44,Yes,Yes,Fiber optic,Yes,Yes,Yes,No,Yes,Yes,One year,Yes,Credit card (automatic),109.8,4860.35,0,Loyal(2-4yr),7,1,110.4625,13.725,0,1
Female,Yes,Yes,No,18,No,No phone service,DSL,No,No,Yes,No,Yes,Yes,Month-to-month,Yes,Electronic check,48.35,810.7,1,Established(1-2yr),3,1,45.03888888888889,12.0875,1,0
Male,No,Yes,No,42,Yes,Yes,Fiber optic,No,Yes,Yes,Yes,No,Yes,Month-to-month,Yes,Electronic check,99.45,4138.05,1,Loyal(2-4yr),6,1,98.525,14.207142857142857,1,0
Male,No,No,Yes,3,Yes,No,No,No internet service,No internet service,No internet service,No internet service,No internet service,No internet service,Month-to-month,No,Bank transfer (automatic),20.2,50.6,0,New(0-12mo),1,0,16.866666666666667,10.1,1,0
Male,Yes,Yes,No,13,Yes,No,Fiber optic,No,No,No,No,No,No,Month-to-month,No,Bank transfer (automatic),70.45,849.1,0,Established(1-2yr),1,1,65.31538461538462,35.225,1,0
Female,No,No,No,1,Yes,No,No,No internet service,No internet service,No internet service,No internet service,No internet service,No internet service,Month-to-month,Yes,Mailed check,20.25,20.25,1,New(0-12mo),1,0,20.25,10.125,1,0
Male,No,No,No,44,No,No phone service,DSL,No,Yes,Yes,No,Yes,Yes,One year,Yes,Mailed check,53.95,2375.4,1,Loyal(2-4yr),4,1,53.98636363636364,10.790000000000001,0,1
Female,No,No,No,14,Yes,No,DSL,No,No,No,Yes,Yes,Yes,Month-to-month,Yes,Electronic check,69.65,921.4,0,Established(1-2yr),4,1,65.81428571428572,13.930000000000001,1,0
Female,No,Yes,Yes,58,Yes,No,No,No internet service,No internet service,No internet service,No internet service,No internet service,No internet service,Two year,No,Credit card (automatic),20.5,1191.4,0,VIP(4yr+),1,0,20.54137931034483,10.25,0,2
Female,Yes,No,No,16,Yes,Yes,Fiber optic,No,No,No,No,Yes,No,Month-to-month,Yes,Electronic check,84.75,1350.15,1,Established(1-2yr),3,1,84.384375,21.1875,1,0
Female,No,Yes,Yes,20,Yes,Yes,Fiber optic,No,No,Yes,Yes,No,Yes,Month-to-month,Yes,Bank transfer (automatic),95.5,1916.2,0,Established(1-2yr),5,1,95.81,15.916666666666666,1,0
Female,No,No,Yes,1,Yes,No,DSL,Yes,No,No,Yes,No,No,Month-to-month,No,Electronic check,54.5,54.5,0,New(0-12mo),3,1,54.5,13.625,1,0
Male,Yes,Yes,No,71,Yes,Yes,Fiber optic,Yes,Yes,Yes,No,Yes,Yes,Month-to-month,Yes,Electronic check,107.5,7713.55,0,VIP(4yr+),7,1,108.64154929577465,13.4375,1,0
Male,No,No,Yes,16,Yes,Yes,DSL,Yes,Yes,No,No,No,Yes,Month-to-month,Yes,Electronic check,69.1,1083.7,0,Established(1-2yr),5,1,67.73125,11.516666666666666,1,0
Female,No,Yes,No,72,Yes,Yes,DSL,Yes,Yes,Yes,Yes,Yes,Yes,Two year,No,Bank transfer (automatic),92.0,6474.4,0,VIP(4yr+),8,1,89.92222222222222,10.222222222222221,0,2
Female,No,Yes,Yes,48,Yes,Yes,Fiber optic,Yes,Yes,No,No,Yes,Yes,Month-to-month,Yes,Credit card (automatic),105.25,4997.5,0,Loyal(2-4yr),6,1,104.11458333333333,15.035714285714286,1,0
Male,No,Yes,No,56,Yes,No,Fiber optic,No,No,No,No,Yes,Yes,Month-to-month,No,Mailed check,89.7,4952.95,0,VIP(4yr+),3,1,88.44553571428571,22.425,1,0
Male,No,No,No,35,Yes,No,No,No internet service,No internet service,No internet service,No internet service,No internet service,No internet service,Month-to-month,No,Bank transfer (automatic),20.75,739.9,0,Loyal(2-4yr),1,0,21.14,10.375,1,0
Male,No,Yes,No,35,Yes,Yes,Fiber optic,No,No,No,Yes,Yes,No,Month-to-month,Yes,Credit card (automatic),91.5,3236.35,0,Loyal(2-4yr),4,1,92.46714285714286,18.3,1,0
Female,No,Yes,No,45,Yes,Yes,No,No internet service,No internet service,No internet service,No internet service,No internet service,No internet service,Two year,No,Mailed check,25.5,1121.05,0,Loyal(2-4yr),2,0,24.912222222222223,8.5,0,2
Female,No,Yes,Yes,55,Yes,Yes,DSL,Yes,Yes,No,Yes,Yes,No,One year,Yes,Credit card (automatic),75.0,4213.9,0,VIP(4yr+),6,1,76.61636363636363,10.714285714285714,0,1
Female,No,No,No,58,Yes,No,DSL,Yes,Yes,Yes,Yes,No,No,Two year,Yes,Credit card (automatic),64.9,3795.45,0,VIP(4yr+),5,1,65.43879310344828,10.816666666666668,0,2
Female,No,No,No,47,Yes,Yes,DSL,Yes,No,Yes,Yes,No,No,Two year,Yes,Mailed check,65.0,2879.9,0,Loyal(2-4yr),5,1,61.274468085106385,10.833333333333334,0,2
Male,No,Yes,Yes,68,Yes,Yes,DSL,Yes,Yes,Yes,Yes,Yes,Yes,Two year,Yes,Credit card (automatic),88.85,6132.7,0,VIP(4yr+),8,1,90.18676470588235,9.872222222222222,0,2
Female,No,Yes,Yes,32,Yes,Yes,Fiber optic,No,Yes,No,No,Yes,Yes,Month-to-month,Yes,Electronic check,98.85,3089.6,0,Loyal(2-4yr),5,1,96.55,16.474999999999998,1,0
Female,No,Yes,Yes,44,Yes,Yes,Fiber optic,No,Yes,Yes,No,No,Yes,One year,No,Electronic check,94.4,4295.35,0,Loyal(2-4yr),5,1,97.62159090909091,15.733333333333334,0,1
Male,Yes,Yes,No,67,Yes,Yes,Fiber optic,No,No,No,No,Yes,Yes,Month-to-month,Yes,Credit card (automatic),94.65,6079.0,0,VIP(4yr+),4,1,90.73134328358209,18.93,1,0
Male,No,Yes,Yes,11,Yes,Yes,Fiber optic,No,No,No,No,No,No,Month-to-month,Yes,Electronic check,74.35,834.2,1,New(0-12mo),2,1,75.83636363636364,24.78333333333333,1,0
Male,No,No,No,6,Yes,No,Fiber optic,No,No,No,No,No,No,Month-to-month,Yes,Electronic check,69.1,435.0,0,New(0-12mo),1,1,72.5,34.55,1,0
Female,No,Yes,Yes,6,Yes,No,DSL,No,No,No,Yes,No,No,Month-to-month,Yes,Mailed check,48.8,297.35,0,New(0-12mo),2,1,49.55833333333334,16.266666666666666,1,0
Male,No,Yes,Yes,12,Yes,No,DSL,No,No,No,No,Yes,No,Month-to-month,Yes,Mailed check,56.3,628.65,0,New(0-12mo),2,1,52.387499999999996,18.766666666666666,1,0
Female,No,No,No,58,Yes,Yes,DSL,Yes,Yes,Yes,Yes,No,No,One year,Yes,Credit card (automatic),71.1,4299.2,0,VIP(4yr+),6,1,74.12413793103448,10.157142857142857,0,1
Male,No,No,No,6,Yes,No,DSL,No,No,Yes,No,Yes,No,Month-to-month,No,Mailed check,60.9,414.1,0,New(0-12mo),3,1,69.01666666666667,15.225,1,0
Female,No,Yes,Yes,56,Yes,No,DSL,Yes,Yes,Yes,No,No,No,Two year,Yes,Credit card (automatic),61.3,3346.8,0,VIP(4yr+),4,1,59.76428571428572,12.26,0,2
Female,Yes,Yes,Yes,32,Yes,Yes,Fiber optic,No,No,Yes,No,Yes,No,Month-to-month,Yes,Mailed check,91.35,2896.55,0,Loyal(2-4yr),4,1,90.5171875,18.27,1,0
Female,No,No,No,8,Yes,No,No,No internet service,No internet service,No internet service,No internet service,No internet service,No internet service,Two year,No,Mailed check,20.0,141.6,0,New(0-12mo),1,0,17.7,10.0,0,2
Male,Yes,No,No,35,Yes,Yes,Fiber optic,No,No,No,No,Yes,Yes,Month-to-month,Yes,Electronic check,95.45,3474.05,1,Loyal(2-4yr),4,1,99.25857142857143,19.09,1,0
Female,No,No,No,15,Yes,No,Fiber optic,Yes,No,No,No,Yes,No,Month-to-month,No,Electronic check,86.2,1270.2,1,Established(1-2yr),3,1,84.68,21.55,1,0
Female,No,No,No,49,Yes,No,DSL,Yes,Yes,Yes,Yes,No,No,Two year,No,Bank transfer (automatic),67.4,3306.85,0,VIP(4yr+),5,1,67.48673469387755,11.233333333333334,0,2
Female,No,Yes,No,55,Yes,No,Fiber optic,Yes,No,No,No,Yes,Yes,One year,Yes,Electronic check,94.75,5276.1,0,VIP(4yr+),4,1,95.92909090909092,18.95,0,1
Male,No,No,No,20,Yes,Yes,Fiber optic,No,No,Yes,No,Yes,No,Month-to-month,Yes,Electronic check,88.7,1761.45,1,Established(1-2yr),4,1,88.0725,17.740000000000002,1,0
Female,No,No,No,12,Yes,No,No,No internet service,No internet service,No internet service,No internet service,No internet service,No internet service,One year,Yes,Bank transfer (automatic),19.35,219.35,0,New(0-12mo),1,0,18.279166666666665,9.675,0,1
Male,No,No,Yes,30,Yes,Yes,No,No internet service,No internet service,No internet service,No internet service,No internet service,No internet service,One year,No,Bank transfer (automatic),25.35,723.3,0,Loyal(2-4yr),2,0,24.11,8.450000000000001,0,1
Female,Yes,Yes,No,66,Yes,Yes,Fiber optic,No,Yes,No,No,Yes,Yes,Month-to-month,Yes,Electronic check,100.8,6690.75,0,VIP(4yr+),5,1,101.375,16.8,1,0
Male,No,No,Yes,1,No,No phone service,DSL,No,Yes,No,Yes,No,No,Month-to-month,No,Mailed check,33.6,33.6,0,New(0-12mo),2,1,33.6,11.200000000000001,1,0
Male,No,No,No,17,No,No phone service,DSL,No,No,No,No,No,No,Month-to-month,No,Credit card (automatic),25.1,382.8,0,Established(1-2yr),0,1,22.51764705882353,25.1,1,0
Male,No,No,No,7,Yes,No,Fiber optic,No,No,No,No,No,No,Month-to-month,Yes,Electronic check,69.55,521.35,0,New(0-12mo),1,1,74.47857142857143,34.775,1,0
Male,No,Yes,Yes,30,Yes,Yes,Fiber optic,No,No,No,No,Yes,No,Month-to-month,No,Electronic check,85.45,2509.95,0,Loyal(2-4yr),3,1,83.66499999999999,21.3625,1,0
Female,No,Yes,Yes,69,Yes,Yes,Fiber optic,No,Yes,Yes,No,Yes,Yes,Month-to-month,Yes,Electronic check,103.95,7446.9,1,VIP(4yr+),6,1,107.92608695652173,14.85,1,0
Male,No,No,Yes,40,Yes,No,DSL,Yes,Yes,No,No,No,No,Month-to-month,Yes,Mailed check,55.25,2139.2,1,Loyal(2-4yr),3,1,53.48,13.8125,1,0
Female,No,No,No,1,Yes,No,No,No internet service,No internet service,No internet service,No internet service,No internet service,No internet service,Month-to-month,Yes,Mailed check,19.6,19.6,1,New(0-12mo),1,0,19.6,9.8,1,0
Male,Yes,No,No,4,Yes,No,Fiber optic,No,No,Yes,No,Yes,Yes,Month-to-month,Yes,Electronic check,94.75,422.4,0,New(0-12mo),4,1,105.6,18.95,1,0
Female,No,No,Yes,53,Yes,Yes,DSL,No,Yes,Yes,Yes,Yes,Yes,One year,Yes,Electronic check,84.6,4449.75,0,VIP(4yr+),7,1,83.95754716981132,10.575,0,1
Male,No,Yes,No,72,Yes,Yes,No,No internet service,No internet service,No internet service,No internet service,No internet service,No internet service,Two year,Yes,Bank transfer (automatic),23.55,1723.95,0,VIP(4yr+),2,0,23.94375,7.8500000000000005,0,2
Male,No,No,No,34,Yes,Yes,Fiber optic,No,Yes,No,Yes,Yes,Yes,Month-to-month,Yes,Electronic check,105.35,3540.65,0,Loyal(2-4yr),6,1,104.13676470588236,15.049999999999999,1,0
Female,No,Yes,No,71,Yes,Yes,No,No internet service,No internet service,No internet service,No internet service,No internet service,No internet service,Two year,No,Bank transfer (automatic),25.0,1753.0,0,VIP(4yr+),2,0,24.690140845070424,8.333333333333334,0,2
Male,No,Yes,Yes,3,Yes,No,DSL,No,No,Yes,No,No,No,Month-to-month,Yes,Electronic check,50.15,168.15,1,New(0-12mo),2,1,56.050000000000004,16.716666666666665,1,0
Male,No,No,No,14,Yes,No,Fiber optic,No,No,Yes,No,No,No,Month-to-month,No,Electronic check,76.45,1117.55,0,Established(1-2yr),2,1,79.825,25.483333333333334,1,0
Male,No,Yes,No,70,Yes,No,Fiber optic,Yes,Yes,Yes,Yes,No,Yes,Two year,No,Credit card (automatic),101.0,7085.5,0,VIP(4yr+),6,1,101.22142857142858,14.428571428571429,0,2
Male,No,No,No,4,No,No phone service,DSL,No,No,No,Yes,No,No,Month-to-month,No,Electronic check,30.5,118.4,0,New(0-12mo),1,1,29.6,15.25,1,0
Male,No,Yes,Yes,12,Yes,No,No,No internet service,No internet service,No internet service,No internet service,No internet service,No internet service,Month-to-month,No,Mailed check,20.5,255.5,0,New(0-12mo),1,0,21.291666666666668,10.25,1,0
Male,Yes,Yes,No,69,Yes,Yes,Fiber optic,No,Yes,Yes,No,No,Yes,Month-to-month,Yes,Bank transfer (automatic),95.35,6382.0,0,VIP(4yr+),5,1,92.4927536231884,15.891666666666666,1,0
Female,No,No,No,4,Yes,No,No,No internet service,No internet service,No internet service,No internet service,No internet service,No internet service,Month-to-month,No,Bank transfer (automatic),20.95,85.5,1,New(0-12mo),1,0,21.375,10.475,1,0
Male,No,Yes,Yes,50,Yes,Yes,DSL,Yes,No,No,Yes,Yes,No,Two year,Yes,Credit card (automatic),70.5,3486.65,0,VIP(4yr+),5,1,69.733,11.75,0,2
Female,No,Yes,Yes,70,Yes,Yes,DSL,Yes,Yes,Yes,Yes,Yes,No,Two year,No,Electronic check,80.7,5617.95,0,VIP(4yr+),7,1,80.25642857142857,10.0875,0,2
Female,No,No,Yes,46,Yes,Yes,Fiber optic,No,No,Yes,Yes,No,No,Month-to-month,Yes,Bank transfer (automatic),84.8,3958.85,0,Loyal(2-4yr),4,1,86.06195652173913,16.96,1,0
Male,Yes,Yes,No,44,No,No phone service,DSL,No,Yes,No,No,No,No,Month-to-month,Yes,Electronic check,30.35,1359.7,1,Loyal(2-4yr),1,1,30.902272727272727,15.175,1,0
Female,No,Yes,No,71,Yes,Yes,No,No internet service,No internet service,No internet service,No internet service,No internet service,No internet service,Two year,No,Credit card (automatic),25.05,1873.7,0,VIP(4yr+),2,0,26.390140845070423,8.35,0,2
Male,No,No,No,36,Yes,No,DSL,Yes,No,Yes,Yes,Yes,Yes,Month-to-month,Yes,Credit card (automatic),79.2,2854.95,0,Loyal(2-4yr),6,1,79.30416666666666,11.314285714285715,1,0
Male,Yes,No,No,1,Yes,No,Fiber optic,No,No,No,No,No,No,Month-to-month,Yes,Electronic check,70.05,70.05,0,New(0-12mo),1,1,70.05,35.025,1,0
Male,No,No,Yes,2,Yes,No,No,No internet service,No internet service,No internet service,No internet service,No internet service,No internet service,Month-to-month,No,Mailed check,19.25,48.35,0,New(0-12mo),1,0,24.175,9.625,1,0
Male,No,No,No,3,Yes,No,Fiber optic,No,No,No,No,No,No,Month-to-month,Yes,Mailed check,70.3,220.4,0,New(0-12mo),1,1,73.46666666666667,35.15,1,0
Male,No,No,No,12,No,No phone service,DSL,Yes,Yes,No,Yes,Yes,No,Month-to-month,Yes,Bank transfer (automatic),50.95,605.75,0,New(0-12mo),4,1,50.479166666666664,10.190000000000001,1,0
Female,Yes,Yes,No,72,Yes,Yes,Fiber optic,Yes,Yes,Yes,Yes,Yes,Yes,Two year,Yes,Credit card (automatic),116.75,8277.05,0,VIP(4yr+),8,1,114.95902777777776,12.972222222222221,0,2
Female,No,Yes,Yes,69,Yes,Yes,DSL,Yes,Yes,No,Yes,Yes,No,One year,No,Credit card (automatic),73.7,4885.85,0,VIP(4yr+),6,1,70.80942028985508,10.528571428571428,0,1
Male,No,No,No,1,Yes,No,Fiber optic,No,No,No,No,No,No,Month-to-month,No,Electronic check,69.95,69.95,1,New(0-12mo),1,1,69.95,34.975,1,0
Female,Yes,No,No,1,No,No phone service,DSL,No,No,No,No,No,No,Month-to-month,No,Mailed check,25.05,25.05,1,New(0-12mo),0,1,25.05,25.05,1,0
Male,No,Yes,Yes,24,Yes,Yes,No,No internet service,No internet service,No internet service,No internet service,No internet service,No internet service,Two year,No,Mailed check,24.2,609.05,0,Established(1-2yr),2,0,25.37708333333333,8.066666666666666,0,2
Female,No,Yes,Yes,22,No,No phone service,DSL,No,Yes,No,No,Yes,No,Month-to-month,No,Electronic check,39.2,849.9,0,Established(1-2yr),2,1,38.63181818181818,13.066666666666668,1,0
Female,No,No,No,31,Yes,Yes,Fiber optic,Yes,No,Yes,No,No,No,Month-to-month,Yes,Credit card (automatic),84.75,2613.4,0,Loyal(2-4yr),4,1,84.30322580645162,16.95,1,0
Female,Yes,No,No,11,Yes,Yes,Fiber optic,No,No,No,No,Yes,Yes,Month-to-month,Yes,Bank transfer (automatic),95.15,997.65,1,New(0-12mo),4,1,90.69545454545454,19.03,1,0
Female,No,Yes,Yes,28,Yes,No,Fiber optic,No,No,No,No,Yes,Yes,One year,Yes,Bank transfer (automatic),90.1,2598.95,1,Loyal(2-4yr),3,1,92.81964285714285,22.525,0,1
Female,No,Yes,Yes,48,No,No phone service,DSL,Yes,Yes,No,Yes,No,No,Two year,No,Mailed check,39.4,1978.65,0,Loyal(2-4yr),3,1,41.221875000000004,9.85,0,2
Female,No,No,No,58,Yes,Yes,Fiber optic,Yes,No,No,No,No,No,Month-to-month,Yes,Bank transfer (automatic),79.8,4526.85,0,VIP(4yr+),3,1,78.0491379310345,19.95,1,0
Female,No,Yes,Yes,28,Yes,No,No,No internet service,No internet service,No internet service,No internet service,No internet service,No internet service,Month-to-month,Yes,Bank transfer (automatic),19.55,543.8,0,Loyal(2-4yr),1,0,19.42142857142857,9.775,1,0
Female,No,No,No,5,Yes,Yes,Fiber optic,No,No,No,No,Yes,No,Month-to-month,Yes,Electronic check,84.0,424.75,0,New(0-12mo),3,1,84.95,21.0,1,0
Female,No,No,No,50,Yes,No,No,No internet service,No internet service,No internet service,No internet service,No internet service,No internet service,One year,Yes,Mailed check,19.35,1033.0,0,VIP(4yr+),1,0,20.66,9.675,0,1
Female,No,Yes,Yes,68,Yes,Yes,Fiber optic,No,Yes,No,Yes,Yes,Yes,Two year,Yes,Credit card (automatic),103.75,7039.45,0,VIP(4yr+),6,1,103.52132352941176,14.821428571428571,0,2
Female,No,Yes,Yes,53,No,No phone service,DSL,Yes,Yes,Yes,No,No,Yes,Month-to-month,Yes,Bank transfer (automatic),48.7,2495.2,0,VIP(4yr+),4,1,47.079245283018864,9.74,1,0
Male,No,No,No,21,Yes,Yes,Fiber optic,Yes,No,Yes,No,Yes,Yes,Month-to-month,No,Mailed check,103.85,2215.0,0,Established(1-2yr),6,1,105.47619047619048,14.835714285714285,1,0
Female,No,Yes,Yes,17,Yes,No,DSL,Yes,Yes,No,No,Yes,Yes,Month-to-month,No,Mailed check,74.55,1215.8,0,Established(1-2yr),5,1,71.51764705882353,12.424999999999999,1,0
Male,Yes,No,No,9,Yes,Yes,Fiber optic,No,No,No,No,No,Yes,Month-to-month,Yes,Electronic check,85.05,746.5,1,New(0-12mo),3,1,82.94444444444444,21.2625,1,0
Female,No,Yes,Yes,51,Yes,No,No,No internet service,No internet service,No internet service,No internet service,No internet service,No internet service,Two year,No,Mailed check,19.95,1028.75,0,VIP(4yr+),1,0,20.17156862745098,9.975,0,2
Male,Yes,Yes,No,62,Yes,Yes,Fiber optic,Yes,Yes,Yes,No,No,No,Month-to-month,Yes,Electronic check,89.1,5618.3,0,VIP(4yr+),5,1,90.61774193548388,14.85,1,0
Female,Yes,Yes,Yes,23,Yes,No,Fiber optic,No,Yes,Yes,No,No,Yes,Month-to-month,Yes,Bank transfer (automatic),88.45,2130.55,0,Established(1-2yr),4,1,92.63260869565218,17.69,1,0
Male,No,Yes,No,71,Yes,No,No,No internet service,No internet service,No internet service,No internet service,No internet service,No internet service,One year,No,Electronic check,20.85,1539.75,0,VIP(4yr+),1,0,21.68661971830986,10.425,0,1
Male,No,Yes,No,72,Yes,Yes,Fiber optic,Yes,Yes,Yes,Yes,No,Yes,Two year,No,Bank transfer (automatic),105.6,7581.5,0,VIP(4yr+),7,1,105.29861111111111,13.2,0,2
Female,No,Yes,Yes,71,Yes,Yes,DSL,Yes,Yes,Yes,Yes,Yes,Yes,Two year,No,Mailed check,91.05,6293.75,0,VIP(4yr+),8,1,88.6443661971831,10.116666666666667,0,2
Male,No,No,No,28,Yes,No,Fiber optic,No,Yes,No,Yes,Yes,No,One year,Yes,Bank transfer (automatic),91.25,2483.65,0,Loyal(2-4yr),4,1,88.70178571428572,18.25,0,1
Male,No,No,No,1,Yes,No,Fiber optic,No,No,No,No,No,No,Month-to-month,No,Mailed check,69.4,69.4,1,New(0-12mo),1,1,69.4,34.7,1,0
Male,No,No,No,46,No,No phone service,DSL,Yes,No,Yes,Yes,No,No,Two year,No,Mailed check,38.25,1755.35,0,Loyal(2-4yr),3,1,38.15978260869565,9.5625,0,2
Female,No,No,Yes,17,Yes,Yes,Fiber optic,No,Yes,Yes,Yes,No,No,Month-to-month,Yes,Credit card (automatic),92.7,1556.85,0,Established(1-2yr),5,1,91.57941176470588,15.450000000000001,1,0
Female,No,No,No,16,Yes,Yes,DSL,No,No,Yes,No,No,Yes,Month-to-month,Yes,Credit card (automatic),65.2,1043.35,1,Established(1-2yr),4,1,65.209375,13.040000000000001,1,0
Male,No,Yes,Yes,60,Yes,Yes,Fiber optic,Yes,No,Yes,No,Yes,No,One year,Yes,Bank transfer (automatic),95.4,5812.0,0,VIP(4yr+),5,1,96.86666666666666,15.9,0,1
Female,No,No,No,1,Yes,Yes,Fiber optic,No,Yes,No,No,No,No,Month-to-month,Yes,Mailed check,80.2,80.2,1,New(0-12mo),3,1,80.2,20.05,1,0
Male,No,Yes,No,56,Yes,Yes,Fiber optic,Yes,No,No,No,Yes,Yes,One year,Yes,Electronic check,100.55,5514.95,0,VIP(4yr+),5,1,98.48125,16.758333333333333,0,1
Female,No,No,No,32,Yes,Yes,Fiber optic,No,No,Yes,No,Yes,Yes,Month-to-month,Yes,Electronic check,101.35,3334.9,0,Loyal(2-4yr),5,1,104.215625,16.891666666666666,1,0
Male,No,No,No,32,Yes,No,Fiber optic,No,No,No,Yes,Yes,Yes,Month-to-month,Yes,Electronic check,96.2,3183.4,1,Loyal(2-4yr),4,1,99.48125,19.240000000000002,1,0
Male,No,No,No,11,No,No phone service,DSL,No,No,Yes,No,Yes,No,One year,Yes,Electronic check,41.6,470.6,1,New(0-12mo),2,1,42.78181818181818,13.866666666666667,0,1
Male,No,Yes,Yes,13,Yes,Yes,No,No internet service,No internet service,No internet service,No internet service,No internet service,No internet service,One year,No,Bank transfer (automatic),24.5,343.6,0,Established(1-2yr),2,0,26.430769230769233,8.166666666666666,0,1
Male,No,No,No,69,Yes,Yes,Fiber optic,No,Yes,Yes,Yes,Yes,No,Two year,Yes,Credit card (automatic),97.65,6743.55,0,VIP(4yr+),6,1,97.73260869565217,13.950000000000001,0,2
Male,No,No,No,39,No,No phone service,DSL,No,No,Yes,Yes,No,No,One year,No,Mailed check,35.55,1309.15,0,Loyal(2-4yr),2,1,33.56794871794872,11.85,0,1
Male,No,No,No,31,Yes,No,Fiber optic,No,Yes,No,No,Yes,Yes,Month-to-month,Yes,Electronic check,94.5,2979.2,0,Loyal(2-4yr),4,1,96.1032258064516,18.9,1,0
Male,No,No,No,66,Yes,Yes,DSL,Yes,Yes,Yes,No,No,Yes,Two year,Yes,Credit card (automatic),74.6,4798.4,0,VIP(4yr+),6,1,72.7030303030303,10.657142857142857,0,2
Male,Yes,Yes,No,27,Yes,Yes,Fiber optic,Yes,No,Yes,No,No,No,One year,Yes,Electronic check,85.9,2220.1,0,Loyal(2-4yr),4,1,82.22592592592592,17.18,0,1
Male,No,Yes,Yes,2,Yes,No,No,No internet service,No internet service,No internet service,No internet service,No internet service,No internet service,Month-to-month,No,Mailed check,20.3,40.25,0,New(0-12mo),1,0,20.125,10.15,1,0
Female,Yes,Yes,No,26,Yes,No,Fiber optic,No,Yes,No,No,No,Yes,Month-to-month,No,Electronic check,84.95,2169.75,1,Loyal(2-4yr),3,1,83.45192307692308,21.2375,1,0
Male,No,Yes,No,52,Yes,Yes,Fiber optic,Yes,No,Yes,Yes,No,No,Two year,Yes,Credit card (automatic),91.6,4627.8,0,VIP(4yr+),5,1,88.99615384615385,15.266666666666666,0,2
Female,No,Yes,Yes,33,Yes,Yes,No,No internet service,No internet service,No internet service,No internet service,No internet service,No internet service,Two year,Yes,Mailed check,24.5,740.3,1,Loyal(2-4yr),2,0,22.433333333333334,8.166666666666666,0,2
Female,No,No,No,1,Yes,No,Fiber optic,No,No,No,No,No,No,Month-to-month,Yes,Mailed check,69.95,69.95,1,New(0-12mo),1,1,69.95,34.975,1,0
Male,No,No,No,66,Yes,Yes,No,No internet service,No internet service,No internet service,No internet service,No internet service,No internet service,One year,No,Bank transfer (automatic),25.45,1699.15,0,VIP(4yr+),2,0,25.74469696969697,8.483333333333333,0,1
Female,No,Yes,No,22,Yes,Yes,DSL,Yes,No,No,Yes,Yes,Yes,Month-to-month,Yes,Electronic check,79.2,1742.75,1,Established(1-2yr),6,1,79.2159090909091,11.314285714285715,1,0
Female,No,No,No,5,Yes,No,Fiber optic,No,No,No,Yes,No,No,Month-to-month,Yes,Mailed check,75.65,399.45,0,New(0-12mo),2,1,79.89,25.21666666666667,1,0
Female,Yes,Yes,No,72,Yes,Yes,Fiber optic,Yes,Yes,Yes,Yes,No,No,Two year,Yes,Bank transfer (automatic),96.6,6827.5,0,VIP(4yr+),6,1,94.82638888888889,13.799999999999999,0,2
Female,Yes,No,No,49,Yes,No,Fiber optic,No,Yes,Yes,No,No,Yes,One year,Yes,Bank transfer (automatic),89.85,4287.2,0,VIP(4yr+),4,1,87.4938775510204,17.97,0,1
Male,Yes,Yes,No,24,Yes,Yes,Fiber optic,No,Yes,Yes,No,Yes,Yes,Month-to-month,Yes,Electronic check,104.25,2433.9,1,Established(1-2yr),6,1,101.41250000000001,14.892857142857142,1,0
Female,Yes,No,No,2,No,No phone service,DSL,No,No,No,No,No,No,Month-to-month,No,Electronic check,24.35,41.85,1,New(0-12mo),0,1,20.925,24.35,1,0
Female,No,Yes,Yes,69,Yes,No,No,No internet service,No internet service,No internet service,No internet service,No internet service,No internet service,Two year,No,Credit card (automatic),19.8,1436.95,0,VIP(4yr+),1,0,20.82536231884058,9.9,0,2
Female,No,No,No,38,Yes,Yes,DSL,No,Yes,No,Yes,No,Yes,Month-to-month,No,Credit card (automatic),68.15,2656.3,0,Loyal(2-4yr),5,1,69.90263157894738,11.358333333333334,1,0
Female,No,No,No,13,Yes,No,No,No internet service,No internet service,No internet service,No internet service,No internet service,No internet service,Month-to-month,Yes,Mailed check,20.3,275.4,0,Established(1-2yr),1,0,21.184615384615384,10.15,1,0
Male,No,No,Yes,9,Yes,No,DSL,No,Yes,No,No,No,No,Month-to-month,Yes,Electronic check,50.1,484.05,0,New(0-12mo),2,1,53.78333333333333,16.7,1,0
Female,Yes,No,No,5,Yes,No,Fiber optic,No,No,No,No,No,No,Month-to-month,Yes,Mailed check,69.05,318.5,1,New(0-12mo),1,1,63.7,34.525,1,0
Female,No,Yes,Yes,51,Yes,Yes,Fiber optic,Yes,Yes,No,No,No,Yes,Month-to-month,Yes,Electronic check,93.8,4539.35,0,VIP(4yr+),5,1,89.00686274509805,15.633333333333333,1,0
Male,No,No,No,62,No,No phone service,DSL,Yes,Yes,Yes,Yes,No,No,Two year,Yes,Bank transfer (automatic),43.7,2618.3,0,VIP(4yr+),4,1,42.230645161290326,8.74,0,2
Male,No,No,No,38,Yes,No,Fiber optic,No,No,No,No,No,No,One year,Yes,Bank transfer (automatic),70.45,2597.6,1,Loyal(2-4yr),1,1,68.3578947368421,35.225,0,1
Female,No,No,No,14,Yes,No,DSL,No,Yes,No,No,No,No,Month-to-month,No,Electronic check,50.45,765.45,0,Established(1-2yr),2,1,54.675000000000004,16.816666666666666,1,0
Female,No,No,No,17,Yes,No,No,No internet service,No internet service,No internet service,No internet service,No internet service,No internet service,One year,No,Credit card (automatic),20.05,337.9,0,Established(1-2yr),1,0,19.876470588235293,10.025,0,1
Female,No,Yes,Yes,13,Yes,No,DSL,Yes,No,No,Yes,No,No,One year,No,Bank transfer (automatic),54.15,701.05,0,Established(1-2yr),3,1,53.926923076923075,13.5375,0,1
Male,Yes,Yes,No,62,Yes,Yes,Fiber optic,No,Yes,Yes,No,Yes,Yes,One year,Yes,Electronic check,103.75,6383.35,1,VIP(4yr+),6,1,102.95725806451614,14.821428571428571,0,1
Male,Yes,Yes,No,67,Yes,Yes,Fiber optic,No,Yes,No,Yes,Yes,Yes,Two year,No,Bank transfer (automatic),102.9,6989.7,0,VIP(4yr+),6,1,104.32388059701492,14.700000000000001,0,2
Female,No,Yes,Yes,58,Yes,Yes,Fiber optic,No,Yes,Yes,No,Yes,Yes,One year,Yes,Credit card (automatic),105.2,6225.4,0,VIP(4yr+),6,1,107.33448275862068,15.028571428571428,0,1
Female,No,Yes,Yes,66,Yes,Yes,Fiber optic,No,Yes,Yes,No,Yes,Yes,One year,Yes,Credit card (automatic),102.45,6615.15,1,VIP(4yr+),6,1,100.22954545454544,14.635714285714286,0,1
Male,No,No,No,25,Yes,No,No,No internet service,No internet service,No internet service,No internet service,No internet service,No internet service,Two year,Yes,Mailed check,20.75,499.4,0,Loyal(2-4yr),1,0,19.976,10.375,0,2
Female,Yes,Yes,No,27,Yes,Yes,Fiber optic,Yes,No,No,Yes,Yes,Yes,Month-to-month,Yes,Bank transfer (automatic),104.3,2867.75,1,Loyal(2-4yr),6,1,106.21296296296296,14.9,1,0
Male,No,Yes,Yes,1,Yes,No,No,No internet service,No internet service,No internet service,No internet service,No internet service,No internet service,Month-to-month,No,Bank transfer (automatic),19.95,19.95,1,New(0-12mo),1,0,19.95,9.975,1,0
Female,No,Yes,Yes,66,Yes,Yes,DSL,Yes,Yes,Yes,Yes,Yes,Yes,Two year,No,Credit card (automatic),89.9,5958.85,0,VIP(4yr+),8,1,90.28560606060607,9.988888888888889,0,2
Male,No,No,No,41,Yes,Yes,DSL,No,No,Yes,No,No,Yes,One year,No,Mailed check,65.0,2531.8,0,Loyal(2-4yr),4,1,61.75121951219513,13.0,0,1
Male,No,No,No,12,Yes,No,No,No internet service,No internet service,No internet service,No internet service,No internet service,No internet service,Month-to-month,No,Mailed check,20.45,255.35,0,New(0-12mo),1,0,21.279166666666665,10.225,1,0
Male,No,Yes,No,18,Yes,No,DSL,No,No,No,No,No,No,Month-to-month,Yes,Bank transfer (automatic),44.35,768.05,0,Established(1-2yr),1,1,42.669444444444444,22.175,1,0
Female,No,Yes,No,71,Yes,Yes,Fiber optic,Yes,No,Yes,No,Yes,Yes,One year,Yes,Credit card (automatic),104.1,7412.25,0,VIP(4yr+),6,1,104.39788732394366,14.87142857142857,0,1
Female,No,Yes,No,21,Yes,Yes,Fiber optic,Yes,No,Yes,No,Yes,Yes,Month-to-month,Yes,Electronic check,103.9,2254.2,1,Established(1-2yr),6,1,107.34285714285713,14.842857142857143,1,0
Female,No,No,No,60,Yes,No,DSL,No,Yes,Yes,Yes,Yes,No,One year,Yes,Credit card (automatic),70.15,4224.7,0,VIP(4yr+),5,1,70.41166666666666,11.691666666666668,0,1
Female,No,Yes,No,31,Yes,No,Fiber optic,No,Yes,No,No,No,Yes,Month-to-month,Yes,Bank transfer (automatic),83.85,2674.15,0,Loyal(2-4yr),3,1,86.26290322580645,20.9625,1,0
Male,No,Yes,Yes,72,Yes,Yes,DSL,Yes,No,No,No,No,No,Two year,No,Bank transfer (automatic),55.3,3983.6,0,VIP(4yr+),3,1,55.327777777777776,13.825,0,2
Male,No,Yes,Yes,22,Yes,No,DSL,Yes,Yes,No,Yes,No,No,Month-to-month,Yes,Mailed check,57.95,1271.8,0,Established(1-2yr),4,1,57.809090909090905,11.59,1,0
Female,No,Yes,Yes,33,Yes,No,No,No internet service,No internet service,No internet service,No internet service,No internet service,No internet service,Two year,No,Credit card (automatic),19.8,641.35,0,Loyal(2-4yr),1,0,19.434848484848487,9.9,0,2
Male,No,Yes,Yes,68,Yes,No,Fiber optic,Yes,Yes,Yes,No,Yes,Yes,Two year,Yes,Bank transfer (automatic),105.25,7173.15,0,VIP(4yr+),6,1,105.4875,15.035714285714286,0,2
Female,No,No,No,17,Yes,Yes,DSL,No,No,Yes,Yes,Yes,No,Month-to-month,Yes,Mailed check,69.0,1108.0,0,Established(1-2yr),5,1,65.17647058823529,11.5,1,0
Male,No,No,No,1,Yes,No,No,No internet service,No internet service,No internet service,No internet service,No internet service,No internet service,Month-to-month,Yes,Mailed check,18.85,18.85,1,New(0-12mo),1,0,18.85,9.425,1,0
Female,No,No,No,9,No,No phone service,DSL,Yes,No,Yes,Yes,Yes,Yes,Month-to-month,No,Mailed check,58.5,539.85,1,New(0-12mo),5,1,59.983333333333334,9.75,1,0
Male,No,Yes,Yes,62,Yes,No,No,No internet service,No internet service,No internet service,No internet service,No internet service,No internet service,Two year,No,Bank transfer (automatic),20.45,1297.35,0,VIP(4yr+),1,0,20.924999999999997,10.225,0,2
Female,No,No,No,36,No,No phone service,DSL,Yes,No,No,No,No,No,Two year,No,Bank transfer (automatic),31.05,1126.35,0,Loyal(2-4yr),1,1,31.287499999999998,15.525,0,2
Female,Yes,Yes,No,69,Yes,No,Fiber optic,Yes,Yes,No,No,No,Yes,One year,No,Credit card (automatic),87.3,6055.55,0,VIP(4yr+),4,1,87.76159420289855,17.46,0,1
Male,No,No,No,67,Yes,No,DSL,No,No,No,Yes,No,No,Two year,No,Bank transfer (automatic),50.55,3260.1,0,VIP(4yr+),2,1,48.65820895522388,16.849999999999998,0,2
Male,No,No,No,2,Yes,No,No,No internet service,No internet service,No internet service,No internet service,No internet service,No internet service,Month-to-month,No,Mailed check,20.05,42.7,0,New(0-12mo),1,0,21.35,10.025,1,0
Female,No,No,No,6,Yes,Yes,Fiber optic,Yes,No,No,No,No,No,Month-to-month,Yes,Electronic check,79.05,434.5,1,New(0-12mo),3,1,72.41666666666667,19.7625,1,0
Male,No,No,No,1,Yes,No,DSL,No,No,No,No,No,No,Month-to-month,No,Mailed check,45.05,45.05,1,New(0-12mo),1,1,45.05,22.525,1,0
Male,Yes,No,No,34,Yes,No,Fiber optic,No,Yes,Yes,No,Yes,Yes,One year,Yes,Electronic check,99.85,3343.15,0,Loyal(2-4yr),5,1,98.32794117647059,16.641666666666666,0,1
Female,No,No,No,23,Yes,No,Fiber optic,No,Yes,Yes,Yes,No,No,Month-to-month,No,Bank transfer (automatic),83.2,2032.3,0,Established(1-2yr),4,1,88.36086956521739,16.64,1,0
Female,No,Yes,Yes,7,Yes,Yes,DSL,No,No,No,No,No,No,Month-to-month,No,Electronic check,48.8,349.8,0,New(0-12mo),2,1,49.971428571428575,16.266666666666666,1,0
Male,No,Yes,Yes,0,Yes,No,No,No internet service,No internet service,No internet service,No internet service,No internet service,No internet service,One year,Yes,Mailed check,19.7,0.0,0,New(0-12mo),1,0,0.0,9.85,0,1
Female,No,Yes,No,11,Yes,No,DSL,No,No,No,No,No,No,Month-to-month,Yes,Electronic check,44.05,483.7,1,New(0-12mo),1,1,43.97272727272727,22.025,1,0
Male,No,No,Yes,60,Yes,Yes,DSL,Yes,No,Yes,Yes,Yes,Yes,Two year,Yes,Electronic check,84.95,4984.85,0,VIP(4yr+),7,1,83.08083333333335,10.61875,0,2
Male,No,Yes,Yes,19,Yes,Yes,Fiber optic,No,No,Yes,Yes,Yes,Yes,Month-to-month,No,Electronic check,103.3,2012.7,1,Established(1-2yr),6,1,105.93157894736842,14.757142857142856,1,0
Female,No,Yes,Yes,45,No,No phone service,DSL,Yes,No,No,No,Yes,Yes,Month-to-month,Yes,Bank transfer (automatic),50.9,2333.85,0,Loyal(2-4yr),3,1,51.86333333333333,12.725,1,0
Male,No,Yes,Yes,18,Yes,No,DSL,No,No,Yes,No,No,Yes,Month-to-month,No,Electronic check,57.45,990.85,1,Established(1-2yr),3,1,55.047222222222224,14.3625,1,0
Female,No,No,No,21,Yes,Yes,Fiber optic,No,Yes,No,No,Yes,Yes,Month-to-month,Yes,Credit card (automatic),99.85,1992.55,0,Established(1-2yr),5,1,94.88333333333333,16.641666666666666,1,0
Female,No,No,No,50,Yes,Yes,DSL,No,Yes,No,Yes,Yes,Yes,Two year,Yes,Mailed check,79.6,4024.2,0,VIP(4yr+),6,1,80.484,11.37142857142857,0,2
Female,No,No,Yes,50,Yes,No,Fiber optic,No,No,No,No,No,No,Two year,No,Credit card (automatic),70.35,3533.6,0,VIP(4yr+),1,1,70.672,35.175,0,2
Female,No,Yes,Yes,24,Yes,No,No,No internet service,No internet service,No internet service,No internet service,No internet service,No internet service,One year,No,Mailed check,19.9,533.5,0,Established(1-2yr),1,0,22.229166666666668,9.95,0,1
Female,No,Yes,No,7,Yes,Yes,Fiber optic,No,No,No,No,Yes,No,Month-to-month,Yes,Electronic check,86.5,582.5,1,New(0-12mo),3,1,83.21428571428571,21.625,1,0
Male,No,No,Yes,27,Yes,No,No,No internet service,No internet service,No internet service,No internet service,No internet service,No internet service,Month-to-month,No,Mailed check,19.15,537.35,0,Loyal(2-4yr),1,0,19.901851851851852,9.575,1,0
Male,No,No,Yes,66,Yes,No,No,No internet service,No internet service,No internet service,No internet service,No internet service,No internet service,Two year,No,Mailed check,20.55,1357.1,0,VIP(4yr+),1,0,20.562121212121212,10.275,0,2
Female,No,Yes,Yes,41,Yes,Yes,DSL,Yes,Yes,Yes,Yes,No,Yes,Month-to-month,No,Credit card (automatic),79.9,3326.2,1,Loyal(2-4yr),7,1,81.12682926829268,9.9875,1,0
Male,No,Yes,No,3,Yes,Yes,Fiber optic,No,No,No,Yes,No,No,Month-to-month,Yes,Bank transfer (automatic),79.65,251.75,1,New(0-12mo),3,1,83.91666666666667,19.9125,1,0
Male,No,Yes,No,50,Yes,No,No,No internet service,No internet service,No internet service,No internet service,No internet service,No internet service,Two year,No,Mailed check,20.55,1067.65,0,VIP(4yr+),1,0,21.353,10.275,0,2
Female,No,Yes,No,25,Yes,No,Fiber optic,No,No,Yes,No,No,No,Month-to-month,Yes,Electronic check,74.6,1797.75,0,Loyal(2-4yr),2,1,71.91,24.866666666666664,1,0
Male,No,Yes,No,55,Yes,Yes,Fiber optic,No,No,Yes,Yes,Yes,Yes,One year,Yes,Electronic check,104.15,5743.05,1,VIP(4yr+),6,1,104.41909090909091,14.87857142857143,0,1
Male,Yes,No,No,67,Yes,No,Fiber optic,Yes,Yes,No,Yes,Yes,Yes,Two year,Yes,Electronic check,105.05,7171.7,0,VIP(4yr+),6,1,107.04029850746268,15.007142857142856,0,2
Female,Yes,Yes,No,36,Yes,Yes,Fiber optic,No,Yes,No,No,Yes,No,Month-to-month,Yes,Credit card (automatic),91.95,3301.05,0,Loyal(2-4yr),4,1,91.69583333333334,18.39,1,0
Female,No,No,No,28,Yes,Yes,DSL,Yes,No,Yes,No,No,No,One year,No,Mailed check,59.0,1654.45,0,Loyal(2-4yr),4,1,59.0875,11.8,0,1
Male,No,Yes,Yes,17,Yes,Yes,Fiber optic,No,No,No,No,Yes,Yes,Month-to-month,Yes,Electronic check,92.55,1515.1,1,Established(1-2yr),4,1,89.12352941176471,18.509999999999998,1,0
Male,No,No,Yes,69,Yes,Yes,DSL,Yes,Yes,Yes,Yes,Yes,No,Two year,Yes,Credit card (automatic),79.45,5502.55,0,VIP(4yr+),7,1,79.74710144927536,9.93125,0,2
Male,No,Yes,Yes,1,Yes,No,Fiber optic,No,No,No,No,Yes,Yes,Month-to-month,Yes,Electronic check,90.1,90.1,0,New(0-12mo),3,1,90.1,22.525,1,0
Female,No,No,Yes,44,Yes,No,No,No internet service,No internet service,No internet service,No internet service,No internet service,No internet service,Two year,No,Mailed check,19.9,868.1,0,Loyal(2-4yr),1,0,19.729545454545455,9.95,0,2
Female,No,Yes,Yes,39,Yes,Yes,Fiber optic,No,No,No,Yes,Yes,Yes,Month-to-month,Yes,Credit card (automatic),99.95,3767.4,0,Loyal(2-4yr),5,1,96.60000000000001,16.658333333333335,1,0
Female,No,Yes,No,7,Yes,No,Fiber optic,No,No,No,No,No,No,Month-to-month,Yes,Bank transfer (automatic),69.2,477.55,0,New(0-12mo),1,1,68.22142857142858,34.6,1,0
Female,No,Yes,No,48,Yes,No,Fiber optic,No,Yes,Yes,No,Yes,Yes,One year,Yes,Electronic check,97.05,4692.95,0,Loyal(2-4yr),5,1,97.76979166666666,16.175,0,1
Female,No,Yes,Yes,71,No,No phone service,DSL,Yes,Yes,No,Yes,Yes,Yes,Two year,No,Bank transfer (automatic),59.7,4122.65,0,VIP(4yr+),5,1,58.06549295774647,9.950000000000001,0,2
Female,No,No,No,3,Yes,No,Fiber optic,No,Yes,No,No,Yes,Yes,Month-to-month,No,Electronic check,95.4,293.15,0,New(0-12mo),4,1,97.71666666666665,19.080000000000002,1,0
Female,No,No,No,45,Yes,Yes,Fiber optic,No,Yes,No,No,Yes,No,Month-to-month,Yes,Credit card (automatic),89.3,4016.85,1,Loyal(2-4yr),4,1,89.26333333333334,17.86,1,0
Female,No,No,No,2,Yes,No,Fiber optic,No,No,No,No,No,No,Month-to-month,No,Electronic check,69.65,145.15,1,New(0-12mo),1,1,72.575,34.825,1,0
Female,No,Yes,No,60,Yes,Yes,Fiber optic,No,Yes,Yes,Yes,Yes,Yes,Two year,Yes,Credit card (automatic),110.8,6640.7,0,VIP(4yr+),7,1,110.67833333333333,13.85,0,2
Female,Yes,Yes,No,58,Yes,No,Fiber optic,Yes,Yes,No,Yes,Yes,Yes,One year,Yes,Credit card (automatic),105.5,6205.5,1,VIP(4yr+),6,1,106.99137931034483,15.071428571428571,0,1
Male,No,No,No,38,Yes,Yes,DSL,Yes,Yes,Yes,Yes,No,No,Month-to-month,No,Electronic check,69.95,2657.55,0,Loyal(2-4yr),6,1,69.93552631578947,9.992857142857144,1,0
Female,Yes,No,No,2,Yes,No,Fiber optic,No,Yes,No,No,Yes,No,Month-to-month,Yes,Bank transfer (automatic),83.8,163.7,0,New(0-12mo),3,1,81.85,20.95,1,0
Male,Yes,No,No,35,Yes,Yes,Fiber optic,Yes,No,No,No,No,Yes,Month-to-month,No,Credit card (automatic),91.0,3180.5,0,Loyal(2-4yr),4,1,90.87142857142857,18.2,1,0
Male,No,No,No,2,Yes,No,Fiber optic,No,No,No,No,No,No,Month-to-month,Yes,Electronic check,70.3,144.0,0,New(0-12mo),1,1,72.0,35.15,1,0
Male,Yes,Yes,No,35,Yes,Yes,Fiber optic,Yes,Yes,No,No,No,Yes,Month-to-month,Yes,Electronic check,94.55,3365.4,0,Loyal(2-4yr),5,1,96.15428571428572,15.758333333333333,1,0
Male,No,No,No,53,Yes,No,No,No internet service,No internet service,No internet service,No internet service,No internet service,No internet service,Two year,No,Bank transfer (automatic),19.65,978.0,0,VIP(4yr+),1,0,18.452830188679247,9.825,0,2
Male,No,Yes,Yes,67,Yes,Yes,No,No internet service,No internet service,No internet service,No internet service,No internet service,No internet service,Two year,No,Bank transfer (automatic),24.65,1620.45,0,VIP(4yr+),2,0,24.18582089552239,8.216666666666667,0,2
Male,No,No,Yes,28,Yes,No,Fiber optic,Yes,No,No,No,No,No,Month-to-month,Yes,Bank transfer (automatic),74.9,2068.55,1,Loyal(2-4yr),2,1,73.87678571428572,24.96666666666667,1,0
Female,No,No,No,41,Yes,No,Fiber optic,No,No,No,No,No,No,Month-to-month,No,Bank transfer (automatic),70.25,2868.05,1,Loyal(2-4yr),1,1,69.95243902439024,35.125,1,0
Female,No,No,No,46,Yes,No,No,No internet service,No internet service,No internet service,No internet service,No internet service,No internet service,Two year,Yes,Electronic check,21.1,937.1,0,Loyal(2-4yr),1,0,20.371739130434783,10.55,0,2
Female,No,No,No,16,Yes,Yes,DSL,No,No,No,No,No,Yes,Month-to-month,Yes,Bank transfer (automatic),63.05,1067.05,0,Established(1-2yr),3,1,66.690625,15.7625,1,0
Male,No,Yes,Yes,66,Yes,Yes,No,No internet service,No internet service,No internet service,No internet service,No internet service,No internet service,Two year,Yes,Credit card (automatic),25.3,1672.35,0,VIP(4yr+),2,0,25.33863636363636,8.433333333333334,0,2
Male,No,Yes,Yes,68,Yes,Yes,Fiber optic,No,Yes,No,No,Yes,Yes,One year,Yes,Credit card (automatic),101.05,6770.5,0,VIP(4yr+),5,1,99.56617647058823,16.841666666666665,0,1
Male,No,Yes,Yes,63,Yes,Yes,DSL,Yes,No,Yes,Yes,No,Yes,Two year,No,Mailed check,75.7,4676.7,0,VIP(4yr+),6,1,74.23333333333333,10.814285714285715,0,2
Male,No,No,Yes,1,Yes,No,Fiber optic,No,No,No,No,No,No,Month-to-month,Yes,Electronic check,71.65,71.65,1,New(0-12mo),1,1,71.65,35.825,1,0
Female,No,Yes,No,46,Yes,Yes,No,No internet service,No internet service,No internet service,No internet service,No internet service,No internet service,One year,Yes,Bank transfer (automatic),24.45,1066.15,0,Loyal(2-4yr),2,0,23.17717391304348,8.15,0,1
Female,Yes,Yes,No,43,Yes,Yes,Fiber optic,Yes,No,Yes,Yes,Yes,Yes,One year,Yes,Mailed check,109.55,4830.25,1,Loyal(2-4yr),7,1,112.3313953488372,13.69375,0,1
Female,No,Yes,Yes,72,Yes,Yes,No,No internet service,No internet service,No internet service,No internet service,No internet service,No internet service,Two year,Yes,Bank transfer (automatic),24.05,1709.15,0,VIP(4yr+),2,0,23.738194444444446,8.016666666666667,0,2
Male,No,No,No,10,No,No phone service,DSL,No,Yes,No,Yes,No,No,Month-to-month,No,Electronic check,35.75,389.8,0,New(0-12mo),2,1,38.980000000000004,11.916666666666666,1,0
Female,No,No,No,38,Yes,Yes,No,No internet service,No internet service,No internet service,No internet service,No internet service,No internet service,One year,Yes,Electronic check,24.25,914.4,0,Loyal(2-4yr),2,0,24.063157894736843,8.083333333333334,0,1
Male,Yes,No,No,12,No,No phone service,DSL,No,No,Yes,Yes,No,Yes,Month-to-month,Yes,Electronic check,43.65,526.95,1,New(0-12mo),3,1,43.9125,10.9125,1,0
Male,Yes,No,No,1,No,No phone service,DSL,No,No,No,No,No,No,Month-to-month,Yes,Electronic check,25.1,25.1,1,New(0-12mo),0,1,25.1,25.1,1,0
Female,No,Yes,No,26,Yes,No,No,No internet service,No internet service,No internet service,No internet service,No internet service,No internet service,One year,No,Mailed check,19.2,459.6,0,Loyal(2-4yr),1,0,17.676923076923078,9.6,0,1
Male,No,No,No,3,Yes,No,Fiber optic,Yes,No,No,Yes,No,No,Month-to-month,Yes,Mailed check,82.3,214.4,0,New(0-12mo),3,1,71.46666666666667,20.575,1,0
Female,No,Yes,Yes,52,Yes,No,No,No internet service,No internet service,No internet service,No internet service,No internet service,No internet service,Two year,No,Mailed check,19.85,1070.5,0,VIP(4yr+),1,0,20.58653846153846,9.925,0,2
Female,No,Yes,Yes,37,Yes,Yes,Fiber optic,No,No,No,No,Yes,Yes,Month-to-month,Yes,Electronic check,95.25,3314.15,0,Loyal(2-4yr),4,1,89.57162162162163,19.05,1,0
Male,No,Yes,No,10,Yes,Yes,Fiber optic,No,No,Yes,No,Yes,Yes,Month-to-month,Yes,Electronic check,98.5,1037.75,1,New(0-12mo),5,1,103.775,16.416666666666668,1,0
Female,No,Yes,No,46,Yes,Yes,DSL,Yes,No,No,No,No,No,Month-to-month,No,Electronic check,53.1,2459.8,0,Loyal(2-4yr),3,1,53.47391304347826,13.275,1,0
Female,No,No,No,1,Yes,Yes,Fiber optic,No,No,No,No,Yes,Yes,Month-to-month,Yes,Electronic check,94.6,94.6,1,New(0-12mo),4,1,94.6,18.919999999999998,1,0
Female,No,No,No,1,Yes,No,Fiber optic,No,No,No,No,No,No,Month-to-month,Yes,Electronic check,69.2,69.2,1,New(0-12mo),1,1,69.2,34.6,1,0
Male,No,No,No,25,Yes,No,No,No internet service,No internet service,No internet service,No internet service,No internet service,No internet service,One year,Yes,Bank transfer (automatic),19.5,516.3,0,Loyal(2-4yr),1,0,20.651999999999997,9.75,0,1
Male,No,No,No,41,Yes,No,Fiber optic,No,Yes,No,Yes,Yes,No,One year,Yes,Electronic check,89.55,3729.75,0,Loyal(2-4yr),4,1,90.96951219512195,17.91,0,1
Female,No,Yes,Yes,67,No,No phone service,DSL,Yes,Yes,Yes,Yes,Yes,No,Two year,No,Credit card (automatic),54.2,3623.95,0,VIP(4yr+),5,1,54.08880597014925,9.033333333333333,0,2
Male,No,No,No,1,Yes,No,DSL,No,No,No,No,No,No,Month-to-month,No,Credit card (automatic),46.2,46.2,1,New(0-12mo),1,1,46.2,23.1,1,0
Male,No,No,No,7,Yes,No,Fiber optic,No,No,No,No,No,No,Month-to-month,No,Bank transfer (automatic),69.15,488.65,0,New(0-12mo),1,1,69.80714285714285,34.575,1,0
Male,No,Yes,Yes,5,Yes,Yes,No,No internet service,No internet service,No internet service,No internet service,No internet service,No internet service,Month-to-month,Yes,Bank transfer (automatic),25.9,135.0,1,New(0-12mo),2,0,27.0,8.633333333333333,1,0
Male,No,No,No,18,Yes,No,DSL,No,No,Yes,Yes,No,No,Month-to-month,No,Credit card (automatic),55.2,1058.1,0,Established(1-2yr),3,1,58.78333333333333,13.8,1,0
Male,No,Yes,No,69,No,No phone service,DSL,No,Yes,Yes,Yes,Yes,Yes,One year,Yes,Credit card (automatic),60.8,4263.4,0,VIP(4yr+),5,1,61.78840579710145,10.133333333333333,0,1
Female,No,No,No,72,Yes,No,Fiber optic,Yes,Yes,Yes,Yes,Yes,Yes,Two year,Yes,Electronic check,109.9,7624.2,0,VIP(4yr+),7,1,105.89166666666667,13.7375,0,2
Male,No,No,No,20,Yes,Yes,Fiber optic,No,No,Yes,No,Yes,No,Month-to-month,Yes,Credit card (automatic),90.7,1781.35,0,Established(1-2yr),4,1,89.0675,18.14,1,0
Male,No,Yes,Yes,71,Yes,Yes,DSL,Yes,Yes,Yes,Yes,Yes,Yes,Two year,No,Electronic check,90.35,6325.25,0,VIP(4yr+),8,1,89.08802816901408,10.038888888888888,0,2
Female,Yes,No,No,9,Yes,Yes,Fiber optic,No,No,No,No,No,No,Month-to-month,Yes,Electronic check,74.55,622.9,1,New(0-12mo),2,1,69.21111111111111,24.849999999999998,1,0
Female,No,No,No,1,Yes,No,Fiber optic,No,No,No,No,No,Yes,Month-to-month,No,Credit card (automatic),80.15,80.15,1,New(0-12mo),2,1,80.15,26.71666666666667,1,0
Male,No,No,No,33,Yes,No,DSL,No,Yes,Yes,No,Yes,No,Month-to-month,Yes,Credit card (automatic),66.4,2245.4,0,Loyal(2-4yr),4,1,68.04242424242425,13.280000000000001,1,0
Female,No,No,No,1,Yes,No,Fiber optic,No,Yes,No,No,No,No,Month-to-month,No,Electronic check,75.8,75.8,1,New(0-12mo),2,1,75.8,25.266666666666666,1,0
Female,Yes,No,No,8,Yes,No,Fiber optic,No,Yes,No,No,Yes,No,Month-to-month,Yes,Electronic check,87.1,713.6,0,New(0-12mo),3,1,89.2,21.775,1,0
Male,No,Yes,Yes,19,Yes,Yes,DSL,No,No,No,No,No,No,Month-to-month,No,Credit card (automatic),50.1,910.45,0,Established(1-2yr),2,1,47.91842105263158,16.7,1,0
Male,Yes,Yes,No,57,Yes,Yes,DSL,No,Yes,Yes,No,Yes,No,One year,Yes,Credit card (automatic),71.1,4140.1,0,VIP(4yr+),5,1,72.63333333333334,11.85,0,1
Male,No,No,Yes,6,Yes,No,No,No internet service,No internet service,No internet service,No internet service,No internet service,No internet service,Month-to-month,No,Mailed check,19.7,111.65,0,New(0-12mo),1,0,18.608333333333334,9.85,1,0
Female,No,No,No,34,Yes,No,Fiber optic,No,No,No,No,No,No,Month-to-month,Yes,Credit card (automatic),70.0,2416.1,1,Loyal(2-4yr),1,1,71.06176470588235,35.0,1,0
Female,No,No,No,13,No,No phone service,DSL,No,No,No,No,No,No,Month-to-month,Yes,Electronic check,23.9,300.8,1,Established(1-2yr),0,1,23.138461538461538,23.9,1,0
Male,No,Yes,No,34,Yes,No,No,No internet service,No internet service,No internet service,No internet service,No internet service,No internet service,Two year,No,Credit card (automatic),20.05,679.0,0,Loyal(2-4yr),1,0,19.970588235294116,10.025,0,2
Male,No,No,No,13,Yes,No,No,No internet service,No internet service,No internet service,No internet service,No internet service,No internet service,Month-to-month,Yes,Electronic check,20.4,251.65,0,Established(1-2yr),1,0,19.357692307692307,10.2,1,0
Female,No,Yes,No,1,No,No phone service,DSL,No,No,No,No,No,Yes,Month-to-month,No,Electronic check,35.0,35.0,0,New(0-12mo),1,1,35.0,17.5,1,0
Male,No,Yes,No,63,Yes,No,Fiber optic,Yes,Yes,Yes,Yes,Yes,Yes,Two year,Yes,Credit card (automatic),110.1,6705.7,0,VIP(4yr+),7,1,106.43968253968254,13.7625,0,2
Female,No,No,No,7,Yes,No,No,No internet service,No internet service,No internet service,No internet service,No internet service,No internet service,Month-to-month,No,Mailed check,20.65,155.9,0,New(0-12mo),1,0,22.271428571428572,10.325,1,0
Male,No,Yes,Yes,63,Yes,Yes,No,No internet service,No internet service,No internet service,No internet service,No internet service,No internet service,Two year,No,Credit card (automatic),24.65,1574.5,0,VIP(4yr+),2,0,24.99206349206349,8.216666666666667,0,2
Female,Yes,No,No,43,No,No phone service,DSL,Yes,Yes,No,No,No,No,Month-to-month,Yes,Credit card (automatic),33.45,1500.25,0,Loyal(2-4yr),2,1,34.88953488372093,11.15,1,0
Female,No,Yes,Yes,12,Yes,Yes,No,No internet service,No internet service,No internet service,No internet service,No internet service,No internet service,Two year,No,Credit card (automatic),25.25,274.7,0,New(0-12mo),2,0,22.891666666666666,8.416666666666666,0,2
Female,No,No,Yes,4,Yes,Yes,No,No internet service,No internet service,No internet service,No internet service,No internet service,No internet service,Month-to-month,Yes,Mailed check,25.45,84.2,0,New(0-12mo),2,0,21.05,8.483333333333333,1,0
Female,Yes,No,No,47,Yes,Yes,Fiber optic,No,Yes,Yes,No,No,No,Month-to-month,Yes,Bank transfer (automatic),85.2,3969.35,1,Loyal(2-4yr),4,1,84.45425531914893,17.04,1,0
Female,No,Yes,Yes,49,Yes,Yes,Fiber optic,No,No,No,No,Yes,Yes,Month-to-month,Yes,Bank transfer (automatic),95.4,4613.95,0,VIP(4yr+),4,1,94.16224489795918,19.080000000000002,1,0
Female,No,Yes,Yes,50,Yes,Yes,DSL,Yes,Yes,Yes,Yes,No,Yes,One year,Yes,Bank transfer (automatic),80.05,4042.2,0,VIP(4yr+),7,1,80.844,10.00625,0,1
Male,No,Yes,No,66,Yes,Yes,DSL,Yes,Yes,Yes,No,No,No,Two year,Yes,Credit card (automatic),66.1,4428.45,0,VIP(4yr+),5,1,67.09772727272727,11.016666666666666,0,2
Female,No,No,No,1,Yes,No,DSL,No,No,No,No,No,No,Month-to-month,No,Mailed check,44.4,44.4,1,New(0-12mo),1,1,44.4,22.2,1,0
Male,No,Yes,Yes,69,Yes,Yes,DSL,Yes,No,Yes,Yes,Yes,Yes,Two year,No,Bank transfer (automatic),86.9,6194.1,0,VIP(4yr+),7,1,89.7695652173913,10.8625,0,2
Female,No,No,No,1,Yes,No,No,No internet service,No internet service,No internet service,No internet service,No internet service,No internet service,Month-to-month,No,Mailed check,19.85,19.85,0,New(0-12mo),1,0,19.85,9.925,1,0
Female,No,Yes,Yes,43,Yes,Yes,No,No internet service,No internet service,No internet service,No internet service,No internet service,No internet service,One year,Yes,Bank transfer (automatic),24.45,993.15,0,Loyal(2-4yr),2,0,23.096511627906978,8.15,0,1
Female,No,No,No,2,Yes,No,DSL,No,No,Yes,Yes,Yes,Yes,Month-to-month,No,Electronic check,76.4,160.8,1,New(0-12mo),5,1,80.4,12.733333333333334,1,0
Male,No,Yes,Yes,42,Yes,No,No,No internet service,No internet service,No internet service,No internet service,No internet service,No internet service,Two year,No,Mailed check,19.35,867.3,0,Loyal(2-4yr),1,0,20.65,9.675,0,2
Female,Yes,No,No,5,Yes,No,Fiber optic,No,Yes,No,No,Yes,No,Month-to-month,Yes,Electronic check,84.7,392.5,0,New(0-12mo),3,1,78.5,21.175,1,0
Male,No,No,No,54,Yes,No,No,No internet service,No internet service,No internet service,No internet service,No internet service,No internet service,Two year,No,Credit card (automatic),19.65,1008.7,0,VIP(4yr+),1,0,18.67962962962963,9.825,0,2
Female,No,No,No,7,Yes,Yes,Fiber optic,No,No,No,No,No,No,Month-to-month,No,Mailed check,75.45,480.75,1,New(0-12mo),2,1,68.67857142857143,25.150000000000002,1,0
Female,No,No,No,9,Yes,No,DSL,No,No,No,No,No,No,Month-to-month,Yes,Electronic check,43.75,405.7,0,New(0-12mo),1,1,45.077777777777776,21.875,1,0
Female,No,No,No,4,Yes,No,DSL,No,Yes,No,No,No,No,Month-to-month,No,Credit card (automatic),50.7,151.3,1,New(0-12mo),2,1,37.825,16.900000000000002,1,0
Male,No,No,No,34,Yes,Yes,No,No internet service,No internet service,No internet service,No internet service,No internet service,No internet service,Two year,No,Bank transfer (automatic),26.1,980.35,0,Loyal(2-4yr),2,0,28.833823529411767,8.700000000000001,0,2
Male,No,Yes,No,42,No,No phone service,DSL,No,No,No,No,No,No,Month-to-month,Yes,Credit card (automatic),25.1,1097.15,0,Loyal(2-4yr),0,1,26.12261904761905,25.1,1,0
Male,No,Yes,Yes,71,Yes,Yes,DSL,Yes,Yes,Yes,Yes,Yes,Yes,Two year,No,Electronic check,90.4,6668.05,0,VIP(4yr+),8,1,93.91619718309859,10.044444444444444,0,2
Male,Yes,No,No,20,Yes,No,Fiber optic,No,No,No,No,No,No,Month-to-month,No,Credit card (automatic),71.3,1389.2,1,Established(1-2yr),1,1,69.46000000000001,35.65,1,0
Female,Yes,Yes,No,70,Yes,Yes,Fiber optic,Yes,Yes,Yes,Yes,Yes,Yes,Two year,Yes,Credit card (automatic),113.0,7987.6,0,VIP(4yr+),8,1,114.10857142857144,12.555555555555555,0,2
Male,No,Yes,Yes,48,Yes,No,DSL,No,Yes,Yes,No,No,No,One year,Yes,Credit card (automatic),55.8,2651.2,0,Loyal(2-4yr),3,1,55.23333333333333,13.95,0,1
Female,No,Yes,No,6,Yes,No,DSL,No,No,No,No,No,No,Month-to-month,No,Mailed check,45.65,323.45,0,New(0-12mo),1,1,53.90833333333333,22.825,1,0
Male,Yes,Yes,No,8,Yes,No,DSL,Yes,No,No,No,Yes,No,Month-to-month,No,Bank transfer (automatic),60.9,551.95,0,New(0-12mo),3,1,68.99375,15.225,1,0
Female,No,No,No,1,Yes,No,DSL,No,No,No,No,No,No,Month-to-month,No,Mailed check,44.75,44.75,0,New(0-12mo),1,1,44.75,22.375,1,0
Male,No,Yes,No,69,Yes,Yes,Fiber optic,Yes,Yes,Yes,Yes,No,Yes,One year,Yes,Credit card (automatic),107.2,7317.1,0,VIP(4yr+),7,1,106.0449275362319,13.4,0,1
Male,No,Yes,Yes,23,No,No phone service,DSL,No,No,No,Yes,No,No,Month-to-month,Yes,Bank transfer (automatic),30.35,678.75,0,Established(1-2yr),1,1,29.51086956521739,15.175,1,0
Female,No,No,No,26,No,No phone service,DSL,No,No,Yes,Yes,Yes,No,Month-to-month,Yes,Credit card (automatic),44.45,1183.8,0,Loyal(2-4yr),3,1,45.53076923076923,11.1125,1,0
Male,No,No,Yes,2,Yes,Yes,DSL,Yes,Yes,No,No,No,No,Month-to-month,No,Bank transfer (automatic),60.95,134.6,0,New(0-12mo),4,1,67.3,12.190000000000001,1,0
Male,Yes,Yes,Yes,68,Yes,Yes,Fiber optic,No,Yes,Yes,No,No,No,Month-to-month,Yes,Electronic check,84.65,5683.6,0,VIP(4yr+),4,1,83.58235294117648,16.93,1,0
Female,Yes,Yes,No,14,Yes,Yes,Fiber optic,No,Yes,No,No,Yes,Yes,Month-to-month,Yes,Electronic check,100.2,1369.8,1,Established(1-2yr),5,1,97.84285714285714,16.7,1,0
Male,No,Yes,No,58,Yes,Yes,DSL,Yes,Yes,Yes,No,Yes,Yes,Two year,Yes,Electronic check,86.1,4890.5,0,VIP(4yr+),7,1,84.31896551724138,10.7625,0,2
Female,No,Yes,No,62,Yes,No,DSL,Yes,Yes,Yes,No,Yes,No,Two year,Yes,Credit card (automatic),72.0,4284.2,0,VIP(4yr+),5,1,69.1,12.0,0,2
Male,No,Yes,Yes,15,No,No phone service,DSL,Yes,No,No,No,No,No,Month-to-month,Yes,Bank transfer (automatic),30.2,469.65,0,Established(1-2yr),1,1,31.31,15.1,1,0
Female,No,Yes,No,49,Yes,No,No,No internet service,No internet service,No internet service,No internet service,No internet service,No internet service,Two year,Yes,Bank transfer (automatic),20.15,973.35,0,VIP(4yr+),1,0,19.864285714285714,10.075,0,2
Male,Yes,No,No,1,Yes,No,Fiber optic,No,No,No,No,No,No,Month-to-month,Yes,Electronic check,71.65,71.65,1,New(0-12mo),1,1,71.65,35.825,1,0
Male,No,No,No,18,No,No phone service,DSL,No,Yes,Yes,No,No,No,Month-to-month,Yes,Credit card (automatic),33.5,600.0,1,Established(1-2yr),2,1,33.333333333333336,11.166666666666666,1,0
Female,No,No,Yes,49,Yes,No,No,No internet service,No internet service,No internet service,No internet service,No internet service,No internet service,Two year,No,Credit card (automatic),20.45,1024.65,0,VIP(4yr+),1,0,20.91122448979592,10.225,0,2
Male,No,Yes,Yes,45,Yes,Yes,No,No internet service,No internet service,No internet service,No internet service,No internet service,No internet service,Two year,No,Mailed check,24.45,1088.25,0,Loyal(2-4yr),2,0,24.183333333333334,8.15,0,2
Male,No,No,No,17,Yes,Yes,Fiber optic,No,No,Yes,Yes,No,Yes,Month-to-month,Yes,Bank transfer (automatic),95.65,1640.0,0,Established(1-2yr),5,1,96.47058823529412,15.941666666666668,1,0
Female,No,Yes,Yes,69,Yes,No,No,No internet service,No internet service,No internet service,No internet service,No internet service,No internet service,Two year,No,Bank transfer (automatic),20.15,1337.5,0,VIP(4yr+),1,0,19.384057971014492,10.075,0,2
Male,No,No,No,1,Yes,No,Fiber optic,No,No,No,No,No,No,Month-to-month,Yes,Electronic check,69.9,69.9,0,New(0-12mo),1,1,69.9,34.95,1,0
Female,No,No,No,30,Yes,No,DSL,Yes,Yes,No,No,No,No,Month-to-month,Yes,Bank transfer (automatic),55.3,1530.6,0,Loyal(2-4yr),3,1,51.019999999999996,13.825,1,0
Female,No,Yes,No,71,Yes,Yes,No,No internet service,No internet service,No internet service,No internet service,No internet service,No internet service,Two year,No,Credit card (automatic),25.6,1888.25,0,VIP(4yr+),2,0,26.595070422535212,8.533333333333333,0,2
Female,No,Yes,Yes,5,Yes,Yes,No,No internet service,No internet service,No internet service,No internet service,No internet service,No internet service,Month-to-month,Yes,Mailed check,24.3,132.25,0,New(0-12mo),2,0,26.45,8.1,1,0
Male,No,No,No,49,Yes,Yes,Fiber optic,No,Yes,No,No,Yes,Yes,Month-to-month,No,Electronic check,98.7,4920.55,0,VIP(4yr+),5,1,100.41938775510205,16.45,1,0
Male,Yes,No,No,55,Yes,Yes,Fiber optic,Yes,No,No,No,Yes,Yes,Month-to-month,Yes,Electronic check,98.8,5617.75,1,VIP(4yr+),5,1,102.14090909090909,16.466666666666665,1,0
Female,Yes,No,No,4,Yes,Yes,Fiber optic,Yes,No,No,No,No,No,Month-to-month,Yes,Electronic check,80.25,303.7,0,New(0-12mo),3,1,75.925,20.0625,1,0
Female,No,No,No,4,Yes,No,Fiber optic,No,No,No,No,No,Yes,Month-to-month,Yes,Electronic check,79.15,317.25,1,New(0-12mo),2,1,79.3125,26.383333333333336,1,0
Female,No,No,No,18,Yes,No,No,No internet service,No internet service,No internet service,No internet service,No internet service,No internet service,Month-to-month,Yes,Mailed check,19.55,389.25,0,Established(1-2yr),1,0,21.625,9.775,1,0
Male,No,Yes,Yes,27,Yes,Yes,Fiber optic,No,No,No,No,No,No,Month-to-month,Yes,Bank transfer (automatic),75.75,1929.0,0,Loyal(2-4yr),2,1,71.44444444444444,25.25,1,0
Female,Yes,Yes,No,72,Yes,Yes,DSL,Yes,Yes,Yes,Yes,Yes,Yes,Two year,No,Credit card (automatic),89.1,6352.4,0,VIP(4yr+),8,1,88.22777777777777,9.899999999999999,0,2
Female,No,No,No,3,Yes,No,No,No internet service,No internet service,No internet service,No internet service,No internet service,No internet service,Month-to-month,No,Mailed check,19.85,57.2,0,New(0-12mo),1,0,19.066666666666666,9.925,1,0
Female,No,Yes,No,3,Yes,Yes,Fiber optic,No,No,No,No,No,No,Month-to-month,Yes,Electronic check,75.85,256.6,1,New(0-12mo),2,1,85.53333333333335,25.28333333333333,1,0
Male,No,Yes,Yes,59,Yes,No,No,No internet service,No internet service,No internet service,No internet service,No internet service,No internet service,Two year,No,Mailed check,19.5,1147.85,0,VIP(4yr+),1,0,19.45508474576271,9.75,0,2
Male,No,Yes,No,16,Yes,Yes,Fiber optic,No,No,No,No,No,No,Month-to-month,Yes,Bank transfer (automatic),73.85,1284.2,1,Established(1-2yr),2,1,80.2625,24.616666666666664,1,0
Male,No,No,No,13,Yes,No,Fiber optic,No,No,Yes,No,Yes,No,Month-to-month,Yes,Electronic check,83.2,1060.6,1,Established(1-2yr),3,1,81.58461538461538,20.8,1,0
Female,No,Yes,Yes,37,Yes,Yes,No,No internet service,No internet service,No internet service,No internet service,No internet service,No internet service,Two year,Yes,Bank transfer (automatic),24.1,861.85,0,Loyal(2-4yr),2,0,23.293243243243243,8.033333333333333,0,2
Female,No,Yes,Yes,6,Yes,Yes,DSL,No,No,No,No,No,No,Month-to-month,Yes,Credit card (automatic),48.95,273.25,0,New(0-12mo),2,1,45.541666666666664,16.316666666666666,1,0
Male,No,Yes,Yes,41,Yes,Yes,DSL,Yes,Yes,Yes,No,Yes,No,Month-to-month,Yes,Credit card (automatic),74.55,3023.55,0,Loyal(2-4yr),6,1,73.74512195121952,10.65,1,0
Female,Yes,No,No,10,Yes,No,Fiber optic,No,No,Yes,No,No,Yes,Month-to-month,Yes,Credit card (automatic),84.6,865.55,1,New(0-12mo),3,1,86.55499999999999,21.15,1,0
Female,No,No,No,8,Yes,No,DSL,Yes,No,No,Yes,No,Yes,Month-to-month,No,Bank transfer (automatic),66.05,574.5,0,New(0-12mo),4,1,71.8125,13.209999999999999,1,0
Male,No,No,No,4,Yes,No,No,No internet service,No internet service,No internet service,No internet service,No internet service,No internet service,Month-to-month,Yes,Mailed check,19.65,67.55,0,New(0-12mo),1,0,16.8875,9.825,1,0
Male,No,No,No,1,Yes,No,DSL,No,No,No,No,No,No,Month-to-month,Yes,Mailed check,44.95,44.95,0,New(0-12mo),1,1,44.95,22.475,1,0
Male,No,No,Yes,47,Yes,No,DSL,Yes,Yes,No,No,No,No,Month-to-month,Yes,Electronic check,55.3,2654.05,0,Loyal(2-4yr),3,1,56.469148936170214,13.825,1,0
Male,No,No,No,3,Yes,No,Fiber optic,No,No,No,No,Yes,Yes,Month-to-month,Yes,Electronic check,92.0,266.8,0,New(0-12mo),3,1,88.93333333333334,23.0,1,0
Female,No,No,No,7,Yes,No,Fiber optic,No,No,No,No,Yes,No,Month-to-month,Yes,Electronic check,79.7,586.05,1,New(0-12mo),2,1,83.72142857142856,26.566666666666666,1,0
Female,Yes,Yes,No,42,Yes,Yes,Fiber optic,Yes,No,Yes,No,Yes,Yes,One year,Yes,Bank transfer (automatic),105.2,4599.15,0,Loyal(2-4yr),6,1,109.50357142857142,15.028571428571428,0,1
Female,No,No,No,21,Yes,No,Fiber optic,No,No,No,No,No,No,Month-to-month,Yes,Electronic check,68.65,1493.2,0,Established(1-2yr),1,1,71.1047619047619,34.325,1,0
Male,No,No,No,2,Yes,No,DSL,No,No,No,No,No,No,Month-to-month,No,Electronic check,44.35,81.25,1,New(0-12mo),1,1,40.625,22.175,1,0
Female,No,No,No,26,Yes,Yes,Fiber optic,No,No,Yes,No,Yes,Yes,Month-to-month,Yes,Bank transfer (automatic),100.5,2599.95,0,Loyal(2-4yr),5,1,99.99807692307692,16.75,1,0
Male,No,No,No,12,Yes,Yes,Fiber optic,No,No,Yes,No,Yes,No,Month-to-month,Yes,Electronic check,89.55,1021.75,0,New(0-12mo),4,1,85.14583333333333,17.91,1,0
Female,No,No,Yes,1,Yes,No,Fiber optic,Yes,No,No,No,No,No,Month-to-month,Yes,Mailed check,73.6,73.6,1,New(0-12mo),2,1,73.6,24.53333333333333,1,0
Female,No,No,Yes,48,Yes,No,Fiber optic,No,Yes,Yes,Yes,Yes,No,Two year,Yes,Mailed check,95.5,4627.85,1,Loyal(2-4yr),5,1,96.41354166666667,15.916666666666666,0,2
Male,No,No,No,1,Yes,No,No,No internet service,No internet service,No internet service,No internet service,No internet service,No internet service,Month-to-month,Yes,Bank transfer (automatic),20.2,20.2,1,New(0-12mo),1,0,20.2,10.1,1,0
Male,Yes,Yes,No,49,Yes,No,DSL,No,Yes,No,No,No,No,Two year,No,Mailed check,49.8,2398.4,0,VIP(4yr+),2,1,48.946938775510205,16.599999999999998,0,2
Male,No,Yes,Yes,50,Yes,No,DSL,No,No,No,No,No,No,One year,Yes,Bank transfer (automatic),44.8,2230.85,0,VIP(4yr+),1,1,44.617,22.4,0,1
Male,No,Yes,No,5,No,No phone service,DSL,No,No,No,No,No,No,Month-to-month,Yes,Electronic check,24.95,100.4,1,New(0-12mo),0,1,20.080000000000002,24.95,1,0
Female,Yes,No,No,6,No,No phone service,DSL,No,No,No,No,Yes,Yes,Month-to-month,Yes,Electronic check,44.4,263.05,0,New(0-12mo),2,1,43.84166666666667,14.799999999999999,1,0
Male,No,No,No,2,Yes,No,No,No internet service,No internet service,No internet service,No internet service,No internet service,No internet service,Month-to-month,No,Mailed check,20.25,36.8,0,New(0-12mo),1,0,18.4,10.125,1,0
Female,No,No,Yes,50,Yes,No,DSL,Yes,No,Yes,Yes,Yes,No,One year,Yes,Credit card (automatic),70.8,3478.15,0,VIP(4yr+),5,1,69.563,11.799999999999999,0,1
Male,Yes,No,No,8,Yes,Yes,Fiber optic,No,No,Yes,No,Yes,Yes,Month-to-month,Yes,Electronic check,100.6,819.4,1,New(0-12mo),5,1,102.425,16.766666666666666,1,0
Female,Yes,Yes,No,56,Yes,Yes,Fiber optic,No,No,No,Yes,No,No,Month-to-month,Yes,Bank transfer (automatic),76.85,4275.75,0,VIP(4yr+),3,1,76.35267857142857,19.2125,1,0
Male,No,Yes,No,38,Yes,No,No,No internet service,No internet service,No internet service,No internet service,No internet service,No internet service,Two year,No,Bank transfer (automatic),20.4,743.5,0,Loyal(2-4yr),1,0,19.56578947368421,10.2,0,2
Male,No,Yes,No,63,Yes,No,No,No internet service,No internet service,No internet service,No internet service,No internet service,No internet service,Two year,Yes,Bank transfer (automatic),19.95,1234.8,0,VIP(4yr+),1,0,19.599999999999998,9.975,0,2
Male,No,Yes,No,58,No,No phone service,DSL,No,No,No,No,Yes,Yes,One year,Yes,Credit card (automatic),45.0,2689.35,0,VIP(4yr+),2,1,46.36810344827586,15.0,0,1
Female,Yes,No,No,2,Yes,No,Fiber optic,No,No,No,No,No,Yes,Month-to-month,Yes,Electronic check,79.6,195.05,1,New(0-12mo),2,1,97.525,26.53333333333333,1,0
Female,No,Yes,Yes,51,Yes,No,DSL,Yes,Yes,Yes,Yes,Yes,Yes,Two year,No,Credit card (automatic),85.5,4421.95,0,VIP(4yr+),7,1,86.70490196078431,10.6875,0,2
Female,No,Yes,No,26,Yes,Yes,No,No internet service,No internet service,No internet service,No internet service,No internet service,No internet service,One year,No,Mailed check,26.0,684.05,0,Loyal(2-4yr),2,0,26.309615384615384,8.666666666666666,0,1
Female,No,No,No,9,Yes,No,Fiber optic,No,No,No,No,No,No,Month-to-month,No,Electronic check,71.0,672.55,1,New(0-12mo),1,1,74.72777777777777,35.5,1,0
Female,No,No,No,32,No,No phone service,DSL,Yes,No,No,No,No,No,One year,No,Mailed check,30.15,927.65,0,Loyal(2-4yr),1,1,28.9890625,15.075,0,1
Male,No,No,No,7,Yes,No,Fiber optic,Yes,No,No,No,No,No,Month-to-month,No,Mailed check,74.35,533.6,0,New(0-12mo),2,1,76.22857142857143,24.78333333333333,1,0
Male,No,No,Yes,47,Yes,No,No,No internet service,No internet service,No internet service,No internet service,No internet service,No internet service,One year,No,Credit card (automatic),20.55,1013.05,0,Loyal(2-4yr),1,0,21.554255319148936,10.275,0,1
Male,No,No,No,66,Yes,Yes,Fiber optic,Yes,Yes,Yes,Yes,Yes,Yes,One year,Yes,Bank transfer (automatic),114.3,7383.7,0,VIP(4yr+),8,1,111.87424242424242,12.7,0,1
Female,No,Yes,No,4,No,No phone service,DSL,No,No,No,No,No,No,Month-to-month,Yes,Electronic check,25.15,99.95,0,New(0-12mo),0,1,24.9875,25.15,1,0
Female,No,No,No,1,Yes,No,Fiber optic,No,No,No,No,No,No,Month-to-month,No,Bank transfer (automatic),69.7,69.7,1,New(0-12mo),1,1,69.7,34.85,1,0
Male,Yes,Yes,No,49,Yes,Yes,Fiber optic,Yes,Yes,Yes,No,No,No,Month-to-month,Yes,Electronic check,88.2,4159.45,0,VIP(4yr+),5,1,84.88673469387754,14.700000000000001,1,0
Male,No,No,No,52,Yes,No,No,No internet service,No internet service,No internet service,No internet service,No internet service,No internet service,Two year,No,Mailed check,19.65,1025.05,0,VIP(4yr+),1,0,19.7125,9.825,0,2
Male,Yes,Yes,No,65,Yes,No,Fiber optic,No,No,No,No,No,No,One year,Yes,Bank transfer (automatic),70.95,4555.2,0,VIP(4yr+),1,1,70.08,35.475,0,1
Male,No,Yes,No,60,Yes,Yes,Fiber optic,No,Yes,Yes,No,Yes,Yes,One year,No,Bank transfer (automatic),102.5,6157.6,0,VIP(4yr+),6,1,102.62666666666668,14.642857142857142,0,1
Female,No,Yes,Yes,1,Yes,No,No,No internet service,No internet service,No internet service,No internet service,No internet service,No internet service,Month-to-month,No,Mailed check,19.45,19.45,1,New(0-12mo),1,0,19.45,9.725,1,0
Female,No,Yes,Yes,4,Yes,No,Fiber optic,No,No,No,No,No,Yes,Month-to-month,No,Electronic check,80.85,302.75,1,New(0-12mo),2,1,75.6875,26.95,1,0
Female,No,Yes,Yes,72,Yes,Yes,Fiber optic,Yes,Yes,Yes,Yes,Yes,Yes,Two year,Yes,Credit card (automatic),116.4,8543.25,0,VIP(4yr+),8,1,118.65625,12.933333333333334,0,2
Female,No,Yes,Yes,58,Yes,No,DSL,No,No,No,No,No,No,One year,Yes,Mailed check,44.1,2413.05,0,VIP(4yr+),1,1,41.60431034482759,22.05,0,1
Male,No,No,No,11,No,No phone service,DSL,No,Yes,Yes,No,No,No,Month-to-month,No,Mailed check,34.7,383.55,0,New(0-12mo),2,1,34.86818181818182,11.566666666666668,1,0
Male,No,No,No,28,Yes,No,No,No internet service,No internet service,No internet service,No internet service,No internet service,No internet service,One year,No,Credit card (automatic),18.25,534.7,0,Loyal(2-4yr),1,0,19.09642857142857,9.125,0,1
Female,No,Yes,No,72,Yes,Yes,DSL,Yes,Yes,Yes,Yes,Yes,Yes,Two year,Yes,Bank transfer (automatic),91.15,6637.9,0,VIP(4yr+),8,1,92.19305555555555,10.127777777777778,0,2
Male,No,Yes,No,72,Yes,Yes,Fiber optic,No,Yes,Yes,No,Yes,Yes,Two year,Yes,Bank transfer (automatic),103.75,7346.2,0,VIP(4yr+),6,1,102.03055555555555,14.821428571428571,0,2
Female,No,Yes,No,28,Yes,No,Fiber optic,Yes,No,No,No,Yes,Yes,Month-to-month,Yes,Mailed check,92.35,2602.9,1,Loyal(2-4yr),4,1,92.96071428571429,18.47,1,0
Male,No,No,No,1,Yes,No,DSL,No,No,Yes,Yes,No,No,Month-to-month,No,Mailed check,55.05,55.05,0,New(0-12mo),3,1,55.05,13.7625,1,0
Male,No,No,No,26,Yes,Yes,DSL,Yes,Yes,No,No,No,No,One year,No,Electronic check,61.55,1581.95,0,Loyal(2-4yr),4,1,60.84423076923077,12.309999999999999,0,1
Female,No,No,Yes,19,Yes,No,No,No internet service,No internet service,No internet service,No internet service,No internet service,No internet service,Two year,No,Mailed check,20.5,398.55,0,Established(1-2yr),1,0,20.976315789473684,10.25,0,2
Female,No,Yes,No,70,Yes,Yes,Fiber optic,No,No,Yes,No,Yes,Yes,One year,Yes,Electronic check,101.75,7069.3,0,VIP(4yr+),5,1,100.99000000000001,16.958333333333332,0,1
Male,No,No,No,29,Yes,Yes,DSL,No,Yes,Yes,No,No,Yes,One year,No,Credit card (automatic),70.9,1964.6,0,Loyal(2-4yr),5,1,67.7448275862069,11.816666666666668,0,1
Female,No,No,No,13,Yes,No,Fiber optic,No,No,No,No,No,Yes,Month-to-month,Yes,Electronic check,80.5,1011.8,0,Established(1-2yr),2,1,77.83076923076922,26.833333333333332,1,0
Female,No,No,No,47,Yes,No,DSL,No,No,Yes,Yes,Yes,Yes,Two year,No,Mailed check,74.45,3510.3,0,Loyal(2-4yr),5,1,74.6872340425532,12.408333333333333,0,2
Male,No,Yes,Yes,70,Yes,Yes,Fiber optic,Yes,Yes,Yes,Yes,Yes,Yes,Two year,Yes,Credit card (automatic),116.55,8152.3,0,VIP(4yr+),8,1,116.46142857142857,12.95,0,2
Male,No,Yes,Yes,62,Yes,No,Fiber optic,Yes,Yes,Yes,Yes,Yes,Yes,Two year,No,Mailed check,108.15,6825.65,0,VIP(4yr+),7,1,110.09112903225805,13.51875,0,2
Male,No,No,No,22,Yes,No,No,No internet service,No internet service,No internet service,No internet service,No internet service,No internet service,One year,No,Mailed check,19.6,422.5,0,Established(1-2yr),1,0,19.204545454545453,9.8,0,1
Male,Yes,Yes,No,24,Yes,Yes,Fiber optic,Yes,No,No,No,No,No,Month-to-month,Yes,Electronic check,78.85,1772.25,1,Established(1-2yr),3,1,73.84375,19.7125,1,0
Female,No,Yes,Yes,1,Yes,No,No,No internet service,No internet service,No internet service,No internet service,No internet service,No internet service,Month-to-month,Yes,Mailed check,19.0,19.0,0,New(0-12mo),1,0,19.0,9.5,1,0
Male,No,Yes,Yes,4,Yes,No,No,No internet service,No internet service,No internet service,No internet service,No internet service,No internet service,Two year,No,Credit card (automatic),19.5,96.85,0,New(0-12mo),1,0,24.2125,9.75,0,2
Male,No,No,No,58,Yes,No,DSL,No,Yes,Yes,Yes,Yes,No,Two year,No,Bank transfer (automatic),70.1,4048.95,0,VIP(4yr+),5,1,69.80948275862069,11.683333333333332,0,2
Female,No,No,No,9,Yes,No,No,No internet service,No internet service,No internet service,No internet service,No internet service,No internet service,Month-to-month,Yes,Credit card (automatic),20.45,147.55,0,New(0-12mo),1,0,16.394444444444446,10.225,1,0
Male,No,No,No,12,Yes,Yes,Fiber optic,No,Yes,Yes,No,Yes,Yes,Month-to-month,Yes,Electronic check,106.7,1253.9,1,New(0-12mo),6,1,104.49166666666667,15.242857142857144,1,0
Male,Yes,Yes,No,68,Yes,Yes,Fiber optic,No,Yes,Yes,No,Yes,Yes,Month-to-month,Yes,Electronic check,105.3,7299.65,1,VIP(4yr+),6,1,107.34779411764706,15.042857142857143,1,0
Male,Yes,No,No,54,Yes,Yes,Fiber optic,No,Yes,No,No,No,Yes,Month-to-month,Yes,Electronic check,90.05,4931.8,0,VIP(4yr+),4,1,91.32962962962964,18.009999999999998,1,0
Male,Yes,Yes,No,23,Yes,No,No,No internet service,No internet service,No internet service,No internet service,No internet service,No internet service,One year,Yes,Electronic check,20.75,485.2,0,Established(1-2yr),1,0,21.09565217391304,10.375,0,1
Female,No,No,No,1,Yes,No,DSL,No,No,No,No,No,No,Month-to-month,Yes,Bank transfer (automatic),44.9,44.9,1,New(0-12mo),1,1,44.9,22.45,1,0
Female,No,Yes,No,37,Yes,Yes,Fiber optic,Yes,No,Yes,Yes,No,Yes,One year,Yes,Electronic check,99.2,3754.6,1,Loyal(2-4yr),6,1,101.47567567567567,14.171428571428573,0,1
Male,No,Yes,Yes,70,Yes,Yes,Fiber optic,No,Yes,No,No,Yes,Yes,Two year,No,Bank transfer (automatic),98.3,6859.5,1,VIP(4yr+),5,1,97.99285714285715,16.383333333333333,0,2
Male,No,No,No,11,Yes,No,DSL,No,Yes,No,No,Yes,No,One year,Yes,Electronic check,61.25,729.95,0,New(0-12mo),3,1,66.35909090909091,15.3125,0,1
Male,No,Yes,Yes,11,Yes,No,No,No internet service,No internet service,No internet service,No internet service,No internet service,No internet service,Month-to-month,No,Bank transfer (automatic),20.95,267.35,0,New(0-12mo),1,0,24.30454545454546,10.475,1,0
Female,No,Yes,Yes,23,Yes,Yes,DSL,Yes,No,Yes,Yes,Yes,No,Two year,Yes,Bank transfer (automatic),77.15,1759.4,0,Established(1-2yr),6,1,76.49565217391304,11.021428571428572,0,2
Male,Yes,No,No,21,Yes,Yes,Fiber optic,No,Yes,Yes,No,Yes,Yes,Month-to-month,Yes,Electronic check,104.35,2271.85,0,Established(1-2yr),6,1,108.18333333333332,14.907142857142857,1,0
Female,No,No,No,5,Yes,Yes,DSL,No,Yes,No,No,No,Yes,Month-to-month,Yes,Electronic check,64.0,370.25,0,New(0-12mo),4,1,74.05,12.8,1,0
Female,No,Yes,Yes,2,Yes,No,Fiber optic,No,No,No,No,No,No,Month-to-month,Yes,Electronic check,71.65,135.75,0,New(0-12mo),1,1,67.875,35.825,1,0
Female,No,No,Yes,13,Yes,No,DSL,Yes,Yes,No,No,No,No,Month-to-month,Yes,Electronic check,56.0,764.55,0,Established(1-2yr),3,1,58.81153846153846,14.0,1,0
Female,No,No,No,25,Yes,Yes,No,No internet service,No internet service,No internet service,No internet service,No internet service,No internet service,Two year,No,Credit card (automatic),24.75,692.1,1,Loyal(2-4yr),2,0,27.684,8.25,0,2
Female,No,Yes,No,19,Yes,No,Fiber optic,Yes,No,No,No,No,No,Month-to-month,Yes,Electronic check,73.2,1441.1,1,Established(1-2yr),2,1,75.84736842105262,24.400000000000002,1,0
Female,No,Yes,Yes,64,Yes,Yes,Fiber optic,Yes,No,No,Yes,No,No,Month-to-month,Yes,Bank transfer (automatic),86.8,5327.25,0,VIP(4yr+),4,1,83.23828125,17.36,1,0
Male,No,Yes,No,17,Yes,No,Fiber optic,No,No,Yes,No,Yes,Yes,One year,Yes,Bank transfer (automatic),96.65,1588.25,0,Established(1-2yr),4,1,93.42647058823529,19.330000000000002,0,1
Male,No,No,No,19,Yes,No,Fiber optic,No,Yes,Yes,No,No,No,Month-to-month,Yes,Electronic check,78.25,1490.95,1,Established(1-2yr),3,1,78.47105263157896,19.5625,1,0
Female,No,No,No,34,Yes,Yes,Fiber optic,Yes,Yes,Yes,No,Yes,Yes,Month-to-month,Yes,Mailed check,109.8,3587.25,1,Loyal(2-4yr),7,1,105.50735294117646,13.725,1,0
Female,No,Yes,Yes,69,Yes,Yes,Fiber optic,No,Yes,No,Yes,No,Yes,Two year,Yes,Bank transfer (automatic),93.3,6398.05,0,VIP(4yr+),5,1,92.72536231884058,15.549999999999999,0,2
Female,No,No,No,70,Yes,Yes,Fiber optic,Yes,Yes,Yes,No,Yes,Yes,Two year,Yes,Mailed check,111.15,7737.55,0,VIP(4yr+),7,1,110.53642857142857,13.89375,0,2
Female,No,Yes,Yes,62,Yes,Yes,Fiber optic,Yes,No,No,No,Yes,Yes,Two year,Yes,Bank transfer (automatic),101.15,6638.35,0,VIP(4yr+),5,1,107.07016129032259,16.858333333333334,0,2
Female,No,No,No,6,Yes,No,Fiber optic,No,No,Yes,Yes,Yes,Yes,Month-to-month,Yes,Mailed check,99.95,547.65,1,New(0-12mo),5,1,91.27499999999999,16.658333333333335,1,0
Male,No,No,Yes,29,Yes,No,No,No internet service,No internet service,No internet service,No internet service,No internet service,No internet service,One year,No,Mailed check,19.85,535.05,0,Loyal(2-4yr),1,0,18.45,9.925,0,1
Male,No,Yes,No,38,Yes,No,Fiber optic,Yes,Yes,No,No,No,No,Month-to-month,Yes,Electronic check,79.45,3013.05,1,Loyal(2-4yr),3,1,79.29078947368421,19.8625,1,0
Female,No,Yes,Yes,3,No,No phone service,DSL,No,Yes,No,No,No,Yes,Month-to-month,No,Mailed check,40.3,92.5,0,New(0-12mo),2,1,30.833333333333332,13.433333333333332,1,0
Female,No,No,No,1,Yes,No,Fiber optic,No,No,No,No,Yes,Yes,Month-to-month,No,Electronic check,90.55,90.55,1,New(0-12mo),3,1,90.55,22.6375,1,0
Female,Yes,No,No,2,Yes,Yes,Fiber optic,No,No,No,No,Yes,Yes,Month-to-month,Yes,Electronic check,93.85,170.85,1,New(0-12mo),4,1,85.425,18.77,1,0
Male,No,Yes,Yes,61,No,No phone service,DSL,Yes,No,Yes,No,No,No,Month-to-month,No,Bank transfer (automatic),33.6,2117.2,0,VIP(4yr+),2,1,34.708196721311474,11.200000000000001,1,0
Male,No,No,No,26,Yes,No,Fiber optic,No,Yes,No,No,No,No,One year,No,Bank transfer (automatic),75.5,2018.1,0,Loyal(2-4yr),2,1,77.61923076923077,25.166666666666668,0,1
Male,No,No,No,30,Yes,No,No,No internet service,No internet service,No internet service,No internet service,No internet service,No internet service,One year,No,Mailed check,19.7,625.05,0,Loyal(2-4yr),1,0,20.834999999999997,9.85,0,1
Male,No,No,No,71,Yes,No,No,No internet service,No internet service,No internet service,No internet service,No internet service,No internet service,Two year,Yes,Credit card (automatic),19.9,1355.1,0,VIP(4yr+),1,0,19.085915492957746,9.95,0,2
Male,No,No,No,69,Yes,Yes,Fiber optic,No,No,Yes,Yes,Yes,Yes,Two year,Yes,Bank transfer (automatic),106.5,7348.8,1,VIP(4yr+),6,1,106.50434782608696,15.214285714285714,0,2
Female,Yes,No,No,1,Yes,No,Fiber optic,No,No,No,No,No,No,Month-to-month,Yes,Electronic check,70.55,70.55,1,New(0-12mo),1,1,70.55,35.275,1,0
Female,No,Yes,No,18,No,No phone service,DSL,No,No,Yes,No,Yes,No,Month-to-month,Yes,Electronic check,39.05,669.85,1,Established(1-2yr),2,1,37.21388888888889,13.016666666666666,1,0
Female,No,No,No,9,Yes,No,Fiber optic,No,Yes,Yes,No,No,No,Month-to-month,No,Electronic check,80.55,653.9,0,New(0-12mo),3,1,72.65555555555555,20.1375,1,0
Male,No,No,No,67,No,No phone service,DSL,Yes,No,Yes,Yes,Yes,No,One year,Yes,Bank transfer (automatic),49.35,3321.35,0,VIP(4yr+),4,1,49.57238805970149,9.870000000000001,0,1
Male,No,Yes,Yes,29,Yes,Yes,DSL,Yes,No,No,Yes,Yes,No,One year,No,Bank transfer (automatic),69.05,1958.45,0,Loyal(2-4yr),5,1,67.53275862068966,11.508333333333333,0,1
Female,No,No,No,41,Yes,No,Fiber optic,No,Yes,No,Yes,Yes,Yes,Two year,Yes,Bank transfer (automatic),98.8,3959.15,0,Loyal(2-4yr),5,1,96.56463414634146,16.466666666666665,0,2
Male,No,Yes,Yes,42,No,No phone service,DSL,No,Yes,Yes,No,No,Yes,One year,Yes,Credit card (automatic),45.1,2049.05,0,Loyal(2-4yr),3,1,48.786904761904765,11.275,0,1
Female,No,Yes,Yes,37,Yes,Yes,No,No internet service,No internet service,No internet service,No internet service,No internet service,No internet service,Month-to-month,No,Mailed check,26.45,911.6,0,Loyal(2-4yr),2,0,24.63783783783784,8.816666666666666,1,0
Female,Yes,Yes,No,65,Yes,No,Fiber optic,No,Yes,Yes,Yes,Yes,Yes,Two year,Yes,Credit card (automatic),105.85,6725.5,0,VIP(4yr+),6,1,103.46923076923076,15.12142857142857,0,2
Female,No,Yes,Yes,64,Yes,Yes,Fiber optic,No,Yes,Yes,No,No,Yes,One year,Yes,Electronic check,92.85,5980.75,0,VIP(4yr+),5,1,93.44921875,15.475,0,1
Male,No,No,No,68,Yes,Yes,DSL,Yes,Yes,Yes,No,No,Yes,One year,No,Credit card (automatic),76.75,5233.25,0,VIP(4yr+),6,1,76.9595588235294,10.964285714285714,0,1
Male,Yes,Yes,Yes,1,Yes,No,DSL,No,No,No,Yes,No,No,Month-to-month,Yes,Credit card (automatic),49.25,49.25,1,New(0-12mo),2,1,49.25,16.416666666666668,1,0
Female,No,No,Yes,19,Yes,No,DSL,Yes,Yes,Yes,No,No,No,Month-to-month,Yes,Electronic check,60.6,1297.8,0,Established(1-2yr),4,1,68.30526315789473,12.120000000000001,1,0
Female,No,No,No,10,Yes,Yes,Fiber optic,No,No,No,No,No,Yes,Month-to-month,No,Electronic check,86.45,830.85,1,New(0-12mo),3,1,83.08500000000001,21.6125,1,0
Female,No,Yes,Yes,57,Yes,No,DSL,Yes,Yes,No,No,No,No,One year,No,Electronic check,53.45,3053.0,0,VIP(4yr+),3,1,53.56140350877193,13.3625,0,1
Female,No,Yes,No,4,Yes,No,No,No internet service,No internet service,No internet service,No internet service,No internet service,No internet service,Month-to-month,No,Electronic check,20.15,91.4,0,New(0-12mo),1,0,22.85,10.075,1,0
Male,No,No,No,2,Yes,No,DSL,Yes,No,Yes,No,No,No,Month-to-month,No,Electronic check,53.45,119.5,0,New(0-12mo),3,1,59.75,13.3625,1,0
Female,No,No,No,13,Yes,Yes,Fiber optic,No,Yes,Yes,No,No,No,Month-to-month,Yes,Electronic check,84.45,1058.6,1,Established(1-2yr),4,1,81.43076923076923,16.89,1,0
Female,No,Yes,Yes,44,Yes,No,No,No internet service,No internet service,No internet service,No internet service,No internet service,No internet service,Month-to-month,No,Mailed check,19.6,780.25,0,Loyal(2-4yr),1,0,17.732954545454547,9.8,1,0
Male,No,Yes,Yes,36,Yes,No,DSL,Yes,No,Yes,No,No,Yes,One year,Yes,Credit card (automatic),63.7,2188.5,0,Loyal(2-4yr),4,1,60.791666666666664,12.74,0,1
Female,No,Yes,No,35,Yes,No,DSL,No,Yes,No,Yes,No,No,Month-to-month,No,Electronic check,56.85,1861.1,0,Loyal(2-4yr),3,1,53.17428571428571,14.2125,1,0
Male,Yes,Yes,No,59,Yes,Yes,Fiber optic,No,No,No,No,Yes,Yes,Month-to-month,Yes,Bank transfer (automatic),93.85,5574.75,1,VIP(4yr+),4,1,94.48728813559322,18.77,1,0
Male,No,Yes,Yes,65,Yes,No,DSL,Yes,No,No,Yes,Yes,Yes,Two year,Yes,Bank transfer (automatic),74.8,4820.15,1,VIP(4yr+),5,1,74.15615384615384,12.466666666666667,0,2
Male,No,No,No,4,Yes,No,DSL,Yes,No,Yes,No,No,No,Month-to-month,No,Electronic check,56.75,245.15,0,New(0-12mo),3,1,61.2875,14.1875,1,0
Female,No,No,No,24,Yes,Yes,Fiber optic,No,No,Yes,No,Yes,No,Month-to-month,Yes,Credit card (automatic),88.95,2072.75,0,Established(1-2yr),4,1,86.36458333333333,17.79,1,0
Female,No,Yes,No,55,Yes,Yes,DSL,Yes,Yes,No,Yes,No,No,One year,Yes,Credit card (automatic),66.05,3462.1,0,VIP(4yr+),5,1,62.947272727272725,11.008333333333333,0,1
Male,No,Yes,Yes,42,Yes,No,DSL,No,No,Yes,Yes,Yes,Yes,One year,No,Electronic check,73.15,3088.25,0,Loyal(2-4yr),5,1,73.5297619047619,12.191666666666668,0,1
Male,No,No,No,2,Yes,No,No,No internet service,No internet service,No internet service,No internet service,No internet service,No internet service,One year,No,Credit card (automatic),19.3,28.3,1,New(0-12mo),1,0,14.15,9.65,0,1
Male,No,No,No,6,Yes,No,Fiber optic,No,Yes,No,No,No,Yes,Month-to-month,Yes,Electronic check,84.4,556.35,1,New(0-12mo),3,1,92.72500000000001,21.1,1,0
Female,No,Yes,Yes,30,Yes,Yes,Fiber optic,No,Yes,Yes,Yes,Yes,Yes,Month-to-month,Yes,Electronic check,107.5,3242.5,0,Loyal(2-4yr),7,1,108.08333333333333,13.4375,1,0
Male,No,Yes,Yes,72,Yes,Yes,DSL,Yes,Yes,Yes,Yes,Yes,Yes,Two year,Yes,Mailed check,89.4,6376.55,0,VIP(4yr+),8,1,88.56319444444445,9.933333333333334,0,2
Female,No,Yes,Yes,21,Yes,No,DSL,No,Yes,No,No,Yes,No,One year,Yes,Credit card (automatic),58.85,1215.45,0,Established(1-2yr),3,1,57.87857142857143,14.7125,0,1
Male,No,Yes,Yes,6,Yes,No,No,No internet service,No internet service,No internet service,No internet service,No internet service,No internet service,Two year,Yes,Credit card (automatic),20.4,107.6,0,New(0-12mo),1,0,17.933333333333334,10.2,0,2
Male,No,No,No,58,Yes,Yes,Fiber optic,No,No,No,Yes,No,No,Month-to-month,No,Bank transfer (automatic),80.65,4807.35,0,VIP(4yr+),3,1,82.88534482758621,20.1625,1,0
Female,No,Yes,No,20,Yes,No,No,No internet service,No internet service,No internet service,No internet service,No internet service,No internet service,One year,Yes,Mailed check,20.0,416.45,0,Established(1-2yr),1,0,20.822499999999998,10.0,0,1
Male,Yes,No,No,5,No,No phone service,DSL,No,No,Yes,Yes,Yes,No,Month-to-month,No,Credit card (automatic),45.4,214.75,0,New(0-12mo),3,1,42.95,11.35,1,0
Female,Yes,Yes,No,5,Yes,No,Fiber optic,No,No,No,No,No,No,Month-to-month,Yes,Electronic check,69.35,341.6,0,New(0-12mo),1,1,68.32000000000001,34.675,1,0
Male,No,Yes,No,57,Yes,Yes,Fiber optic,No,No,Yes,Yes,Yes,Yes,Two year,No,Electronic check,107.95,5969.85,0,VIP(4yr+),6,1,104.73421052631579,15.421428571428573,0,2
Female,No,No,No,30,Yes,Yes,Fiber optic,No,Yes,Yes,Yes,Yes,Yes,One year,No,Credit card (automatic),110.45,3327.05,0,Loyal(2-4yr),7,1,110.90166666666667,13.80625,0,1
Male,No,Yes,Yes,20,Yes,No,No,No internet service,No internet service,No internet service,No internet service,No internet service,No internet service,Two year,No,Mailed check,20.05,400.0,0,Established(1-2yr),1,0,20.0,10.025,0,2
Female,No,Yes,No,20,Yes,No,No,No internet service,No internet service,No internet service,No internet service,No internet service,No internet service,Month-to-month,No,Bank transfer (automatic),19.25,375.25,0,Established(1-2yr),1,0,18.7625,9.625,1,0
Male,No,Yes,No,51,Yes,Yes,Fiber optic,Yes,No,Yes,Yes,Yes,Yes,One year,Yes,Electronic check,111.55,5720.35,0,VIP(4yr+),7,1,112.16372549019609,13.94375,0,1
Male,No,Yes,Yes,56,No,No phone service,DSL,Yes,Yes,No,Yes,Yes,No,One year,Yes,Mailed check,52.0,2884.9,0,VIP(4yr+),4,1,51.51607142857143,10.4,0,1
Male,No,No,No,18,Yes,Yes,No,No internet service,No internet service,No internet service,No internet service,No internet service,No internet service,One year,No,Mailed check,23.75,424.5,0,Established(1-2yr),2,0,23.583333333333332,7.916666666666667,0,1
Female,No,Yes,Yes,35,Yes,Yes,No,No internet service,No internet service,No internet service,No internet service,No internet service,No internet service,Month-to-month,Yes,Electronic check,25.75,882.55,0,Loyal(2-4yr),2,0,25.215714285714284,8.583333333333334,1,0
Female,No,No,No,70,Yes,Yes,Fiber optic,No,Yes,Yes,Yes,No,No,One year,Yes,Bank transfer (automatic),90.25,6385.95,0,VIP(4yr+),5,1,91.22785714285715,15.041666666666666,0,1
Male,No,No,No,72,Yes,Yes,No,No internet service,No internet service,No internet service,No internet service,No internet service,No internet service,Two year,No,Bank transfer (automatic),24.75,1777.6,0,VIP(4yr+),2,0,24.688888888888886,8.25,0,2
Male,Yes,Yes,Yes,24,Yes,Yes,Fiber optic,Yes,No,No,No,No,No,Month-to-month,Yes,Electronic check,79.85,1857.75,0,Established(1-2yr),3,1,77.40625,19.9625,1,0
Male,No,No,No,15,Yes,Yes,DSL,No,Yes,No,Yes,No,No,Month-to-month,Yes,Credit card (automatic),58.6,939.7,1,Established(1-2yr),4,1,62.64666666666667,11.72,1,0
Male,No,No,No,24,Yes,No,Fiber optic,No,No,No,No,Yes,Yes,Month-to-month,Yes,Electronic check,90.35,2238.5,1,Established(1-2yr),3,1,93.27083333333333,22.5875,1,0
Male,No,No,No,1,Yes,Yes,Fiber optic,No,No,No,No,No,No,Month-to-month,Yes,Electronic check,75.45,75.45,1,New(0-12mo),2,1,75.45,25.150000000000002,1,0
Male,No,Yes,No,17,No,No phone service,DSL,No,No,Yes,Yes,Yes,Yes,One year,No,Electronic check,54.6,934.8,0,Established(1-2yr),4,1,54.98823529411764,10.92,0,1
Male,Yes,No,No,57,Yes,No,DSL,No,No,Yes,Yes,No,No,One year,Yes,Electronic check,53.5,3035.8,0,VIP(4yr+),3,1,53.25964912280702,13.375,0,1
Female,Yes,Yes,No,46,Yes,Yes,Fiber optic,No,No,No,Yes,Yes,Yes,One year,No,Electronic check,100.25,4753.85,0,Loyal(2-4yr),5,1,103.3445652173913,16.708333333333332,0,1
Female,No,Yes,No,7,Yes,No,DSL,Yes,No,Yes,Yes,Yes,Yes,Month-to-month,No,Bank transfer (automatic),81.25,580.1,0,New(0-12mo),6,1,82.87142857142858,11.607142857142858,1,0
Male,No,Yes,Yes,4,Yes,No,DSL,No,No,No,Yes,No,Yes,Month-to-month,No,Credit card (automatic),61.45,229.55,1,New(0-12mo),3,1,57.3875,15.3625,1,0
Male,No,No,No,1,Yes,No,Fiber optic,No,No,No,No,No,No,Month-to-month,Yes,Electronic check,69.6,69.6,1,New(0-12mo),1,1,69.6,34.8,1,0
Male,No,No,No,1,Yes,No,No,No internet service,No internet service,No internet service,No internet service,No internet service,No internet service,Month-to-month,No,Mailed check,19.65,19.65,0,New(0-12mo),1,0,19.65,9.825,1,0
Female,No,Yes,No,64,Yes,Yes,Fiber optic,No,Yes,Yes,Yes,Yes,Yes,Month-to-month,Yes,Electronic check,111.15,6953.4,0,VIP(4yr+),7,1,108.646875,13.89375,1,0
Male,No,Yes,Yes,42,Yes,No,DSL,Yes,No,No,Yes,No,Yes,One year,No,Credit card (automatic),63.7,2763.35,0,Loyal(2-4yr),4,1,65.79404761904762,12.74,0,1
Female,No,No,No,65,Yes,Yes,Fiber optic,Yes,Yes,No,Yes,No,No,One year,Yes,Electronic check,89.85,5844.65,0,VIP(4yr+),5,1,89.9176923076923,14.975,0,1
Female,No,No,No,38,Yes,Yes,DSL,Yes,Yes,Yes,No,No,No,Month-to-month,Yes,Bank transfer (automatic),66.15,2522.4,0,Loyal(2-4yr),5,1,66.37894736842105,11.025,1,0
Female,No,No,No,30,Yes,Yes,Fiber optic,Yes,No,No,Yes,Yes,Yes,Month-to-month,No,Bank transfer (automatic),106.4,3211.9,0,Loyal(2-4yr),6,1,107.06333333333333,15.200000000000001,1,0
Female,No,No,No,65,Yes,No,DSL,Yes,Yes,Yes,Yes,Yes,Yes,Two year,Yes,Bank transfer (automatic),84.85,5459.2,0,VIP(4yr+),7,1,83.9876923076923,10.60625,0,2
Male,No,Yes,Yes,50,Yes,Yes,No,No internet service,No internet service,No internet service,No internet service,No internet service,No internet service,Two year,No,Mailed check,24.95,1261.45,0,VIP(4yr+),2,0,25.229,8.316666666666666,0,2
Female,No,No,No,1,Yes,No,Fiber optic,No,No,No,No,No,No,Month-to-month,No,Mailed check,69.55,69.55,1,New(0-12mo),1,1,69.55,34.775,1,0
Male,No,No,No,8,Yes,No,DSL,Yes,No,Yes,No,No,Yes,Month-to-month,Yes,Electronic check,66.7,579.0,0,New(0-12mo),4,1,72.375,13.34,1,0
Male,No,No,Yes,5,Yes,No,DSL,No,No,No,Yes,No,No,Month-to-month,Yes,Bank transfer (automatic),48.65,235.2,0,New(0-12mo),2,1,47.04,16.216666666666665,1,0
Male,No,No,No,1,No,No phone service,DSL,No,No,No,No,No,No,Month-to-month,Yes,Electronic check,24.25,24.25,1,New(0-12mo),0,1,24.25,24.25,1,0
Male,No,No,No,10,Yes,No,Fiber optic,No,No,No,No,No,No,Month-to-month,Yes,Electronic check,70.0,740.0,1,New(0-12mo),1,1,74.0,35.0,1,0
Male,No,No,Yes,1,Yes,No,DSL,No,No,No,Yes,No,No,Month-to-month,Yes,Mailed check,49.9,49.9,1,New(0-12mo),2,1,49.9,16.633333333333333,1,0
Female,No,No,No,29,Yes,No,Fiber optic,No,No,No,No,Yes,No,Month-to-month,Yes,Electronic check,78.9,2384.15,1,Loyal(2-4yr),2,1,82.21206896551725,26.3,1,0
Female,No,Yes,No,72,Yes,Yes,Fiber optic,No,No,Yes,No,Yes,Yes,Two year,Yes,Electronic check,97.85,6841.3,0,VIP(4yr+),5,1,95.01805555555556,16.308333333333334,0,2
Female,No,No,Yes,2,Yes,No,No,No internet service,No internet service,No internet service,No internet service,No internet service,No internet service,One year,No,Bank transfer (automatic),20.5,38.25,0,New(0-12mo),1,0,19.125,10.25,0,1
Male,No,No,No,31,Yes,No,No,No internet service,No internet service,No internet service,No internet service,No internet service,No internet service,Two year,No,Mailed check,20.45,638.55,0,Loyal(2-4yr),1,0,20.598387096774193,10.225,0,2
Male,No,Yes,Yes,67,Yes,Yes,Fiber optic,No,Yes,Yes,No,No,No,One year,No,Electronic check,87.4,5918.8,1,VIP(4yr+),4,1,88.34029850746269,17.48,0,1
Male,No,Yes,No,72,Yes,Yes,DSL,Yes,Yes,Yes,Yes,Yes,Yes,Two year,Yes,Bank transfer (automatic),89.05,6254.45,0,VIP(4yr+),8,1,86.86736111111111,9.894444444444444,0,2
Male,No,No,No,1,Yes,No,No,No internet service,No internet service,No internet service,No internet service,No internet service,No internet service,Month-to-month,No,Bank transfer (automatic),20.05,20.05,1,New(0-12mo),1,0,20.05,10.025,1,0
Female,No,No,No,29,Yes,Yes,DSL,No,No,No,No,Yes,Yes,One year,Yes,Credit card (automatic),71.0,2080.1,0,Loyal(2-4yr),4,1,71.72758620689655,14.2,0,1
Female,No,No,No,49,Yes,Yes,Fiber optic,No,No,No,No,No,Yes,Month-to-month,Yes,Electronic check,84.5,3906.7,0,VIP(4yr+),3,1,79.72857142857143,21.125,1,0
Female,No,No,No,50,Yes,Yes,DSL,Yes,No,Yes,Yes,Yes,Yes,One year,Yes,Credit card (automatic),82.5,4179.1,0,VIP(4yr+),7,1,83.58200000000001,10.3125,0,1
Female,No,No,Yes,34,Yes,No,DSL,Yes,No,Yes,Yes,Yes,No,Two year,No,Credit card (automatic),67.65,2339.3,0,Loyal(2-4yr),5,1,68.8029411764706,11.275,0,2
Male,No,Yes,Yes,68,Yes,No,DSL,No,No,Yes,Yes,Yes,Yes,Two year,Yes,Bank transfer (automatic),72.95,4953.25,0,VIP(4yr+),5,1,72.84191176470588,12.158333333333333,0,2
Female,No,Yes,No,5,Yes,No,Fiber optic,Yes,No,Yes,No,No,Yes,Month-to-month,Yes,Mailed check,88.9,454.15,1,New(0-12mo),4,1,90.83,17.78,1,0
Male,Yes,No,No,4,No,No phone service,DSL,No,Yes,No,No,Yes,Yes,Month-to-month,Yes,Credit card (automatic),50.95,207.35,0,New(0-12mo),3,1,51.8375,12.7375,1,0
Male,Yes,No,No,1,Yes,Yes,Fiber optic,No,No,Yes,No,Yes,No,Month-to-month,Yes,Electronic check,88.8,88.8,1,New(0-12mo),4,1,88.8,17.759999999999998,1,0
Male,Yes,Yes,Yes,64,Yes,Yes,Fiber optic,Yes,No,Yes,Yes,Yes,Yes,Two year,Yes,Bank transfer (automatic),111.6,7099.0,0,VIP(4yr+),7,1,110.921875,13.95,0,2
Female,No,Yes,No,72,Yes,Yes,No,No internet service,No internet service,No internet service,No internet service,No internet service,No internet service,Two year,No,Credit card (automatic),24.85,1871.85,0,VIP(4yr+),2,0,25.997916666666665,8.283333333333333,0,2
Female,No,Yes,No,72,Yes,Yes,Fiber optic,Yes,Yes,Yes,No,Yes,Yes,Two year,Yes,Electronic check,109.55,8165.1,0,VIP(4yr+),7,1,113.40416666666667,13.69375,0,2
Male,No,Yes,Yes,71,Yes,Yes,Fiber optic,Yes,No,Yes,No,Yes,Yes,Two year,No,Electronic check,105.55,7405.5,0,VIP(4yr+),6,1,104.30281690140845,15.078571428571427,0,2
Female,No,Yes,No,70,Yes,Yes,DSL,Yes,Yes,Yes,Yes,Yes,Yes,Two year,Yes,Credit card (automatic),94.8,6859.05,0,VIP(4yr+),8,1,97.98642857142858,10.533333333333333,0,2
Male,Yes,No,No,24,Yes,Yes,Fiber optic,No,Yes,Yes,No,Yes,Yes,Month-to-month,Yes,Credit card (automatic),102.95,2496.7,1,Established(1-2yr),6,1,104.02916666666665,14.707142857142857,1,0
Female,No,Yes,Yes,72,No,No phone service,DSL,Yes,No,Yes,No,Yes,Yes,Two year,Yes,Credit card (automatic),53.8,3952.45,0,VIP(4yr+),4,1,54.89513888888889,10.76,0,2
Female,No,No,No,1,Yes,No,DSL,No,No,No,No,No,Yes,Month-to-month,Yes,Electronic check,55.45,55.45,0,New(0-12mo),2,1,55.45,18.483333333333334,1,0
Male,Yes,No,No,5,Yes,No,Fiber optic,No,Yes,No,No,No,Yes,Month-to-month,Yes,Electronic check,85.55,408.5,0,New(0-12mo),3,1,81.7,21.3875,1,0
Female,No,Yes,No,72,Yes,Yes,Fiber optic,Yes,No,Yes,Yes,Yes,Yes,Two year,Yes,Credit card (automatic),110.15,7881.2,0,VIP(4yr+),7,1,109.46111111111111,13.76875,0,2
Male,No,Yes,No,61,Yes,No,Fiber optic,No,Yes,Yes,Yes,No,Yes,Month-to-month,No,Credit card (automatic),94.15,5731.85,0,VIP(4yr+),5,1,93.96475409836066,15.691666666666668,1,0
Female,No,No,No,7,Yes,No,Fiber optic,No,No,No,No,Yes,No,Month-to-month,Yes,Electronic check,79.0,522.95,1,New(0-12mo),2,1,74.70714285714287,26.333333333333332,1,0
Female,No,Yes,Yes,64,Yes,Yes,Fiber optic,Yes,No,No,Yes,Yes,Yes,One year,Yes,Bank transfer (automatic),104.4,6721.6,0,VIP(4yr+),6,1,105.025,14.914285714285715,0,1
Female,Yes,No,No,13,Yes,No,DSL,No,Yes,Yes,No,No,No,Month-to-month,Yes,Electronic check,54.8,731.3,0,Established(1-2yr),3,1,56.25384615384615,13.7,1,0
Male,Yes,No,No,20,Yes,No,DSL,Yes,No,No,Yes,No,No,One year,No,Mailed check,54.0,1055.9,0,Established(1-2yr),3,1,52.795,13.5,0,1
Female,No,Yes,No,26,Yes,Yes,Fiber optic,No,Yes,No,No,No,No,Month-to-month,No,Bank transfer (automatic),79.3,2015.8,0,Loyal(2-4yr),3,1,77.53076923076922,19.825,1,0
Male,Yes,Yes,No,23,Yes,Yes,Fiber optic,No,Yes,Yes,No,Yes,Yes,Month-to-month,Yes,Electronic check,104.45,2184.85,0,Established(1-2yr),6,1,94.99347826086957,14.921428571428573,1,0
Female,No,No,No,10,No,No phone service,DSL,Yes,Yes,Yes,No,No,No,Month-to-month,No,Bank transfer (automatic),40.7,449.3,0,New(0-12mo),3,1,44.93,10.175,1,0
Male,No,Yes,No,68,Yes,Yes,No,No internet service,No internet service,No internet service,No internet service,No internet service,No internet service,Two year,No,Credit card (automatic),25.05,1629.2,0,VIP(4yr+),2,0,23.958823529411767,8.35,0,2
Male,Yes,No,No,7,No,No phone service,DSL,No,Yes,No,Yes,No,Yes,Month-to-month,Yes,Electronic check,44.4,265.8,0,New(0-12mo),3,1,37.971428571428575,11.1,1,0
Male,No,Yes,Yes,7,Yes,No,Fiber optic,No,Yes,No,Yes,Yes,No,Month-to-month,Yes,Electronic check,89.75,608.8,1,New(0-12mo),4,1,86.97142857142856,17.95,1,0
Female,Yes,No,No,26,Yes,Yes,Fiber optic,No,Yes,No,No,Yes,No,Month-to-month,Yes,Electronic check,89.15,2277.65,1,Loyal(2-4yr),4,1,87.60192307692309,17.830000000000002,1,0
Female,No,Yes,Yes,43,Yes,No,No,No internet service,No internet service,No internet service,No internet service,No internet service,No internet service,One year,No,Mailed check,20.0,817.95,0,Loyal(2-4yr),1,0,19.022093023255817,10.0,0,1
Female,No,No,No,1,Yes,No,Fiber optic,No,No,No,No,No,No,Month-to-month,Yes,Electronic check,70.3,70.3,1,New(0-12mo),1,1,70.3,35.15,1,0
Female,No,Yes,Yes,5,Yes,No,DSL,No,No,No,No,No,No,Month-to-month,No,Mailed check,44.8,220.45,0,New(0-12mo),1,1,44.089999999999996,22.4,1,0
Female,No,Yes,No,72,Yes,Yes,Fiber optic,Yes,Yes,Yes,Yes,Yes,Yes,Two year,No,Electronic check,115.15,8349.7,0,VIP(4yr+),8,1,115.96805555555557,12.794444444444444,0,2
Female,No,Yes,Yes,28,Yes,Yes,Fiber optic,No,No,No,Yes,No,Yes,One year,Yes,Electronic check,90.45,2509.25,0,Loyal(2-4yr),4,1,89.61607142857143,18.09,0,1
Female,No,No,No,50,Yes,Yes,Fiber optic,No,No,No,No,Yes,Yes,Month-to-month,Yes,Electronic check,95.7,4729.75,0,VIP(4yr+),4,1,94.595,19.14,1,0
Male,No,Yes,Yes,16,Yes,No,DSL,Yes,Yes,No,No,No,No,One year,Yes,Mailed check,55.85,857.8,0,Established(1-2yr),3,1,53.6125,13.9625,0,1
Male,Yes,Yes,No,4,Yes,No,Fiber optic,No,No,No,No,No,No,Month-to-month,Yes,Electronic check,70.2,280.35,0,New(0-12mo),1,1,70.0875,35.1,1,0
Female,No,Yes,No,18,Yes,No,DSL,No,No,No,Yes,No,No,Month-to-month,Yes,Mailed check,50.3,908.75,0,Established(1-2yr),2,1,50.486111111111114,16.766666666666666,1,0
Male,No,Yes,Yes,67,Yes,Yes,Fiber optic,Yes,No,No,Yes,Yes,Yes,Two year,No,Bank transfer (automatic),104.6,6885.75,0,VIP(4yr+),6,1,102.7723880597015,14.942857142857141,0,2
Female,No,No,No,27,Yes,Yes,Fiber optic,No,No,No,No,Yes,Yes,Month-to-month,Yes,Mailed check,94.55,2724.6,1,Loyal(2-4yr),4,1,100.91111111111111,18.91,1,0
Male,No,No,No,30,Yes,No,DSL,Yes,Yes,No,Yes,Yes,No,One year,No,Electronic check,70.4,2044.75,0,Loyal(2-4yr),5,1,68.15833333333333,11.733333333333334,0,1
Female,No,No,No,21,Yes,No,Fiber optic,No,Yes,Yes,Yes,Yes,Yes,One year,Yes,Mailed check,104.55,2239.4,0,Established(1-2yr),6,1,106.63809523809525,14.935714285714285,0,1
Female,No,No,No,68,Yes,Yes,No,No internet service,No internet service,No internet service,No internet service,No internet service,No internet service,Two year,No,Bank transfer (automatic),25.5,1821.8,0,VIP(4yr+),2,0,26.791176470588233,8.5,0,2
Female,No,Yes,No,20,Yes,No,Fiber optic,No,No,No,No,No,No,Month-to-month,Yes,Bank transfer (automatic),69.8,1540.35,0,Established(1-2yr),1,1,77.0175,34.9,1,0
Female,No,Yes,No,59,Yes,No,Fiber optic,Yes,No,Yes,No,No,No,One year,Yes,Credit card (automatic),81.25,4639.45,0,VIP(4yr+),3,1,78.63474576271186,20.3125,0,1
Male,No,Yes,No,51,Yes,Yes,Fiber optic,No,Yes,Yes,No,Yes,Yes,One year,Yes,Bank transfer (automatic),106.8,5498.8,0,VIP(4yr+),6,1,107.81960784313726,15.257142857142856,0,1
Female,No,No,No,20,Yes,No,No,No internet service,No internet service,No internet service,No internet service,No internet service,No internet service,Month-to-month,Yes,Bank transfer (automatic),19.5,413.0,0,Established(1-2yr),1,0,20.65,9.75,1,0
Female,No,No,No,6,Yes,No,No,No internet service,No internet service,No internet service,No internet service,No internet service,No internet service,Two year,No,Credit card (automatic),19.65,116.85,0,New(0-12mo),1,0,19.474999999999998,9.825,0,2
Male,No,No,No,10,Yes,No,Fiber optic,No,No,No,No,Yes,Yes,Month-to-month,Yes,Electronic check,89.5,863.1,1,New(0-12mo),3,1,86.31,22.375,1,0
Male,No,No,Yes,1,Yes,No,No,No internet service,No internet service,No internet service,No internet service,No internet service,No internet service,Month-to-month,No,Mailed check,19.55,19.55,0,New(0-12mo),1,0,19.55,9.775,1,0
Male,No,Yes,Yes,66,No,No phone service,DSL,No,Yes,Yes,No,Yes,Yes,Two year,Yes,Credit card (automatic),56.75,3708.4,0,VIP(4yr+),4,1,56.18787878787879,11.35,0,2
Female,No,No,Yes,22,Yes,Yes,Fiber optic,No,No,No,No,No,Yes,Month-to-month,Yes,Electronic check,84.75,1816.75,0,Established(1-2yr),3,1,82.57954545454545,21.1875,1,0
Male,No,Yes,No,68,Yes,Yes,No,No internet service,No internet service,No internet service,No internet service,No internet service,No internet service,Two year,No,Bank transfer (automatic),25.25,1728.2,0,VIP(4yr+),2,0,25.41470588235294,8.416666666666666,0,2
Female,No,Yes,Yes,52,Yes,No,DSL,No,No,Yes,No,No,No,One year,Yes,Bank transfer (automatic),50.95,2610.65,0,VIP(4yr+),2,1,50.204807692307696,16.983333333333334,0,1
Female,No,No,No,4,No,No phone service,DSL,Yes,No,Yes,No,No,No,Month-to-month,No,Mailed check,35.0,135.75,0,New(0-12mo),2,1,33.9375,11.666666666666666,1,0
Female,No,Yes,Yes,48,Yes,Yes,DSL,No,Yes,No,Yes,Yes,Yes,Two year,No,Electronic check,79.65,3870.3,0,Loyal(2-4yr),6,1,80.63125000000001,11.37857142857143,0,2
Female,No,No,No,20,Yes,No,DSL,No,No,No,No,No,No,Month-to-month,Yes,Electronic check,44.35,927.15,0,Established(1-2yr),1,1,46.3575,22.175,1,0
Female,Yes,No,No,49,Yes,No,DSL,No,No,No,No,No,No,Month-to-month,No,Mailed check,43.8,2106.05,0,VIP(4yr+),1,1,42.98061224489796,21.9,1,0
Male,No,Yes,Yes,33,Yes,No,No,No internet service,No internet service,No internet service,No internet service,No internet service,No internet service,One year,No,Credit card (automatic),20.1,620.55,0,Loyal(2-4yr),1,0,18.804545454545455,10.05,0,1
Male,No,No,No,10,Yes,No,DSL,No,No,No,No,No,Yes,Month-to-month,Yes,Bank transfer (automatic),56.75,503.25,0,New(0-12mo),2,1,50.325,18.916666666666668,1,0
Male,No,No,No,60,Yes,Yes,Fiber optic,No,Yes,No,No,Yes,No,Month-to-month,Yes,Bank transfer (automatic),89.9,5450.7,0,VIP(4yr+),4,1,90.845,17.98,1,0
Female,Yes,Yes,No,31,Yes,Yes,Fiber optic,No,No,Yes,No,Yes,No,One year,Yes,Electronic check,90.7,2835.5,0,Loyal(2-4yr),4,1,91.46774193548387,18.14,0,1
Male,No,No,No,3,Yes,No,DSL,No,No,No,No,No,Yes,Month-to-month,No,Mailed check,54.65,189.1,0,New(0-12mo),2,1,63.03333333333333,18.216666666666665,1,0
Female,No,Yes,No,57,No,No phone service,DSL,Yes,Yes,Yes,No,Yes,Yes,Month-to-month,Yes,Bank transfer (automatic),58.75,3437.45,0,VIP(4yr+),5,1,60.30614035087719,9.791666666666666,1,0
Female,No,Yes,No,41,Yes,No,Fiber optic,Yes,Yes,Yes,No,Yes,Yes,One year,Yes,Bank transfer (automatic),104.45,4162.05,0,Loyal(2-4yr),6,1,101.51341463414634,14.921428571428573,0,1
Female,No,Yes,Yes,1,No,No phone service,DSL,Yes,No,No,No,No,No,Month-to-month,No,Bank transfer (automatic),30.5,30.5,1,New(0-12mo),1,1,30.5,15.25,1,0
Female,No,Yes,No,72,Yes,Yes,DSL,Yes,No,Yes,Yes,Yes,Yes,Two year,Yes,Credit card (automatic),84.4,6096.45,0,VIP(4yr+),7,1,84.67291666666667,10.55,0,2
Female,No,No,No,9,Yes,Yes,Fiber optic,No,No,No,No,No,No,Month-to-month,Yes,Electronic check,76.85,663.55,0,New(0-12mo),2,1,73.72777777777777,25.616666666666664,1,0
Female,No,Yes,Yes,1,No,No phone service,DSL,No,No,No,Yes,Yes,No,Month-to-month,No,Electronic check,40.1,40.1,1,New(0-12mo),2,1,40.1,13.366666666666667,1,0
Male,No,No,No,1,Yes,Yes,DSL,No,No,No,No,Yes,No,Month-to-month,Yes,Electronic check,59.85,59.85,1,New(0-12mo),3,1,59.85,14.9625,1,0
Male,No,Yes,Yes,71,Yes,Yes,DSL,Yes,No,Yes,Yes,Yes,Yes,One year,No,Electronic check,85.45,6300.85,0,VIP(4yr+),7,1,88.7443661971831,10.68125,0,1
Female,No,No,No,37,Yes,Yes,Fiber optic,Yes,Yes,Yes,No,No,No,Month-to-month,No,Bank transfer (automatic),91.2,3382.3,0,Loyal(2-4yr),5,1,91.41351351351352,15.200000000000001,1,0
Female,No,Yes,Yes,59,Yes,Yes,DSL,No,No,Yes,Yes,Yes,No,Two year,Yes,Bank transfer (automatic),72.1,4194.85,0,VIP(4yr+),5,1,71.09915254237289,12.016666666666666,0,2
Female,No,No,No,7,Yes,Yes,Fiber optic,No,No,No,No,No,No,Month-to-month,Yes,Bank transfer (automatic),75.1,552.95,1,New(0-12mo),2,1,78.99285714285715,25.03333333333333,1,0
Male,No,Yes,Yes,8,Yes,No,DSL,No,No,No,No,No,No,Month-to-month,No,Bank transfer (automatic),44.65,369.15,0,New(0-12mo),1,1,46.14375,22.325,1,0
Male,No,Yes,Yes,62,Yes,No,Fiber optic,Yes,Yes,No,No,No,No,One year,Yes,Credit card (automatic),81.45,4983.05,0,VIP(4yr+),3,1,80.37177419354839,20.3625,0,1
Female,No,No,No,1,Yes,No,DSL,No,No,No,No,No,No,Month-to-month,Yes,Mailed check,45.3,45.3,1,New(0-12mo),1,1,45.3,22.65,1,0
Female,Yes,No,No,45,No,No phone service,DSL,No,No,No,No,No,Yes,One year,No,Electronic check,34.2,1596.6,0,Loyal(2-4yr),1,1,35.48,17.1,0,1
Female,Yes,Yes,No,1,Yes,No,DSL,No,No,No,No,No,No,Month-to-month,No,Electronic check,46.0,46.0,1,New(0-12mo),1,1,46.0,23.0,1,0
Male,No,Yes,Yes,72,Yes,No,No,No internet service,No internet service,No internet service,No internet service,No internet service,No internet service,Two year,No,Bank transfer (automatic),19.95,1322.85,0,VIP(4yr+),1,0,18.372916666666665,9.975,0,2
Female,No,No,No,1,Yes,No,DSL,Yes,No,No,No,No,No,Month-to-month,Yes,Credit card (automatic),48.6,48.6,1,New(0-12mo),2,1,48.6,16.2,1,0
Female,Yes,No,No,67,Yes,Yes,DSL,No,Yes,No,No,No,No,Month-to-month,No,Electronic check,54.9,3725.5,0,VIP(4yr+),3,1,55.6044776119403,13.725,1,0
Male,No,Yes,Yes,12,Yes,Yes,No,No internet service,No internet service,No internet service,No internet service,No internet service,No internet service,Two year,Yes,Bank transfer (automatic),24.0,269.65,0,New(0-12mo),2,0,22.47083333333333,8.0,0,2
Female,Yes,No,No,2,Yes,No,Fiber optic,No,No,No,No,No,No,Month-to-month,Yes,Electronic check,70.35,139.05,1,New(0-12mo),1,1,69.525,35.175,1,0
Male,Yes,Yes,No,20,Yes,Yes,Fiber optic,No,No,No,No,Yes,Yes,Month-to-month,Yes,Electronic check,94.55,1899.65,1,Established(1-2yr),4,1,94.9825,18.91,1,0
Male,No,Yes,Yes,37,Yes,Yes,Fiber optic,No,Yes,Yes,No,Yes,No,Month-to-month,Yes,Electronic check,92.95,3415.25,0,Loyal(2-4yr),5,1,92.30405405405405,15.491666666666667,1,0
Male,No,No,Yes,62,Yes,Yes,Fiber optic,No,No,Yes,Yes,Yes,Yes,Two year,Yes,Electronic check,104.05,6590.5,0,VIP(4yr+),6,1,106.29838709677419,14.864285714285714,0,2
Male,No,Yes,Yes,6,Yes,No,No,No internet service,No internet service,No internet service,No internet service,No internet service,No internet service,One year,No,Mailed check,19.45,113.5,0,New(0-12mo),1,0,18.916666666666668,9.725,0,1
Female,No,Yes,No,67,Yes,Yes,DSL,No,Yes,Yes,Yes,Yes,Yes,Two year,No,Bank transfer (automatic),86.15,5883.85,0,VIP(4yr+),7,1,87.81865671641792,10.76875,0,2
Female,No,No,No,2,Yes,No,Fiber optic,No,No,Yes,No,No,Yes,Month-to-month,Yes,Mailed check,86.2,178.7,1,New(0-12mo),3,1,89.35,21.55,1,0
Female,No,No,No,59,Yes,Yes,Fiber optic,No,Yes,Yes,No,No,No,Month-to-month,Yes,Electronic check,83.25,4949.1,0,VIP(4yr+),4,1,83.88305084745764,16.65,1,0
Female,No,No,No,12,Yes,No,DSL,No,Yes,No,No,No,No,Month-to-month,Yes,Electronic check,49.4,611.65,0,New(0-12mo),2,1,50.97083333333333,16.466666666666665,1,0
Female,No,Yes,No,7,Yes,No,DSL,Yes,No,No,No,No,No,Month-to-month,Yes,Bank transfer (automatic),50.3,355.1,0,New(0-12mo),2,1,50.728571428571435,16.766666666666666,1,0
Male,No,Yes,Yes,35,Yes,Yes,DSL,Yes,Yes,Yes,Yes,No,No,Two year,Yes,Credit card (automatic),69.15,2490.15,0,Loyal(2-4yr),6,1,71.14714285714285,9.87857142857143,0,2
Male,No,Yes,No,1,Yes,No,Fiber optic,No,No,No,No,Yes,Yes,Month-to-month,Yes,Electronic check,90.75,90.75,1,New(0-12mo),3,1,90.75,22.6875,1,0
Female,No,No,No,42,Yes,No,DSL,Yes,Yes,Yes,No,No,No,Month-to-month,No,Bank transfer (automatic),59.65,2536.55,0,Loyal(2-4yr),4,1,60.394047619047626,11.93,1,0
Female,No,No,No,48,Yes,Yes,Fiber optic,No,No,Yes,Yes,Yes,Yes,Month-to-month,Yes,Electronic check,103.85,4946.05,0,Loyal(2-4yr),6,1,103.04270833333334,14.835714285714285,1,0
Male,No,No,No,64,Yes,Yes,Fiber optic,Yes,No,Yes,Yes,No,Yes,Two year,No,Credit card (automatic),99.25,6549.45,0,VIP(4yr+),6,1,102.33515625,14.178571428571429,0,2
Female,No,Yes,No,65,Yes,Yes,Fiber optic,No,Yes,Yes,Yes,Yes,Yes,Two year,Yes,Bank transfer (automatic),107.65,7082.85,0,VIP(4yr+),7,1,108.96692307692308,13.45625,0,2
Female,No,No,No,17,Yes,Yes,No,No internet service,No internet service,No internet service,No internet service,No internet service,No internet service,Month-to-month,No,Mailed check,24.8,475.25,0,Established(1-2yr),2,0,27.955882352941178,8.266666666666667,1,0
Female,Yes,No,No,2,Yes,No,Fiber optic,No,No,No,No,No,No,Month-to-month,Yes,Electronic check,69.6,131.65,1,New(0-12mo),1,1,65.825,34.8,1,0
Female,No,No,Yes,24,Yes,No,No,No internet service,No internet service,No internet service,No internet service,No internet service,No internet service,Two year,No,Mailed check,19.75,498.1,0,Established(1-2yr),1,0,20.754166666666666,9.875,0,2
Male,No,Yes,Yes,5,Yes,Yes,Fiber optic,No,Yes,No,No,No,No,Month-to-month,Yes,Electronic check,80.15,385.0,1,New(0-12mo),3,1,77.0,20.0375,1,0
Male,No,Yes,Yes,31,Yes,Yes,DSL,No,No,No,No,No,Yes,Month-to-month,No,Bank transfer (automatic),59.7,1825.5,0,Loyal(2-4yr),3,1,58.88709677419355,14.925,1,0
Female,No,No,No,12,Yes,No,DSL,No,No,No,No,No,No,Month-to-month,Yes,Electronic check,45.05,523.1,0,New(0-12mo),1,1,43.59166666666667,22.525,1,0
Female,No,Yes,No,72,Yes,Yes,Fiber optic,Yes,Yes,Yes,Yes,Yes,No,Two year,Yes,Bank transfer (automatic),103.95,7556.9,0,VIP(4yr+),7,1,104.95694444444445,12.99375,0,2
Female,No,No,No,56,Yes,Yes,Fiber optic,Yes,Yes,No,No,Yes,Yes,Month-to-month,Yes,Credit card (automatic),106.6,5893.95,0,VIP(4yr+),6,1,105.24910714285714,15.228571428571428,1,0
Male,Yes,Yes,No,30,Yes,Yes,DSL,No,No,Yes,No,Yes,Yes,Two year,No,Electronic check,74.85,2181.75,0,Loyal(2-4yr),5,1,72.725,12.475,0,2
Male,No,No,No,1,Yes,No,DSL,No,No,Yes,Yes,Yes,Yes,Month-to-month,Yes,Electronic check,75.5,75.5,0,New(0-12mo),5,1,75.5,12.583333333333334,1,0
Male,No,No,No,63,Yes,Yes,No,No internet service,No internet service,No internet service,No internet service,No internet service,No internet service,Two year,No,Mailed check,25.25,1559.3,0,VIP(4yr+),2,0,24.75079365079365,8.416666666666666,0,2
Female,No,Yes,No,72,Yes,Yes,Fiber optic,Yes,Yes,Yes,Yes,Yes,Yes,Two year,Yes,Bank transfer (automatic),115.5,8312.75,0,VIP(4yr+),8,1,115.45486111111111,12.833333333333334,0,2
Female,No,Yes,Yes,15,Yes,Yes,Fiber optic,No,Yes,Yes,No,Yes,Yes,Month-to-month,Yes,Bank transfer (automatic),105.35,1559.25,0,Established(1-2yr),6,1,103.95,15.049999999999999,1,0
Male,No,No,No,1,Yes,Yes,No,No internet service,No internet service,No internet service,No internet service,No internet service,No internet service,Month-to-month,Yes,Mailed check,25.0,25.0,0,New(0-12mo),2,0,25.0,8.333333333333334,1,0
Female,Yes,Yes,No,13,Yes,No,Fiber optic,No,No,No,No,No,No,Month-to-month,Yes,Electronic check,70.15,916.75,1,Established(1-2yr),1,1,70.51923076923077,35.075,1,0
Male,No,Yes,No,27,Yes,Yes,DSL,Yes,No,No,Yes,Yes,Yes,One year,No,Mailed check,80.85,2204.35,0,Loyal(2-4yr),6,1,81.64259259259259,11.549999999999999,0,1
Female,Yes,Yes,Yes,40,Yes,Yes,Fiber optic,No,No,No,No,Yes,Yes,Month-to-month,Yes,Credit card (automatic),94.55,3640.45,1,Loyal(2-4yr),4,1,91.01124999999999,18.91,1,0
Female,No,Yes,Yes,4,Yes,Yes,DSL,No,Yes,No,Yes,No,No,Month-to-month,Yes,Mailed check,58.5,224.85,0,New(0-12mo),4,1,56.2125,11.7,1,0
Male,Yes,No,No,3,Yes,Yes,Fiber optic,No,Yes,No,No,No,No,Month-to-month,Yes,Electronic check,81.35,233.7,1,New(0-12mo),3,1,77.89999999999999,20.3375,1,0
Male,No,No,No,18,Yes,No,DSL,Yes,No,No,No,No,No,Month-to-month,No,Electronic check,49.4,874.8,1,Established(1-2yr),2,1,48.599999999999994,16.466666666666665,1,0
Female,No,Yes,No,2,Yes,No,Fiber optic,Yes,No,No,Yes,No,No,Month-to-month,Yes,Electronic check,80.15,194.55,0,New(0-12mo),3,1,97.275,20.0375,1,0
Female,No,No,Yes,2,Yes,Yes,Fiber optic,No,No,No,No,Yes,Yes,Month-to-month,Yes,Bank transfer (automatic),94.2,193.8,1,New(0-12mo),4,1,96.9,18.84,1,0
Female,No,No,No,7,Yes,No,Fiber optic,No,No,No,No,No,Yes,Month-to-month,Yes,Electronic check,79.3,523.15,1,New(0-12mo),2,1,74.73571428571428,26.433333333333334,1,0
Female,Yes,Yes,No,72,Yes,Yes,Fiber optic,Yes,Yes,Yes,Yes,Yes,Yes,Two year,Yes,Bank transfer (automatic),114.65,8333.95,0,VIP(4yr+),8,1,115.74930555555557,12.738888888888889,0,2
Male,No,No,No,37,No,No phone service,DSL,Yes,Yes,No,Yes,No,No,Two year,Yes,Mailed check,40.55,1390.85,0,Loyal(2-4yr),3,1,37.59054054054054,10.1375,0,2
Male,No,No,No,1,No,No phone service,DSL,No,No,No,No,No,No,Month-to-month,Yes,Mailed check,24.45,24.45,1,New(0-12mo),0,1,24.45,24.45,1,0
Female,No,No,No,4,No,No phone service,DSL,No,No,No,No,No,No,Month-to-month,Yes,Electronic check,24.45,86.6,1,New(0-12mo),0,1,21.65,24.45,1,0
Male,No,No,Yes,63,No,No phone service,DSL,Yes,Yes,No,Yes,No,No,One year,Yes,Bank transfer (automatic),40.6,2588.95,0,VIP(4yr+),3,1,41.09444444444444,10.15,0,1
Male,No,Yes,No,36,Yes,No,Fiber optic,Yes,No,No,No,Yes,Yes,Month-to-month,Yes,Electronic check,93.6,3366.05,0,Loyal(2-4yr),4,1,93.5013888888889,18.72,1,0
Male,No,No,Yes,15,Yes,No,DSL,No,No,Yes,Yes,No,No,One year,No,Credit card (automatic),55.2,864.55,0,Established(1-2yr),3,1,57.63666666666666,13.8,0,1
Female,No,No,No,18,Yes,No,Fiber optic,No,No,No,No,No,No,Month-to-month,Yes,Electronic check,69.8,1221.65,0,Established(1-2yr),1,1,67.86944444444445,34.9,1,0
Male,No,No,No,62,Yes,No,No,No internet service,No internet service,No internet service,No internet service,No internet service,No internet service,Two year,Yes,Credit card (automatic),20.05,1201.65,0,VIP(4yr+),1,0,19.381451612903227,10.025,0,2
Female,No,No,No,34,Yes,Yes,DSL,Yes,Yes,No,Yes,No,No,One year,Yes,Mailed check,64.4,2088.75,1,Loyal(2-4yr),5,1,61.43382352941177,10.733333333333334,0,1
Female,No,No,No,60,Yes,No,Fiber optic,No,Yes,Yes,No,Yes,Yes,Two year,Yes,Electronic check,99.65,5941.05,0,VIP(4yr+),5,1,99.0175,16.608333333333334,0,2
Male,No,No,Yes,3,Yes,Yes,Fiber optic,No,No,Yes,No,No,Yes,Month-to-month,No,Electronic check,91.85,257.05,1,New(0-12mo),4,1,85.68333333333334,18.369999999999997,1,0
Female,Yes,No,No,40,Yes,No,Fiber optic,Yes,Yes,No,No,No,No,Month-to-month,Yes,Credit card (automatic),79.2,3233.85,1,Loyal(2-4yr),3,1,80.84625,19.8,1,0
Female,No,Yes,Yes,48,Yes,No,DSL,Yes,Yes,Yes,No,No,Yes,Two year,Yes,Credit card (automatic),70.1,3238.4,0,Loyal(2-4yr),5,1,67.46666666666667,11.683333333333332,0,2
Male,No,No,Yes,71,Yes,Yes,Fiber optic,Yes,No,Yes,No,Yes,Yes,Two year,No,Bank transfer (automatic),106.7,7382.25,0,VIP(4yr+),6,1,103.97535211267606,15.242857142857144,0,2
Male,No,No,Yes,3,Yes,No,DSL,No,No,No,No,Yes,No,Month-to-month,Yes,Credit card (automatic),54.7,169.45,1,New(0-12mo),2,1,56.48333333333333,18.233333333333334,1,0
Female,No,Yes,No,27,Yes,No,Fiber optic,No,Yes,No,No,No,No,Month-to-month,Yes,Electronic check,76.1,2093.4,0,Loyal(2-4yr),2,1,77.53333333333333,25.366666666666664,1,0
Male,No,No,No,46,Yes,No,DSL,No,No,No,No,No,No,Month-to-month,Yes,Credit card (automatic),45.2,2065.15,0,Loyal(2-4yr),1,1,44.8945652173913,22.6,1,0
Male,No,No,No,5,Yes,Yes,Fiber optic,No,Yes,Yes,No,Yes,Yes,Month-to-month,No,Mailed check,104.1,541.9,1,New(0-12mo),6,1,108.38,14.87142857142857,1,0
Female,No,Yes,No,65,Yes,No,DSL,Yes,No,Yes,No,No,No,Month-to-month,Yes,Mailed check,55.15,3673.15,0,VIP(4yr+),3,1,56.51,13.7875,1,0
Female,No,No,No,1,Yes,Yes,Fiber optic,No,No,No,No,No,Yes,Month-to-month,Yes,Mailed check,85.45,85.45,1,New(0-12mo),3,1,85.45,21.3625,1,0
Male,No,No,No,24,Yes,No,Fiber optic,No,Yes,Yes,Yes,No,No,Month-to-month,Yes,Electronic check,85.95,2107.15,0,Established(1-2yr),4,1,87.79791666666667,17.19,1,0
Male,No,No,No,17,Yes,No,No,No internet service,No internet service,No internet service,No internet service,No internet service,No internet service,Two year,No,Credit card (automatic),19.45,369.05,0,Established(1-2yr),1,0,21.708823529411767,9.725,0,2
Female,No,Yes,Yes,72,Yes,Yes,DSL,Yes,No,Yes,Yes,Yes,Yes,Two year,No,Credit card (automatic),84.7,5893.9,0,VIP(4yr+),7,1,81.85972222222222,10.5875,0,2
Female,Yes,No,No,72,Yes,Yes,Fiber optic,No,Yes,Yes,Yes,Yes,Yes,Two year,Yes,Bank transfer (automatic),108.1,7774.05,0,VIP(4yr+),7,1,107.97291666666666,13.5125,0,2
Female,No,No,No,31,Yes,Yes,Fiber optic,No,No,Yes,No,No,Yes,Month-to-month,Yes,Electronic check,89.9,2806.9,1,Loyal(2-4yr),4,1,90.54516129032258,17.98,1,0
Female,Yes,No,No,1,Yes,No,Fiber optic,No,No,No,No,Yes,Yes,Month-to-month,Yes,Electronic check,91.3,91.3,1,New(0-12mo),3,1,91.3,22.825,1,0
Female,No,Yes,Yes,57,Yes,Yes,DSL,Yes,Yes,No,Yes,No,No,Month-to-month,No,Bank transfer (automatic),65.2,3687.85,0,VIP(4yr+),5,1,64.69912280701755,10.866666666666667,1,0
Female,No,Yes,Yes,26,Yes,Yes,DSL,No,Yes,No,Yes,No,No,Month-to-month,Yes,Electronic check,60.05,1616.15,1,Loyal(2-4yr),4,1,62.159615384615385,12.01,1,0
Female,No,Yes,Yes,72,Yes,Yes,Fiber optic,Yes,Yes,Yes,Yes,Yes,Yes,Two year,Yes,Bank transfer (automatic),115.6,8220.4,0,VIP(4yr+),8,1,114.17222222222222,12.844444444444443,0,2
Female,No,No,No,21,Yes,No,Fiber optic,No,Yes,Yes,No,No,Yes,Month-to-month,Yes,Electronic check,90.05,1862.9,0,Established(1-2yr),4,1,88.70952380952382,18.009999999999998,1,0
Male,Yes,Yes,No,72,Yes,Yes,DSL,Yes,Yes,Yes,No,Yes,Yes,Two year,No,Credit card (automatic),84.45,5899.85,0,VIP(4yr+),7,1,81.94236111111111,10.55625,0,2
Female,No,No,No,57,Yes,No,DSL,Yes,Yes,Yes,Yes,Yes,No,Two year,Yes,Credit card (automatic),74.3,4166.35,0,VIP(4yr+),6,1,73.09385964912282,10.614285714285714,0,2
Female,No,Yes,No,71,Yes,Yes,No,No internet service,No internet service,No internet service,No internet service,No internet service,No internet service,Two year,Yes,Bank transfer (automatic),24.65,1710.15,0,VIP(4yr+),2,0,24.086619718309862,8.216666666666667,0,2
Male,Yes,No,No,72,Yes,Yes,No,No internet service,No internet service,No internet service,No internet service,No internet service,No internet service,Two year,No,Bank transfer (automatic),25.4,1809.35,0,VIP(4yr+),2,0,25.12986111111111,8.466666666666667,0,2
Male,No,No,No,1,Yes,No,No,No internet service,No internet service,No internet service,No internet service,No internet service,No internet service,Month-to-month,No,Mailed check,20.45,20.45,0,New(0-12mo),1,0,20.45,10.225,1,0
Female,No,No,No,36,Yes,No,Fiber optic,No,No,Yes,Yes,No,Yes,Month-to-month,Yes,Electronic check,87.55,3078.1,1,Loyal(2-4yr),4,1,85.50277777777778,17.509999999999998,1,0
Female,No,No,No,7,Yes,Yes,Fiber optic,No,No,No,No,No,No,Month-to-month,Yes,Electronic check,75.35,564.65,0,New(0-12mo),2,1,80.66428571428571,25.116666666666664,1,0
Male,No,No,No,47,Yes,Yes,Fiber optic,No,Yes,Yes,No,Yes,Yes,One year,Yes,Electronic check,103.1,4889.3,0,Loyal(2-4yr),6,1,104.02765957446809,14.728571428571428,0,1
Male,No,No,No,4,Yes,No,No,No internet service,No internet service,No internet service,No internet service,No internet service,No internet service,Month-to-month,No,Mailed check,19.4,93.4,0,New(0-12mo),1,0,23.35,9.7,1,0
Male,No,Yes,No,25,No,No phone service,DSL,No,No,Yes,No,Yes,No,One year,Yes,Credit card (automatic),38.1,970.4,0,Loyal(2-4yr),2,1,38.816,12.700000000000001,0,1
Male,No,No,No,16,Yes,No,Fiber optic,Yes,No,No,No,Yes,Yes,Month-to-month,Yes,Electronic check,94.25,1483.25,1,Established(1-2yr),4,1,92.703125,18.85,1,0
Male,No,No,No,35,Yes,No,No,No internet service,No internet service,No internet service,No internet service,No internet service,No internet service,Two year,No,Mailed check,19.25,677.9,0,Loyal(2-4yr),1,0,19.36857142857143,9.625,0,2
Female,No,Yes,Yes,46,Yes,No,No,No internet service,No internet service,No internet service,No internet service,No internet service,No internet service,Two year,Yes,Mailed check,19.95,927.1,0,Loyal(2-4yr),1,0,20.15434782608696,9.975,0,2
Female,No,Yes,No,60,Yes,Yes,Fiber optic,No,Yes,Yes,No,Yes,Yes,Month-to-month,Yes,Electronic check,106.15,6411.25,0,VIP(4yr+),6,1,106.85416666666667,15.164285714285715,1,0
Male,No,Yes,No,70,Yes,Yes,Fiber optic,Yes,Yes,No,Yes,No,No,Two year,Yes,Credit card (automatic),88.0,5986.45,0,VIP(4yr+),5,1,85.52071428571428,14.666666666666666,0,2
Female,No,Yes,No,56,Yes,Yes,Fiber optic,No,Yes,No,No,Yes,Yes,One year,Yes,Electronic check,98.25,5508.35,1,VIP(4yr+),5,1,98.36339285714287,16.375,0,1
Female,No,No,No,5,Yes,No,No,No internet service,No internet service,No internet service,No internet service,No internet service,No internet service,Month-to-month,Yes,Credit card (automatic),19.65,92.05,0,New(0-12mo),1,0,18.41,9.825,1,0
Male,No,No,No,3,Yes,No,No,No internet service,No internet service,No internet service,No internet service,No internet service,No internet service,Month-to-month,Yes,Mailed check,19.65,68.35,0,New(0-12mo),1,0,22.78333333333333,9.825,1,0
Male,No,No,No,4,Yes,No,Fiber optic,No,No,Yes,No,No,Yes,Month-to-month,No,Electronic check,86.05,308.1,0,New(0-12mo),3,1,77.025,21.5125,1,0
Female,No,Yes,No,14,Yes,No,Fiber optic,Yes,Yes,No,Yes,Yes,Yes,One year,No,Mailed check,105.95,1348.9,1,Established(1-2yr),6,1,96.35000000000001,15.135714285714286,0,1
Male,No,No,No,50,Yes,Yes,DSL,No,No,Yes,Yes,No,Yes,Two year,No,Bank transfer (automatic),69.5,3418.2,0,VIP(4yr+),5,1,68.36399999999999,11.583333333333334,0,2
Male,No,No,No,25,Yes,No,No,No internet service,No internet service,No internet service,No internet service,No internet service,No internet service,Month-to-month,No,Mailed check,20.6,541.5,0,Loyal(2-4yr),1,0,21.66,10.3,1,0
Male,No,No,No,16,Yes,No,No,No internet service,No internet service,No internet service,No internet service,No internet service,No internet service,Month-to-month,No,Mailed check,20.0,275.7,0,Established(1-2yr),1,0,17.23125,10.0,1,0
Male,Yes,Yes,No,20,Yes,No,Fiber optic,No,Yes,No,No,No,No,Month-to-month,Yes,Electronic check,73.65,1463.5,1,Established(1-2yr),2,1,73.175,24.55,1,0
Male,Yes,No,No,51,Yes,No,Fiber optic,No,No,Yes,No,Yes,Yes,One year,Yes,Bank transfer (automatic),94.0,4905.75,0,VIP(4yr+),4,1,96.19117647058823,18.8,0,1
Male,Yes,No,No,1,Yes,Yes,Fiber optic,No,No,No,No,Yes,Yes,Month-to-month,Yes,Electronic check,94.0,94.0,1,New(0-12mo),4,1,94.0,18.8,1,0
Male,No,No,Yes,27,Yes,No,No,No internet service,No internet service,No internet service,No internet service,No internet service,No internet service,Two year,No,Mailed check,20.6,581.85,0,Loyal(2-4yr),1,0,21.55,10.3,0,2
Female,No,No,No,12,No,No phone service,DSL,Yes,No,Yes,Yes,No,Yes,Two year,No,Mailed check,49.85,552.1,0,New(0-12mo),4,1,46.00833333333333,9.97,0,2
Male,Yes,No,No,20,Yes,Yes,Fiber optic,No,No,Yes,No,Yes,Yes,Month-to-month,Yes,Electronic check,98.55,1842.8,1,Established(1-2yr),5,1,92.14,16.425,1,0
Female,Yes,No,No,29,Yes,Yes,DSL,Yes,Yes,No,No,No,No,Month-to-month,Yes,Bank transfer (automatic),58.55,1718.95,0,Loyal(2-4yr),4,1,59.27413793103448,11.709999999999999,1,0
Male,No,No,No,33,Yes,Yes,Fiber optic,Yes,No,No,No,No,No,One year,No,Bank transfer (automatic),80.1,2603.3,0,Loyal(2-4yr),3,1,78.88787878787879,20.025,0,1
Female,No,No,No,37,No,No phone service,DSL,No,No,Yes,No,No,Yes,Month-to-month,Yes,Credit card (automatic),40.2,1478.85,0,Loyal(2-4yr),2,1,39.96891891891892,13.4,1,0
Male,No,No,No,20,No,No phone service,DSL,Yes,Yes,Yes,Yes,Yes,No,Month-to-month,Yes,Credit card (automatic),55.0,1165.55,0,Established(1-2yr),5,1,58.277499999999996,9.166666666666666,1,0
Female,No,No,No,41,Yes,No,No,No internet service,No internet service,No internet service,No internet service,No internet service,No internet service,Two year,No,Mailed check,20.0,810.3,0,Loyal(2-4yr),1,0,19.76341463414634,10.0,0,2
Female,No,No,No,13,Yes,Yes,Fiber optic,Yes,No,No,No,Yes,Yes,Month-to-month,Yes,Electronic check,100.35,1358.85,1,Established(1-2yr),5,1,104.52692307692307,16.724999999999998,1,0
Male,No,No,No,5,Yes,No,DSL,No,No,Yes,No,Yes,Yes,Month-to-month,Yes,Electronic check,70.05,346.4,1,New(0-12mo),4,1,69.28,14.01,1,0
Male,No,Yes,Yes,37,Yes,No,No,No internet service,No internet service,No internet service,No internet service,No internet service,No internet service,Two year,No,Bank transfer (automatic),19.8,726.1,0,Loyal(2-4yr),1,0,19.624324324324323,9.9,0,2
Female,No,No,No,61,No,No phone service,DSL,Yes,Yes,Yes,Yes,No,No,One year,No,Credit card (automatic),43.7,2696.55,0,VIP(4yr+),4,1,44.205737704918036,8.74,0,1
Female,No,Yes,No,43,Yes,Yes,Fiber optic,No,Yes,No,No,No,No,Month-to-month,No,Electronic check,80.45,3398.9,0,Loyal(2-4yr),3,1,79.04418604651163,20.1125,1,0
Female,No,Yes,Yes,17,Yes,No,Fiber optic,No,No,Yes,Yes,Yes,Yes,One year,No,Bank transfer (automatic),98.6,1704.95,1,Established(1-2yr),5,1,100.29117647058824,16.433333333333334,0,1
Male,No,Yes,Yes,22,Yes,No,DSL,Yes,No,Yes,Yes,Yes,No,One year,Yes,Bank transfer (automatic),67.5,1544.05,1,Established(1-2yr),5,1,70.18409090909091,11.25,0,1
Male,No,Yes,Yes,50,Yes,Yes,Fiber optic,Yes,Yes,Yes,No,Yes,Yes,One year,Yes,Electronic check,108.25,5431.4,0,VIP(4yr+),7,1,108.62799999999999,13.53125,0,1
Male,No,No,Yes,14,Yes,No,DSL,Yes,Yes,Yes,Yes,No,Yes,Two year,No,Bank transfer (automatic),76.1,1054.8,0,Established(1-2yr),6,1,75.34285714285714,10.87142857142857,0,2
Female,No,No,No,9,No,No phone service,DSL,No,Yes,No,No,No,Yes,Month-to-month,No,Electronic check,40.75,359.4,0,New(0-12mo),2,1,39.93333333333333,13.583333333333334,1,0
Male,No,Yes,Yes,54,No,No phone service,DSL,No,No,Yes,Yes,No,Yes,Two year,No,Credit card (automatic),46.0,2424.05,0,VIP(4yr+),3,1,44.88981481481482,11.5,0,2
Male,No,Yes,Yes,71,Yes,Yes,DSL,Yes,Yes,Yes,Yes,Yes,Yes,Two year,No,Bank transfer (automatic),86.85,6263.8,0,VIP(4yr+),8,1,88.22253521126761,9.649999999999999,0,2
Female,No,No,No,2,Yes,No,DSL,No,No,No,No,No,No,Month-to-month,No,Electronic check,45.55,84.4,0,New(0-12mo),1,1,42.2,22.775,1,0
Male,Yes,No,No,42,Yes,Yes,Fiber optic,No,Yes,No,No,No,No,Month-to-month,Yes,Bank transfer (automatic),79.35,3344.1,0,Loyal(2-4yr),3,1,79.62142857142857,19.8375,1,0
Female,No,Yes,Yes,42,Yes,No,No,No internet service,No internet service,No internet service,No internet service,No internet service,No internet service,One year,Yes,Electronic check,19.05,761.85,0,Loyal(2-4yr),1,0,18.139285714285716,9.525,0,1
Female,No,Yes,Yes,23,Yes,Yes,No,No internet service,No internet service,No internet service,No internet service,No internet service,No internet service,Two year,Yes,Credit card (automatic),25.6,514.75,0,Established(1-2yr),2,0,22.380434782608695,8.533333333333333,0,2
Female,No,Yes,Yes,23,Yes,Yes,Fiber optic,No,No,No,No,Yes,No,Month-to-month,Yes,Electronic check,83.75,1849.95,0,Established(1-2yr),3,1,80.43260869565218,20.9375,1,0
Male,Yes,Yes,No,49,Yes,Yes,Fiber optic,No,Yes,No,No,No,Yes,Month-to-month,No,Credit card (automatic),90.05,4547.25,1,VIP(4yr+),4,1,92.80102040816327,18.009999999999998,1,0
Female,Yes,No,No,18,Yes,No,No,No internet service,No internet service,No internet service,No internet service,No internet service,No internet service,One year,No,Bank transfer (automatic),20.35,369.6,0,Established(1-2yr),1,0,20.533333333333335,10.175,0,1
Male,No,No,No,37,Yes,No,No,No internet service,No internet service,No internet service,No internet service,No internet service,No internet service,One year,No,Credit card (automatic),20.15,785.75,0,Loyal(2-4yr),1,0,21.236486486486488,10.075,0,1
Male,No,No,Yes,3,Yes,Yes,No,No internet service,No internet service,No internet service,No internet service,No internet service,No internet service,Two year,Yes,Mailed check,26.4,121.25,0,New(0-12mo),2,0,40.416666666666664,8.799999999999999,0,2
Male,No,No,No,72,Yes,No,No,No internet service,No internet service,No internet service,No internet service,No internet service,No internet service,Two year,No,Bank transfer (automatic),19.85,1434.1,0,VIP(4yr+),1,0,19.918055555555554,9.925,0,2
Female,No,No,Yes,16,Yes,No,No,No internet service,No internet service,No internet service,No internet service,No internet service,No internet service,One year,Yes,Bank transfer (automatic),19.3,360.35,0,Established(1-2yr),1,0,22.521875,9.65,0,1
Male,No,No,No,33,Yes,No,Fiber optic,Yes,No,No,Yes,Yes,No,Two year,Yes,Electronic check,88.95,3027.65,0,Loyal(2-4yr),4,1,91.7469696969697,17.79,0,2
Female,No,Yes,Yes,70,Yes,Yes,Fiber optic,Yes,Yes,Yes,No,Yes,Yes,One year,Yes,Credit card (automatic),108.15,7930.55,0,VIP(4yr+),7,1,113.29357142857143,13.51875,0,1
Male,No,No,No,69,Yes,Yes,Fiber optic,No,Yes,No,Yes,Yes,Yes,One year,Yes,Bank transfer (automatic),104.7,7220.35,1,VIP(4yr+),6,1,104.64275362318841,14.957142857142857,0,1
Male,No,No,No,13,Yes,No,No,No internet service,No internet service,No internet service,No internet service,No internet service,No internet service,Two year,No,Mailed check,19.75,265.75,0,Established(1-2yr),1,0,20.442307692307693,9.875,0,2
Female,No,No,No,1,Yes,No,DSL,No,No,No,No,No,No,Month-to-month,No,Electronic check,45.8,45.8,1,New(0-12mo),1,1,45.8,22.9,1,0
Male,No,Yes,Yes,60,Yes,Yes,Fiber optic,No,Yes,No,Yes,Yes,Yes,Month-to-month,Yes,Bank transfer (automatic),103.75,5969.95,0,VIP(4yr+),6,1,99.49916666666667,14.821428571428571,1,0
Male,No,Yes,Yes,36,Yes,No,No,No internet service,No internet service,No internet service,No internet service,No internet service,No internet service,Two year,No,Credit card (automatic),19.45,754.5,0,Loyal(2-4yr),1,0,20.958333333333332,9.725,0,2
Male,Yes,Yes,No,69,Yes,Yes,Fiber optic,No,Yes,Yes,Yes,Yes,Yes,Two year,Yes,Electronic check,109.95,7634.25,0,VIP(4yr+),7,1,110.6413043478261,13.74375,0,2
Female,No,No,No,6,No,No phone service,DSL,No,No,No,No,Yes,Yes,Month-to-month,No,Credit card (automatic),45.0,298.7,0,New(0-12mo),2,1,49.78333333333333,15.0,1,0
Male,No,No,No,1,Yes,No,DSL,No,No,No,No,No,No,Month-to-month,No,Mailed check,46.3,46.3,1,New(0-12mo),1,1,46.3,23.15,1,0
Female,No,No,No,41,Yes,Yes,Fiber optic,No,Yes,Yes,No,Yes,Yes,Month-to-month,Yes,Electronic check,106.3,4443.45,1,Loyal(2-4yr),6,1,108.37682926829268,15.185714285714285,1,0
Female,No,No,No,2,Yes,No,DSL,No,No,No,No,No,No,Month-to-month,Yes,Mailed check,45.25,74.2,0,New(0-12mo),1,1,37.1,22.625,1,0
Female,No,Yes,No,4,Yes,No,No,No internet service,No internet service,No internet service,No internet service,No internet service,No internet service,One year,No,Bank transfer (automatic),20.5,79.05,0,New(0-12mo),1,0,19.7625,10.25,0,1
Male,No,Yes,Yes,72,Yes,Yes,Fiber optic,Yes,Yes,No,Yes,No,Yes,Two year,Yes,Credit card (automatic),97.75,6991.6,0,VIP(4yr+),6,1,97.10555555555555,13.964285714285714,0,2
Female,No,Yes,No,42,Yes,Yes,No,No internet service,No internet service,No internet service,No internet service,No internet service,No internet service,Two year,No,Electronic check,25.25,1108.2,0,Loyal(2-4yr),2,0,26.385714285714286,8.416666666666666,0,2
Female,Yes,Yes,No,38,Yes,Yes,Fiber optic,No,No,No,No,No,No,Month-to-month,Yes,Bank transfer (automatic),74.95,2869.85,1,Loyal(2-4yr),2,1,75.52236842105263,24.983333333333334,1,0
Female,No,No,No,10,Yes,No,DSL,No,No,Yes,Yes,No,No,Month-to-month,No,Electronic check,54.25,583.0,0,New(0-12mo),3,1,58.3,13.5625,1,0
Male,No,Yes,Yes,53,Yes,No,Fiber optic,No,Yes,No,Yes,Yes,No,Month-to-month,Yes,Electronic check,92.55,4779.45,0,VIP(4yr+),4,1,90.17830188679245,18.509999999999998,1,0
Male,No,Yes,Yes,32,Yes,Yes,Fiber optic,Yes,No,No,No,Yes,Yes,Month-to-month,Yes,Credit card (automatic),99.55,3204.65,1,Loyal(2-4yr),5,1,100.1453125,16.591666666666665,1,0
Male,No,No,No,9,No,No phone service,DSL,Yes,No,Yes,Yes,No,Yes,One year,No,Mailed check,50.8,463.6,0,New(0-12mo),4,1,51.51111111111111,10.16,0,1
Male,Yes,No,No,29,Yes,No,Fiber optic,No,Yes,Yes,No,Yes,Yes,Month-to-month,Yes,Bank transfer (automatic),101.45,2948.6,0,Loyal(2-4yr),5,1,101.67586206896551,16.908333333333335,1,0
Female,No,Yes,Yes,19,Yes,No,DSL,No,No,Yes,No,No,No,Month-to-month,Yes,Bank transfer (automatic),49.6,962.9,0,Established(1-2yr),2,1,50.67894736842105,16.533333333333335,1,0
Male,No,No,Yes,31,No,No phone service,DSL,No,No,No,No,No,No,Month-to-month,No,Credit card (automatic),25.0,789.2,0,Loyal(2-4yr),0,1,25.458064516129035,25.0,1,0
Male,No,No,No,17,Yes,No,DSL,Yes,Yes,No,No,No,No,Month-to-month,Yes,Credit card (automatic),55.5,934.15,0,Established(1-2yr),3,1,54.949999999999996,13.875,1,0
Female,No,No,No,1,Yes,No,No,No internet service,No internet service,No internet service,No internet service,No internet service,No internet service,Month-to-month,No,Mailed check,20.4,20.4,1,New(0-12mo),1,0,20.4,10.2,1,0
Female,No,Yes,No,55,Yes,Yes,Fiber optic,No,No,Yes,No,No,No,Month-to-month,Yes,Electronic check,77.75,4458.15,1,VIP(4yr+),3,1,81.05727272727272,19.4375,1,0
Female,No,No,No,12,Yes,No,DSL,No,No,No,No,No,No,Month-to-month,Yes,Bank transfer (automatic),45.0,524.35,0,New(0-12mo),1,1,43.69583333333333,22.5,1,0
Female,No,Yes,Yes,52,Yes,No,No,No internet service,No internet service,No internet service,No internet service,No internet service,No internet service,One year,Yes,Electronic check,20.4,1090.65,0,VIP(4yr+),1,0,20.974038461538463,10.2,0,1
Female,No,No,No,2,Yes,No,No,No internet service,No internet service,No internet service,No internet service,No internet service,No internet service,Month-to-month,Yes,Mailed check,20.0,40.9,0,New(0-12mo),1,0,20.45,10.0,1,0
Male,No,Yes,No,3,Yes,No,Fiber optic,No,No,No,No,No,No,Month-to-month,Yes,Electronic check,70.3,208.85,1,New(0-12mo),1,1,69.61666666666666,35.15,1,0
Female,No,No,No,25,No,No phone service,DSL,No,No,Yes,Yes,Yes,Yes,One year,No,Electronic check,54.2,1423.15,0,Loyal(2-4yr),4,1,56.926,10.84,0,1
Female,No,No,No,14,Yes,Yes,DSL,No,Yes,No,No,No,No,One year,Yes,Mailed check,54.25,773.2,0,Established(1-2yr),3,1,55.228571428571435,13.5625,0,1
Male,No,No,No,3,Yes,No,Fiber optic,No,No,No,No,Yes,No,Month-to-month,Yes,Electronic check,78.5,242.05,1,New(0-12mo),2,1,80.68333333333334,26.166666666666668,1,0
Male,Yes,Yes,No,12,Yes,Yes,Fiber optic,No,Yes,No,No,Yes,Yes,Month-to-month,Yes,Electronic check,101.35,1218.55,1,New(0-12mo),5,1,101.54583333333333,16.891666666666666,1,0
Male,No,No,No,56,Yes,Yes,No,No internet service,No internet service,No internet service,No internet service,No internet service,No internet service,One year,No,Electronic check,24.9,1334.0,1,VIP(4yr+),2,0,23.821428571428573,8.299999999999999,0,1
Female,No,No,No,3,Yes,No,No,No internet service,No internet service,No internet service,No internet service,No internet service,No internet service,Month-to-month,No,Electronic check,19.55,61.05,0,New(0-12mo),1,0,20.349999999999998,9.775,1,0
Male,No,No,No,13,Yes,No,Fiber optic,Yes,No,No,No,No,No,Month-to-month,Yes,Credit card (automatic),73.75,956.65,0,Established(1-2yr),2,1,73.58846153846153,24.583333333333332,1,0
Male,No,No,No,65,Yes,Yes,Fiber optic,No,Yes,Yes,No,Yes,Yes,Two year,No,Credit card (automatic),105.1,6631.85,0,VIP(4yr+),6,1,102.02846153846154,15.014285714285714,0,2
Male,No,Yes,Yes,63,Yes,No,No,No internet service,No internet service,No internet service,No internet service,No internet service,No internet service,Two year,No,Mailed check,19.55,1245.6,0,VIP(4yr+),1,0,19.77142857142857,9.775,0,2
Male,No,No,Yes,70,Yes,Yes,DSL,Yes,Yes,No,Yes,No,No,One year,No,Bank transfer (automatic),64.95,4551.5,0,VIP(4yr+),5,1,65.02142857142857,10.825000000000001,0,1
Female,No,Yes,No,48,Yes,Yes,Fiber optic,No,Yes,No,Yes,Yes,Yes,Month-to-month,Yes,Credit card (automatic),105.1,5083.55,0,Loyal(2-4yr),6,1,105.90729166666667,15.014285714285714,1,0
Female,Yes,Yes,No,72,Yes,Yes,Fiber optic,Yes,Yes,Yes,Yes,Yes,Yes,Two year,Yes,Credit card (automatic),115.75,8443.7,0,VIP(4yr+),8,1,117.27361111111112,12.86111111111111,0,2
Male,No,No,No,8,Yes,No,DSL,No,No,No,No,No,Yes,Month-to-month,Yes,Credit card (automatic),54.75,438.05,0,New(0-12mo),2,1,54.75625,18.25,1,0
Male,No,No,No,1,No,No phone service,DSL,No,No,No,No,No,No,Month-to-month,No,Bank transfer (automatic),24.8,24.8,1,New(0-12mo),0,1,24.8,24.8,1,0
Male,No,No,No,3,Yes,Yes,Fiber optic,No,No,Yes,No,Yes,Yes,Month-to-month,Yes,Electronic check,100.95,329.95,1,New(0-12mo),5,1,109.98333333333333,16.825,1,0
Female,No,No,No,3,Yes,No,No,No internet service,No internet service,No internet service,No internet service,No internet service,No internet service,Month-to-month,No,Electronic check,20.2,65.95,0,New(0-12mo),1,0,21.983333333333334,10.1,1,0
Female,No,Yes,Yes,72,Yes,No,DSL,Yes,Yes,Yes,Yes,Yes,Yes,Two year,Yes,Bank transfer (automatic),83.7,6096.9,0,VIP(4yr+),7,1,84.67916666666666,10.4625,0,2
Female,No,No,No,12,Yes,No,DSL,No,Yes,No,Yes,No,No,Month-to-month,Yes,Electronic check,54.3,654.5,0,New(0-12mo),3,1,54.541666666666664,13.575,1,0
Male,No,No,No,26,Yes,No,Fiber optic,No,Yes,Yes,No,Yes,No,Month-to-month,No,Electronic check,89.8,2335.3,1,Loyal(2-4yr),4,1,89.81923076923077,17.96,1,0
Female,No,No,No,1,No,No phone service,DSL,No,No,No,No,No,No,Month-to-month,No,Mailed check,24.4,24.4,0,New(0-12mo),0,1,24.4,24.4,1,0
Female,No,Yes,Yes,72,Yes,No,Fiber optic,Yes,Yes,Yes,Yes,Yes,Yes,Two year,Yes,Bank transfer (automatic),108.65,7726.35,0,VIP(4yr+),7,1,107.31041666666667,13.58125,0,2
Male,No,Yes,No,48,Yes,Yes,Fiber optic,Yes,Yes,Yes,No,Yes,No,Two year,Yes,Bank transfer (automatic),96.9,4473.45,0,Loyal(2-4yr),6,1,93.19687499999999,13.842857142857143,0,2
Male,No,Yes,No,65,Yes,Yes,Fiber optic,No,Yes,No,No,No,Yes,Month-to-month,Yes,Electronic check,90.65,5931.0,0,VIP(4yr+),4,1,91.24615384615385,18.130000000000003,1,0
Male,No,Yes,No,16,Yes,No,Fiber optic,Yes,Yes,No,No,No,No,Month-to-month,No,Bank transfer (automatic),80.75,1321.3,0,Established(1-2yr),3,1,82.58125,20.1875,1,0
Male,No,No,No,11,Yes,No,Fiber optic,No,No,No,Yes,No,No,Month-to-month,Yes,Electronic check,73.85,926.25,1,New(0-12mo),2,1,84.20454545454545,24.616666666666664,1,0
Female,No,Yes,Yes,35,Yes,No,No,No internet service,No internet service,No internet service,No internet service,No internet service,No internet service,Two year,No,Credit card (automatic),19.7,730.4,0,Loyal(2-4yr),1,0,20.86857142857143,9.85,0,2
Female,No,Yes,No,57,Yes,No,DSL,Yes,Yes,No,Yes,Yes,No,Two year,Yes,Credit card (automatic),70.35,4124.65,0,VIP(4yr+),5,1,72.36228070175439,11.725,0,2
Female,No,Yes,Yes,72,Yes,No,No,No internet service,No internet service,No internet service,No internet service,No internet service,No internet service,Two year,Yes,Mailed check,20.7,1482.3,0,VIP(4yr+),1,0,20.5875,10.35,0,2
Male,No,Yes,Yes,40,Yes,No,No,No internet service,No internet service,No internet service,No internet service,No internet service,No internet service,Two year,No,Mailed check,19.6,808.95,0,Loyal(2-4yr),1,0,20.223750000000003,9.8,0,2
Male,No,No,No,2,Yes,No,No,No internet service,No internet service,No internet service,No internet service,No internet service,No internet service,Month-to-month,No,Mailed check,20.05,33.7,0,New(0-12mo),1,0,16.85,10.025,1,0
Male,No,No,No,30,Yes,Yes,DSL,Yes,No,No,No,No,Yes,Month-to-month,Yes,Mailed check,64.5,1888.45,0,Loyal(2-4yr),4,1,62.94833333333334,12.9,1,0
Male,No,No,No,26,Yes,No,Fiber optic,No,Yes,No,No,Yes,No,Month-to-month,Yes,Electronic check,85.75,2146.5,0,Loyal(2-4yr),3,1,82.5576923076923,21.4375,1,0
Female,Yes,No,No,11,Yes,Yes,Fiber optic,No,No,No,No,No,Yes,Month-to-month,Yes,Credit card (automatic),84.8,906.85,1,New(0-12mo),3,1,82.44090909090909,21.2,1,0
Female,No,Yes,No,41,Yes,No,Fiber optic,No,Yes,Yes,Yes,No,No,One year,Yes,Bank transfer (automatic),86.2,3339.05,0,Loyal(2-4yr),4,1,81.44024390243902,17.240000000000002,0,1
Male,No,Yes,Yes,52,Yes,No,DSL,Yes,Yes,Yes,No,Yes,Yes,Two year,No,Electronic check,79.2,4016.3,0,VIP(4yr+),6,1,77.23653846153846,11.314285714285715,0,2
Male,No,No,No,5,Yes,No,No,No internet service,No internet service,No internet service,No internet service,No internet service,No internet service,Month-to-month,No,Mailed check,21.05,113.85,1,New(0-12mo),1,0,22.77,10.525,1,0
Female,No,Yes,Yes,7,Yes,No,DSL,Yes,Yes,Yes,Yes,Yes,No,Month-to-month,Yes,Electronic check,75.7,554.05,0,New(0-12mo),6,1,79.14999999999999,10.814285714285715,1,0
Female,No,No,No,12,Yes,No,Fiber optic,No,No,Yes,No,Yes,Yes,One year,No,Mailed check,95.5,1115.15,1,New(0-12mo),4,1,92.92916666666667,19.1,0,1
Female,No,No,No,1,Yes,No,DSL,No,No,Yes,No,No,No,Month-to-month,Yes,Mailed check,50.45,50.45,1,New(0-12mo),2,1,50.45,16.816666666666666,1,0
Male,No,Yes,Yes,20,Yes,No,Fiber optic,No,No,No,No,No,No,Month-to-month,Yes,Electronic check,70.45,1470.95,1,Established(1-2yr),1,1,73.5475,35.225,1,0
Male,No,No,No,1,Yes,No,DSL,No,No,No,No,No,No,Month-to-month,Yes,Mailed check,44.3,44.3,0,New(0-12mo),1,1,44.3,22.15,1,0
Male,No,Yes,No,30,Yes,Yes,DSL,No,No,No,No,No,No,Month-to-month,No,Electronic check,49.9,1441.95,0,Loyal(2-4yr),2,1,48.065000000000005,16.633333333333333,1,0
Male,No,Yes,Yes,68,Yes,Yes,Fiber optic,Yes,Yes,Yes,No,Yes,Yes,Two year,Yes,Electronic check,110.2,7467.5,0,VIP(4yr+),7,1,109.81617647058823,13.775,0,2
Male,No,No,No,29,Yes,No,Fiber optic,No,Yes,No,Yes,Yes,No,Month-to-month,No,Mailed check,89.65,2623.65,0,Loyal(2-4yr),4,1,90.47068965517242,17.93,1,0
Female,No,No,No,2,Yes,No,Fiber optic,No,No,No,No,No,No,Month-to-month,Yes,Electronic check,69.7,135.2,0,New(0-12mo),1,1,67.6,34.85,1,0
Male,No,No,No,5,Yes,No,Fiber optic,No,Yes,No,No,No,No,Month-to-month,Yes,Electronic check,74.65,383.65,0,New(0-12mo),2,1,76.72999999999999,24.883333333333336,1,0
Female,No,No,No,12,Yes,No,No,No internet service,No internet service,No internet service,No internet service,No internet service,No internet service,Month-to-month,No,Mailed check,20.3,246.7,0,New(0-12mo),1,0,20.558333333333334,10.15,1,0
Female,Yes,Yes,Yes,60,Yes,No,DSL,Yes,Yes,Yes,Yes,No,Yes,One year,Yes,Credit card (automatic),74.85,4456.35,0,VIP(4yr+),6,1,74.27250000000001,10.692857142857141,0,1
Male,No,Yes,Yes,17,Yes,No,No,No internet service,No internet service,No internet service,No internet service,No internet service,No internet service,One year,No,Bank transfer (automatic),19.9,329.75,0,Established(1-2yr),1,0,19.397058823529413,9.95,0,1
Male,No,Yes,Yes,62,Yes,Yes,Fiber optic,No,No,Yes,No,Yes,No,Two year,Yes,Credit card (automatic),89.1,5411.65,0,VIP(4yr+),4,1,87.28467741935484,17.82,0,2
Male,No,Yes,Yes,67,Yes,No,Fiber optic,No,Yes,Yes,Yes,Yes,Yes,Two year,No,Bank transfer (automatic),103.15,6895.5,0,VIP(4yr+),6,1,102.91791044776119,14.735714285714286,0,2
Male,No,Yes,Yes,13,Yes,No,DSL,No,No,No,No,Yes,Yes,One year,Yes,Electronic check,64.75,877.35,0,Established(1-2yr),3,1,67.48846153846154,16.1875,0,1
Male,No,Yes,No,24,Yes,Yes,Fiber optic,No,No,Yes,No,Yes,Yes,Month-to-month,Yes,Electronic check,101.05,2391.8,1,Established(1-2yr),5,1,99.65833333333335,16.841666666666665,1,0
Female,No,Yes,Yes,14,Yes,Yes,Fiber optic,No,No,No,No,Yes,No,Month-to-month,Yes,Electronic check,84.8,1203.9,0,Established(1-2yr),3,1,85.99285714285715,21.2,1,0
Male,No,Yes,No,40,Yes,Yes,Fiber optic,No,Yes,Yes,No,Yes,Yes,One year,Yes,Bank transfer (automatic),106.0,4178.65,0,Loyal(2-4yr),6,1,104.46624999999999,15.142857142857142,0,1
Male,No,No,No,1,Yes,No,Fiber optic,No,No,No,No,No,No,Month-to-month,Yes,Mailed check,70.6,70.6,0,New(0-12mo),1,1,70.6,35.3,1,0
Female,Yes,No,No,1,Yes,No,Fiber optic,No,No,Yes,No,No,No,Month-to-month,Yes,Bank transfer (automatic),75.3,75.3,1,New(0-12mo),2,1,75.3,25.099999999999998,1,0
Female,No,Yes,No,2,Yes,No,No,No internet service,No internet service,No internet service,No internet service,No internet service,No internet service,Month-to-month,No,Bank transfer (automatic),20.1,43.15,0,New(0-12mo),1,0,21.575,10.05,1,0
Female,No,No,No,25,Yes,No,DSL,No,Yes,No,Yes,No,Yes,Month-to-month,Yes,Bank transfer (automatic),65.8,1679.65,0,Loyal(2-4yr),4,1,67.186,13.16,1,0
Female,No,Yes,No,32,Yes,No,No,No internet service,No internet service,No internet service,No internet service,No internet service,No internet service,Month-to-month,No,Bank transfer (automatic),19.4,641.15,0,Loyal(2-4yr),1,0,20.0359375,9.7,1,0
Male,No,No,No,32,Yes,No,No,No internet service,No internet service,No internet service,No internet service,No internet service,No internet service,One year,No,Credit card (automatic),20.35,707.5,0,Loyal(2-4yr),1,0,22.109375,10.175,0,1
Male,No,No,No,1,Yes,No,Fiber optic,No,No,No,No,Yes,No,Month-to-month,Yes,Electronic check,79.95,79.95,1,New(0-12mo),2,1,79.95,26.650000000000002,1,0
Female,Yes,Yes,No,18,Yes,Yes,Fiber optic,No,No,No,Yes,Yes,Yes,Month-to-month,No,Bank transfer (automatic),99.75,1836.25,1,Established(1-2yr),5,1,102.01388888888889,16.625,1,0
Female,No,No,No,3,No,No phone service,DSL,No,No,No,No,No,No,Month-to-month,No,Electronic check,25.25,58.9,1,New(0-12mo),0,1,19.633333333333333,25.25,1,0
Female,No,Yes,Yes,69,Yes,Yes,DSL,Yes,No,No,Yes,No,No,Two year,No,Credit card (automatic),61.4,4059.85,0,VIP(4yr+),4,1,58.83840579710145,12.28,0,2
Female,No,Yes,No,10,Yes,No,No,No internet service,No internet service,No internet service,No internet service,No internet service,No internet service,One year,No,Mailed check,20.1,184.4,0,New(0-12mo),1,0,18.44,10.05,0,1
Male,No,Yes,No,47,Yes,Yes,Fiber optic,Yes,No,Yes,Yes,Yes,Yes,One year,Yes,Credit card (automatic),110.85,5275.8,1,Loyal(2-4yr),7,1,112.25106382978724,13.85625,0,1
Female,No,No,No,43,Yes,Yes,DSL,No,Yes,Yes,Yes,Yes,Yes,One year,No,Credit card (automatic),85.1,3662.25,0,Loyal(2-4yr),7,1,85.1686046511628,10.6375,0,1
Male,No,No,No,1,Yes,No,No,No internet service,No internet service,No internet service,No internet service,No internet service,No internet service,Month-to-month,No,Electronic check,20.55,20.55,1,New(0-12mo),1,0,20.55,10.275,1,0
Male,No,Yes,No,64,Yes,No,Fiber optic,No,Yes,Yes,Yes,Yes,Yes,One year,Yes,Credit card (automatic),102.45,6654.1,0,VIP(4yr+),6,1,103.9703125,14.635714285714286,0,1
Female,No,No,No,3,Yes,No,Fiber optic,No,No,No,No,No,No,Month-to-month,Yes,Electronic check,70.25,229.7,0,New(0-12mo),1,1,76.56666666666666,35.125,1,0
Male,No,Yes,Yes,9,Yes,No,DSL,No,Yes,No,Yes,No,No,Month-to-month,No,Mailed check,54.8,452.8,0,New(0-12mo),3,1,50.31111111111111,13.7,1,0
Male,No,No,No,4,Yes,Yes,Fiber optic,No,Yes,No,No,No,Yes,Month-to-month,Yes,Electronic check,90.05,368.1,1,New(0-12mo),4,1,92.025,18.009999999999998,1,0
Female,No,Yes,Yes,35,No,No phone service,DSL,Yes,No,No,Yes,Yes,No,Two year,Yes,Credit card (automatic),46.35,1662.05,0,Loyal(2-4yr),3,1,47.48714285714286,11.5875,0,2
Female,No,No,No,1,Yes,No,DSL,No,No,No,No,Yes,No,Month-to-month,Yes,Mailed check,53.55,53.55,1,New(0-12mo),2,1,53.55,17.849999999999998,1,0
Female,No,No,No,2,No,No phone service,DSL,No,No,No,No,Yes,Yes,Month-to-month,Yes,Electronic check,45.25,85.5,1,New(0-12mo),2,1,42.75,15.083333333333334,1,0
Female,No,No,No,34,Yes,Yes,Fiber optic,No,No,No,No,Yes,No,Month-to-month,No,Electronic check,85.35,2896.6,0,Loyal(2-4yr),3,1,85.19411764705882,21.3375,1,0
Male,No,Yes,Yes,43,Yes,Yes,Fiber optic,Yes,No,Yes,Yes,No,No,One year,Yes,Credit card (automatic),91.25,4013.8,0,Loyal(2-4yr),5,1,93.34418604651164,15.208333333333334,0,1
Female,No,Yes,No,72,Yes,Yes,DSL,Yes,Yes,Yes,Yes,Yes,Yes,Two year,Yes,Bank transfer (automatic),90.95,6468.6,0,VIP(4yr+),8,1,89.84166666666667,10.105555555555556,0,2
Male,Yes,Yes,No,17,Yes,No,Fiber optic,No,Yes,No,No,No,No,Month-to-month,Yes,Electronic check,76.45,1233.4,1,Established(1-2yr),2,1,72.5529411764706,25.483333333333334,1,0
Female,Yes,Yes,No,33,Yes,Yes,Fiber optic,No,Yes,No,No,No,No,Month-to-month,Yes,Bank transfer (automatic),80.6,2656.5,1,Loyal(2-4yr),3,1,80.5,20.15,1,0
Male,Yes,No,No,30,Yes,Yes,DSL,No,No,Yes,Yes,Yes,No,Two year,Yes,Credit card (automatic),69.1,2093.9,0,Loyal(2-4yr),5,1,69.79666666666667,11.516666666666666,0,2
Female,No,Yes,Yes,56,Yes,Yes,DSL,Yes,No,Yes,No,No,Yes,One year,Yes,Bank transfer (automatic),68.75,3808.0,0,VIP(4yr+),5,1,68.0,11.458333333333334,0,1
Female,No,No,No,69,Yes,Yes,Fiber optic,No,No,Yes,Yes,Yes,Yes,Two year,No,Electronic check,104.0,7028.5,0,VIP(4yr+),6,1,101.8623188405797,14.857142857142858,0,2
Male,No,No,No,11,No,No phone service,DSL,No,Yes,No,Yes,No,No,Month-to-month,Yes,Electronic check,35.65,425.1,0,New(0-12mo),2,1,38.64545454545455,11.883333333333333,1,0
Female,Yes,No,No,41,Yes,No,Fiber optic,No,No,Yes,Yes,Yes,Yes,One year,Yes,Bank transfer (automatic),101.1,4016.2,0,Loyal(2-4yr),5,1,97.9560975609756,16.849999999999998,0,1
Female,No,Yes,Yes,3,Yes,No,Fiber optic,No,Yes,No,Yes,No,No,Month-to-month,Yes,Electronic check,80.0,241.3,0,New(0-12mo),3,1,80.43333333333334,20.0,1,0
Male,No,Yes,Yes,1,Yes,No,Fiber optic,No,Yes,No,No,No,No,Month-to-month,No,Credit card (automatic),74.6,74.6,0,New(0-12mo),2,1,74.6,24.866666666666664,1,0
Male,No,Yes,No,40,Yes,Yes,DSL,No,Yes,No,Yes,Yes,No,One year,No,Credit card (automatic),70.75,2921.75,0,Loyal(2-4yr),5,1,73.04375,11.791666666666666,0,1
Male,No,No,No,1,Yes,No,DSL,No,No,Yes,No,No,No,Month-to-month,No,Mailed check,50.9,50.9,1,New(0-12mo),2,1,50.9,16.966666666666665,1,0
Female,No,Yes,Yes,69,Yes,Yes,Fiber optic,Yes,Yes,Yes,Yes,Yes,No,One year,Yes,Credit card (automatic),105.1,7234.8,0,VIP(4yr+),7,1,104.85217391304349,13.1375,0,1
Female,No,No,No,11,Yes,No,DSL,Yes,No,No,Yes,No,No,One year,Yes,Mailed check,54.6,617.85,0,New(0-12mo),3,1,56.16818181818182,13.65,0,1
Female,No,Yes,Yes,1,Yes,Yes,Fiber optic,Yes,No,Yes,No,Yes,Yes,Month-to-month,Yes,Electronic check,102.45,102.45,1,New(0-12mo),6,1,102.45,14.635714285714286,1,0
Female,Yes,Yes,No,68,Yes,Yes,Fiber optic,Yes,Yes,No,No,No,Yes,One year,Yes,Credit card (automatic),96.55,6581.9,1,VIP(4yr+),5,1,96.79264705882352,16.091666666666665,0,1
Female,No,No,No,10,Yes,Yes,Fiber optic,No,No,No,No,No,No,Month-to-month,Yes,Electronic check,74.75,799.65,1,New(0-12mo),2,1,79.965,24.916666666666668,1,0
Female,No,No,No,41,Yes,No,No,No internet service,No internet service,No internet service,No internet service,No internet service,No internet service,Month-to-month,No,Electronic check,20.45,775.6,0,Loyal(2-4yr),1,0,18.917073170731708,10.225,1,0
Female,No,No,No,31,Yes,Yes,Fiber optic,No,No,No,Yes,No,No,Month-to-month,Yes,Credit card (automatic),79.85,2404.15,1,Loyal(2-4yr),3,1,77.55322580645162,19.9625,1,0
Female,Yes,No,No,1,No,No phone service,DSL,No,No,No,No,No,No,Month-to-month,Yes,Mailed check,25.8,25.8,1,New(0-12mo),0,1,25.8,25.8,1,0
Female,No,Yes,Yes,7,Yes,No,No,No internet service,No internet service,No internet service,No internet service,No internet service,No internet service,Month-to-month,No,Mailed check,20.65,158.95,0,New(0-12mo),1,0,22.707142857142856,10.325,1,0
Male,No,No,No,72,Yes,Yes,Fiber optic,No,Yes,Yes,No,Yes,Yes,Two year,Yes,Bank transfer (automatic),100.9,7459.05,0,VIP(4yr+),6,1,103.59791666666666,14.414285714285715,0,2
Male,No,No,No,1,Yes,Yes,DSL,Yes,Yes,No,No,No,No,Month-to-month,No,Electronic check,61.15,61.15,0,New(0-12mo),4,1,61.15,12.23,1,0
Male,No,No,No,12,Yes,No,DSL,No,No,No,No,No,No,Month-to-month,Yes,Bank transfer (automatic),45.4,518.9,1,New(0-12mo),1,1,43.24166666666667,22.7,1,0
Male,No,Yes,Yes,7,Yes,No,DSL,No,No,Yes,No,No,No,Month-to-month,No,Electronic check,48.7,340.25,1,New(0-12mo),2,1,48.607142857142854,16.233333333333334,1,0
Female,No,No,Yes,4,Yes,No,No,No internet service,No internet service,No internet service,No internet service,No internet service,No internet service,One year,Yes,Mailed check,20.4,84.75,0,New(0-12mo),1,0,21.1875,10.2,0,1
Female,No,No,No,3,Yes,No,DSL,No,No,No,No,No,No,Month-to-month,No,Mailed check,44.75,148.05,0,New(0-12mo),1,1,49.35,22.375,1,0
Male,No,No,No,5,Yes,Yes,DSL,No,No,No,No,No,No,Month-to-month,No,Electronic check,47.15,223.15,1,New(0-12mo),2,1,44.63,15.716666666666667,1,0
Female,No,Yes,Yes,61,No,No phone service,DSL,No,Yes,Yes,Yes,Yes,No,Two year,No,Credit card (automatic),51.35,3244.4,0,VIP(4yr+),4,1,53.18688524590164,10.27,0,2
Male,No,No,No,1,Yes,No,Fiber optic,No,No,No,No,No,No,Month-to-month,Yes,Mailed check,71.55,71.55,1,New(0-12mo),1,1,71.55,35.775,1,0
Male,No,Yes,Yes,46,Yes,No,DSL,Yes,No,Yes,Yes,Yes,Yes,Two year,No,Mailed check,81.0,3846.35,0,Loyal(2-4yr),6,1,83.61630434782609,11.571428571428571,0,2
Female,No,Yes,Yes,51,Yes,Yes,Fiber optic,Yes,No,No,Yes,Yes,No,One year,Yes,Mailed check,95.15,5000.05,0,VIP(4yr+),5,1,98.04019607843138,15.858333333333334,0,1
Male,No,No,No,25,Yes,No,Fiber optic,Yes,No,No,No,No,No,Month-to-month,No,Bank transfer (automatic),74.3,1952.25,0,Loyal(2-4yr),2,1,78.09,24.766666666666666,1,0
Female,No,Yes,Yes,5,Yes,No,DSL,Yes,No,No,No,No,No,Month-to-month,Yes,Mailed check,49.4,232.55,0,New(0-12mo),2,1,46.510000000000005,16.466666666666665,1,0
Male,No,Yes,Yes,72,Yes,Yes,No,No internet service,No internet service,No internet service,No internet service,No internet service,No internet service,Two year,No,Credit card (automatic),24.1,1734.65,0,VIP(4yr+),2,0,24.092361111111114,8.033333333333333,0,2
Male,Yes,No,No,9,Yes,Yes,Fiber optic,No,No,No,No,No,No,Month-to-month,Yes,Electronic check,74.05,678.45,0,New(0-12mo),2,1,75.38333333333334,24.683333333333334,1,0
Male,No,No,No,16,Yes,No,No,No internet service,No internet service,No internet service,No internet service,No internet service,No internet service,Month-to-month,Yes,Credit card (automatic),20.6,330.25,0,Established(1-2yr),1,0,20.640625,10.3,1,0
Male,Yes,Yes,No,22,Yes,No,Fiber optic,No,No,No,No,Yes,Yes,Month-to-month,Yes,Bank transfer (automatic),89.75,1938.9,0,Established(1-2yr),3,1,88.13181818181819,22.4375,1,0
Male,No,Yes,Yes,19,Yes,No,Fiber optic,No,Yes,No,Yes,Yes,Yes,One year,No,Bank transfer (automatic),100.0,1888.65,1,Established(1-2yr),5,1,99.40263157894738,16.666666666666668,0,1
Male,No,Yes,Yes,17,Yes,Yes,DSL,No,Yes,Yes,Yes,No,No,Month-to-month,Yes,Mailed check,66.7,1077.05,0,Established(1-2yr),5,1,63.35588235294117,11.116666666666667,1,0
Male,Yes,Yes,No,24,Yes,No,Fiber optic,No,No,Yes,No,Yes,Yes,Month-to-month,Yes,Electronic check,93.15,2231.05,1,Established(1-2yr),4,1,92.96041666666667,18.630000000000003,1,0
Female,No,No,Yes,5,Yes,No,DSL,No,No,No,No,No,No,Month-to-month,No,Mailed check,46.0,221.7,1,New(0-12mo),1,1,44.339999999999996,23.0,1,0
Male,No,No,Yes,1,No,No phone service,DSL,No,Yes,No,No,No,No,Month-to-month,Yes,Mailed check,31.35,31.35,1,New(0-12mo),1,1,31.35,15.675,1,0
Male,No,No,No,5,Yes,No,Fiber optic,No,No,Yes,No,Yes,Yes,Month-to-month,No,Bank transfer (automatic),96.5,492.55,1,New(0-12mo),4,1,98.51,19.3,1,0
Female,No,Yes,No,47,Yes,No,DSL,Yes,No,Yes,No,Yes,No,One year,Yes,Credit card (automatic),66.05,3021.45,0,Loyal(2-4yr),4,1,64.28617021276595,13.209999999999999,0,1
Female,No,Yes,Yes,30,Yes,Yes,No,No internet service,No internet service,No internet service,No internet service,No internet service,No internet service,Two year,Yes,Mailed check,25.1,789.55,0,Loyal(2-4yr),2,0,26.31833333333333,8.366666666666667,0,2
Female,Yes,No,No,59,Yes,Yes,Fiber optic,No,Yes,No,No,No,No,Two year,Yes,Credit card (automatic),79.2,4590.35,0,VIP(4yr+),3,1,77.80254237288136,19.8,0,2
Male,No,Yes,Yes,1,Yes,No,DSL,No,No,No,No,No,No,Month-to-month,No,Electronic check,44.55,44.55,0,New(0-12mo),1,1,44.55,22.275,1,0
Male,No,No,No,60,Yes,Yes,Fiber optic,Yes,Yes,Yes,Yes,Yes,Yes,One year,Yes,Credit card (automatic),116.6,7049.5,0,VIP(4yr+),8,1,117.49166666666666,12.955555555555556,0,1
Male,No,Yes,No,70,Yes,No,Fiber optic,Yes,Yes,Yes,Yes,Yes,Yes,One year,Yes,Bank transfer (automatic),109.5,7534.65,1,VIP(4yr+),7,1,107.63785714285714,13.6875,0,1
Male,No,Yes,Yes,55,Yes,No,Fiber optic,No,Yes,No,Yes,No,No,Month-to-month,No,Electronic check,79.4,4238.45,0,VIP(4yr+),3,1,77.06272727272727,19.85,1,0
Female,No,Yes,No,36,Yes,No,Fiber optic,No,No,No,No,No,Yes,Month-to-month,No,Electronic check,80.4,2937.65,0,Loyal(2-4yr),2,1,81.60138888888889,26.8,1,0
Male,No,Yes,No,10,Yes,No,No,No internet service,No internet service,No internet service,No internet service,No internet service,No internet service,One year,No,Bank transfer (automatic),19.6,189.45,0,New(0-12mo),1,0,18.945,9.8,0,1
Male,No,Yes,No,56,Yes,No,No,No internet service,No internet service,No internet service,No internet service,No internet service,No internet service,One year,No,Credit card (automatic),19.95,1126.75,0,VIP(4yr+),1,0,20.120535714285715,9.975,0,1
Male,No,No,No,1,Yes,No,No,No internet service,No internet service,No internet service,No internet service,No internet service,No internet service,Month-to-month,Yes,Mailed check,19.5,19.5,0,New(0-12mo),1,0,19.5,9.75,1,0
Female,No,Yes,Yes,18,Yes,No,No,No internet service,No internet service,No internet service,No internet service,No internet service,No internet service,Two year,No,Mailed check,19.35,309.25,0,Established(1-2yr),1,0,17.180555555555557,9.675,0,2
Female,No,Yes,Yes,14,Yes,No,No,No internet service,No internet service,No internet service,No internet service,No internet service,No internet service,One year,Yes,Mailed check,19.5,272.0,0,Established(1-2yr),1,0,19.428571428571427,9.75,0,1
Female,No,No,No,6,Yes,Yes,Fiber optic,No,Yes,No,No,Yes,No,Month-to-month,Yes,Electronic check,90.1,521.3,1,New(0-12mo),4,1,86.88333333333333,18.02,1,0
Female,No,No,No,13,Yes,No,Fiber optic,No,Yes,Yes,No,No,No,Month-to-month,Yes,Electronic check,79.25,1111.65,1,Established(1-2yr),3,1,85.51153846153846,19.8125,1,0
Male,No,Yes,Yes,16,Yes,Yes,Fiber optic,No,No,Yes,No,Yes,No,Month-to-month,Yes,Bank transfer (automatic),90.8,1442.2,0,Established(1-2yr),4,1,90.1375,18.16,1,0
Female,No,No,No,1,Yes,Yes,No,No internet service,No internet service,No internet service,No internet service,No internet service,No internet service,Month-to-month,Yes,Electronic check,25.7,25.7,0,New(0-12mo),2,0,25.7,8.566666666666666,1,0
Female,No,Yes,Yes,12,No,No phone service,DSL,No,Yes,No,No,No,No,Month-to-month,No,Mailed check,29.2,309.1,1,New(0-12mo),1,1,25.758333333333336,14.6,1,0
Female,No,Yes,No,22,Yes,No,Fiber optic,No,No,No,No,Yes,No,Month-to-month,Yes,Credit card (automatic),80.0,1706.45,0,Established(1-2yr),2,1,77.56590909090909,26.666666666666668,1,0
Male,No,No,No,40,Yes,Yes,Fiber optic,No,Yes,Yes,No,Yes,Yes,Month-to-month,Yes,Credit card (automatic),104.5,4036.85,1,Loyal(2-4yr),6,1,100.92125,14.928571428571429,1,0
Female,No,Yes,No,50,Yes,Yes,Fiber optic,Yes,No,Yes,No,Yes,Yes,One year,Yes,Mailed check,104.4,5232.9,0,VIP(4yr+),6,1,104.65799999999999,14.914285714285715,0,1
Female,No,No,No,10,Yes,No,No,No internet service,No internet service,No internet service,No internet service,No internet service,No internet service,One year,Yes,Mailed check,19.3,185.2,0,New(0-12mo),1,0,18.52,9.65,0,1
Male,No,No,Yes,12,Yes,No,DSL,Yes,No,No,No,Yes,Yes,Month-to-month,Yes,Mailed check,69.85,837.5,0,New(0-12mo),4,1,69.79166666666667,13.969999999999999,1,0
Female,No,Yes,Yes,27,Yes,Yes,No,No internet service,No internet service,No internet service,No internet service,No internet service,No internet service,Two year,No,Electronic check,24.5,761.95,0,Loyal(2-4yr),2,0,28.22037037037037,8.166666666666666,0,2
Female,No,No,No,66,Yes,Yes,No,No internet service,No internet service,No internet service,No internet service,No internet service,No internet service,Two year,Yes,Credit card (automatic),25.15,1683.6,0,VIP(4yr+),2,0,25.509090909090908,8.383333333333333,0,2
Male,No,Yes,Yes,32,No,No phone service,DSL,No,No,Yes,No,Yes,Yes,Month-to-month,No,Credit card (automatic),50.6,1653.45,0,Loyal(2-4yr),3,1,51.6703125,12.65,1,0
Male,No,Yes,Yes,38,Yes,No,No,No internet service,No internet service,No internet service,No internet service,No internet service,No internet service,Month-to-month,No,Electronic check,19.6,717.3,0,Loyal(2-4yr),1,0,18.876315789473683,9.8,1,0
Female,No,Yes,Yes,69,Yes,Yes,Fiber optic,Yes,Yes,Yes,Yes,Yes,Yes,Two year,No,Credit card (automatic),113.25,7895.15,0,VIP(4yr+),8,1,114.42246376811593,12.583333333333334,0,2
Female,No,Yes,No,5,Yes,No,Fiber optic,No,No,No,No,No,No,Month-to-month,Yes,Electronic check,68.95,351.5,0,New(0-12mo),1,1,70.3,34.475,1,0
Male,Yes,Yes,Yes,56,Yes,Yes,Fiber optic,Yes,No,Yes,No,Yes,Yes,One year,Yes,Bank transfer (automatic),104.55,5794.65,1,VIP(4yr+),6,1,103.47589285714285,14.935714285714285,0,1
Male,No,No,No,10,Yes,No,Fiber optic,No,No,No,No,No,No,Month-to-month,No,Mailed check,70.15,735.5,0,New(0-12mo),1,1,73.55,35.075,1,0
Male,No,Yes,Yes,46,Yes,Yes,Fiber optic,No,Yes,No,No,No,No,Month-to-month,Yes,Bank transfer (automatic),80.0,3769.7,0,Loyal(2-4yr),3,1,81.95,20.0,1,0
Female,No,No,No,46,Yes,No,Fiber optic,No,Yes,Yes,Yes,Yes,Yes,Two year,Yes,Bank transfer (automatic),104.4,4904.2,0,Loyal(2-4yr),6,1,106.61304347826086,14.914285714285715,0,2
Male,No,No,No,58,Yes,Yes,No,No internet service,No internet service,No internet service,No internet service,No internet service,No internet service,Two year,Yes,Credit card (automatic),25.3,1474.35,0,VIP(4yr+),2,0,25.419827586206896,8.433333333333334,0,2
Male,No,No,No,62,Yes,Yes,DSL,Yes,Yes,Yes,Yes,No,No,Two year,No,Bank transfer (automatic),69.4,4237.5,0,VIP(4yr+),6,1,68.34677419354838,9.914285714285715,0,2
Male,No,Yes,No,23,Yes,No,No,No internet service,No internet service,No internet service,No internet service,No internet service,No internet service,One year,No,Credit card (automatic),19.3,486.2,0,Established(1-2yr),1,0,21.139130434782608,9.65,0,1
Male,No,No,No,9,No,No phone service,DSL,No,No,No,No,No,No,Month-to-month,Yes,Mailed check,24.6,190.1,0,New(0-12mo),0,1,21.12222222222222,24.6,1,0
Female,No,Yes,No,49,Yes,No,No,No internet service,No internet service,No internet service,No internet service,No internet service,No internet service,One year,No,Bank transfer (automatic),20.45,900.9,0,VIP(4yr+),1,0,18.385714285714286,10.225,0,1
Female,No,No,No,2,No,No phone service,DSL,No,No,No,Yes,No,No,Month-to-month,Yes,Electronic check,30.9,59.05,1,New(0-12mo),1,1,29.525,15.45,1,0
Male,Yes,Yes,No,37,Yes,Yes,Fiber optic,No,No,No,No,Yes,Yes,Month-to-month,Yes,Electronic check,92.5,3473.4,1,Loyal(2-4yr),4,1,93.87567567567568,18.5,1,0
Male,Yes,Yes,No,58,Yes,Yes,Fiber optic,No,Yes,No,No,Yes,Yes,Month-to-month,Yes,Electronic check,98.9,5780.7,0,VIP(4yr+),5,1,99.66724137931034,16.483333333333334,1,0
Female,No,No,No,53,Yes,No,Fiber optic,No,Yes,Yes,No,Yes,Yes,One year,Yes,Mailed check,100.3,5200.8,0,VIP(4yr+),5,1,98.12830188679246,16.716666666666665,0,1
Female,No,No,No,30,Yes,Yes,DSL,Yes,No,Yes,No,Yes,Yes,One year,Yes,Credit card (automatic),79.3,2427.1,0,Loyal(2-4yr),6,1,80.90333333333334,11.328571428571427,0,1
Female,No,Yes,No,31,Yes,No,DSL,No,No,No,Yes,No,No,Month-to-month,Yes,Mailed check,49.2,1498.55,0,Loyal(2-4yr),2,1,48.34032258064516,16.400000000000002,1,0
Male,Yes,Yes,No,72,Yes,No,DSL,Yes,Yes,Yes,Yes,Yes,No,Two year,No,Bank transfer (automatic),74.4,5360.75,0,VIP(4yr+),6,1,74.45486111111111,10.62857142857143,0,2
Female,No,No,No,24,Yes,Yes,Fiber optic,No,Yes,Yes,No,Yes,Yes,Month-to-month,Yes,Electronic check,104.15,2494.65,0,Established(1-2yr),6,1,103.94375000000001,14.87857142857143,1,0
Female,Yes,No,No,32,Yes,No,DSL,No,Yes,No,Yes,No,No,Month-to-month,No,Bank transfer (automatic),54.65,1830.1,0,Loyal(2-4yr),3,1,57.190625,13.6625,1,0
Male,No,Yes,No,66,Yes,Yes,Fiber optic,Yes,Yes,Yes,Yes,No,No,Two year,No,Mailed check,96.6,6424.25,0,VIP(4yr+),6,1,97.33712121212122,13.799999999999999,0,2
Male,Yes,No,No,2,Yes,Yes,Fiber optic,No,No,No,No,No,No,Month-to-month,Yes,Mailed check,72.6,154.3,0,New(0-12mo),2,1,77.15,24.2,1,0
Male,No,Yes,No,32,Yes,Yes,DSL,Yes,No,No,Yes,Yes,No,One year,Yes,Credit card (automatic),72.8,2333.05,0,Loyal(2-4yr),5,1,72.9078125,12.133333333333333,0,1
Female,No,No,No,33,Yes,Yes,DSL,Yes,Yes,No,No,No,No,Month-to-month,Yes,Mailed check,60.9,2033.85,0,Loyal(2-4yr),4,1,61.631818181818176,12.18,1,0
Male,No,No,No,48,Yes,No,No,No internet service,No internet service,No internet service,No internet service,No internet service,No internet service,Two year,No,Credit card (automatic),19.85,916.0,0,Loyal(2-4yr),1,0,19.083333333333332,9.925,0,2
Male,No,No,No,5,Yes,No,Fiber optic,No,No,No,No,No,No,Month-to-month,Yes,Electronic check,69.75,324.6,1,New(0-12mo),1,1,64.92,34.875,1,0
Male,No,No,No,5,Yes,No,Fiber optic,No,No,No,No,Yes,No,Month-to-month,Yes,Electronic check,80.6,415.55,1,New(0-12mo),2,1,83.11,26.866666666666664,1,0
Male,No,No,No,1,Yes,Yes,Fiber optic,No,No,Yes,No,Yes,Yes,Month-to-month,Yes,Electronic check,101.45,101.45,1,New(0-12mo),5,1,101.45,16.908333333333335,1,0
Male,No,Yes,Yes,72,Yes,No,DSL,Yes,Yes,No,Yes,Yes,No,Two year,No,Bank transfer (automatic),68.4,4855.35,0,VIP(4yr+),5,1,67.43541666666667,11.4,0,2
Male,No,No,No,43,Yes,Yes,No,No internet service,No internet service,No internet service,No internet service,No internet service,No internet service,Two year,No,Bank transfer (automatic),26.45,1110.05,0,Loyal(2-4yr),2,0,25.815116279069766,8.816666666666666,0,2
Female,No,No,No,3,Yes,No,DSL,No,No,Yes,No,Yes,No,Month-to-month,No,Electronic check,57.55,161.45,0,New(0-12mo),3,1,53.81666666666666,14.3875,1,0
Male,No,Yes,No,52,Yes,Yes,DSL,Yes,Yes,Yes,Yes,No,Yes,One year,Yes,Credit card (automatic),81.4,4354.45,0,VIP(4yr+),7,1,83.73942307692307,10.175,0,1
Male,Yes,Yes,No,1,No,No phone service,DSL,No,Yes,No,No,Yes,No,Month-to-month,No,Electronic check,40.2,40.2,1,New(0-12mo),2,1,40.2,13.4,1,0
Female,Yes,No,No,27,Yes,Yes,Fiber optic,No,No,Yes,No,No,Yes,Month-to-month,No,Credit card (automatic),88.3,2467.75,1,Loyal(2-4yr),4,1,91.39814814814815,17.66,1,0
Male,No,Yes,No,9,Yes,No,DSL,Yes,Yes,No,Yes,Yes,No,Month-to-month,Yes,Mailed check,68.95,593.85,0,New(0-12mo),5,1,65.98333333333333,11.491666666666667,1,0
Male,No,No,No,24,Yes,No,Fiber optic,No,No,No,Yes,Yes,Yes,Month-to-month,Yes,Electronic check,96.0,2122.45,1,Established(1-2yr),4,1,88.43541666666665,19.2,1,0
Female,No,Yes,Yes,1,Yes,No,DSL,No,No,No,No,No,No,Month-to-month,Yes,Bank transfer (automatic),44.35,44.35,1,New(0-12mo),1,1,44.35,22.175,1,0
Male,No,Yes,No,66,Yes,Yes,Fiber optic,No,Yes,Yes,No,Yes,Yes,Month-to-month,Yes,Credit card (automatic),105.0,7133.25,1,VIP(4yr+),6,1,108.07954545454545,15.0,1,0
Male,No,No,No,14,No,No phone service,DSL,No,No,Yes,Yes,Yes,Yes,Month-to-month,Yes,Electronic check,55.0,771.95,0,Established(1-2yr),4,1,55.13928571428572,11.0,1,0
Female,No,No,No,1,Yes,No,No,No internet service,No internet service,No internet service,No internet service,No internet service,No internet service,Month-to-month,No,Mailed check,19.9,19.9,0,New(0-12mo),1,0,19.9,9.95,1,0
Male,No,Yes,Yes,33,Yes,No,No,No internet service,No internet service,No internet service,No internet service,No internet service,No internet service,One year,No,Mailed check,20.6,690.25,0,Loyal(2-4yr),1,0,20.916666666666668,10.3,0,1
Male,Yes,No,No,60,Yes,Yes,DSL,Yes,Yes,No,No,No,Yes,One year,Yes,Electronic check,71.75,4374.55,0,VIP(4yr+),5,1,72.90916666666666,11.958333333333334,0,1
Male,No,No,No,10,Yes,No,DSL,No,No,No,No,No,No,Month-to-month,Yes,Credit card (automatic),44.85,435.4,1,New(0-12mo),1,1,43.54,22.425,1,0
Male,No,No,No,57,Yes,Yes,Fiber optic,No,No,No,Yes,Yes,No,Two year,Yes,Credit card (automatic),90.45,5229.8,0,VIP(4yr+),4,1,91.75087719298246,18.09,0,2
Female,Yes,Yes,No,23,Yes,No,Fiber optic,Yes,No,No,No,Yes,Yes,Month-to-month,Yes,Electronic check,95.1,2326.05,0,Established(1-2yr),4,1,101.13260869565218,19.02,1,0
Female,No,Yes,Yes,71,Yes,Yes,DSL,Yes,Yes,Yes,Yes,Yes,Yes,Two year,Yes,Credit card (automatic),90.55,6239.05,0,VIP(4yr+),8,1,87.87394366197184,10.06111111111111,0,2
Female,Yes,Yes,No,30,Yes,Yes,Fiber optic,No,Yes,No,No,Yes,No,Month-to-month,Yes,Electronic check,90.05,2627.2,0,Loyal(2-4yr),4,1,87.57333333333332,18.009999999999998,1,0
Female,No,Yes,Yes,5,Yes,No,Fiber optic,No,Yes,No,Yes,Yes,Yes,Month-to-month,Yes,Mailed check,99.15,465.05,1,New(0-12mo),5,1,93.01,16.525000000000002,1,0
Female,No,No,No,34,Yes,No,Fiber optic,No,Yes,Yes,Yes,Yes,Yes,Month-to-month,Yes,Electronic check,105.1,3634.8,0,Loyal(2-4yr),6,1,106.90588235294118,15.014285714285714,1,0
Female,No,Yes,Yes,13,Yes,No,No,No internet service,No internet service,No internet service,No internet service,No internet service,No internet service,Month-to-month,No,Mailed check,18.8,251.25,0,Established(1-2yr),1,0,19.326923076923077,9.4,1,0
Female,No,No,No,8,Yes,No,DSL,Yes,Yes,No,Yes,No,No,One year,No,Bank transfer (automatic),58.2,469.25,0,New(0-12mo),4,1,58.65625,11.64,0,1
Female,No,Yes,Yes,72,Yes,Yes,DSL,Yes,No,Yes,Yes,Yes,Yes,Two year,Yes,Credit card (automatic),85.9,6110.75,0,VIP(4yr+),7,1,84.87152777777777,10.7375,0,2
Male,No,No,No,65,Yes,Yes,Fiber optic,No,Yes,Yes,Yes,Yes,Yes,Month-to-month,Yes,Electronic check,109.15,6941.2,1,VIP(4yr+),7,1,106.78769230769231,13.64375,1,0
Male,No,No,No,24,Yes,Yes,Fiber optic,No,Yes,No,No,Yes,Yes,Month-to-month,Yes,Bank transfer (automatic),99.65,2404.85,0,Established(1-2yr),5,1,100.20208333333333,16.608333333333334,1,0
Female,No,Yes,Yes,38,Yes,No,No,No internet service,No internet service,No internet service,No internet service,No internet service,No internet service,Month-to-month,No,Mailed check,20.45,781.25,0,Loyal(2-4yr),1,0,20.55921052631579,10.225,1,0
Male,No,No,No,1,Yes,Yes,DSL,No,Yes,No,Yes,No,No,Month-to-month,No,Mailed check,60.1,60.1,1,New(0-12mo),4,1,60.1,12.02,1,0
Male,No,Yes,No,72,Yes,Yes,Fiber optic,Yes,No,Yes,Yes,Yes,Yes,Two year,Yes,Credit card (automatic),111.9,8071.05,0,VIP(4yr+),7,1,112.09791666666666,13.9875,0,2
Male,No,Yes,Yes,30,Yes,No,No,No internet service,No internet service,No internet service,No internet service,No internet service,No internet service,Two year,No,Mailed check,21.25,711.9,0,Loyal(2-4yr),1,0,23.73,10.625,0,2
Female,No,Yes,Yes,70,Yes,No,No,No internet service,No internet service,No internet service,No internet service,No internet service,No internet service,Two year,Yes,Mailed check,19.2,1401.4,0,VIP(4yr+),1,0,20.02,9.6,0,2
Male,No,Yes,No,42,Yes,Yes,DSL,Yes,No,No,No,No,No,One year,No,Credit card (automatic),56.1,2386.85,0,Loyal(2-4yr),3,1,56.8297619047619,14.025,0,1
Female,No,No,No,31,Yes,No,DSL,No,Yes,Yes,Yes,Yes,Yes,Two year,No,Mailed check,79.2,2497.2,0,Loyal(2-4yr),6,1,80.55483870967741,11.314285714285715,0,2
Male,No,No,No,65,Yes,Yes,Fiber optic,Yes,No,Yes,Yes,Yes,Yes,One year,Yes,Credit card (automatic),110.0,7138.65,0,VIP(4yr+),7,1,109.8253846153846,13.75,0,1
Male,No,Yes,Yes,50,Yes,Yes,Fiber optic,Yes,No,Yes,No,Yes,Yes,Month-to-month,No,Credit card (automatic),105.95,5341.8,1,VIP(4yr+),6,1,106.836,15.135714285714286,1,0
Male,Yes,No,No,2,Yes,No,DSL,No,No,No,No,No,No,Month-to-month,Yes,Electronic check,44.7,93.7,1,New(0-12mo),1,1,46.85,22.35,1,0
Female,No,Yes,Yes,69,Yes,No,No,No internet service,No internet service,No internet service,No internet service,No internet service,No internet service,Two year,No,Bank transfer (automatic),20.2,1412.65,0,VIP(4yr+),1,0,20.473188405797103,10.1,0,2
Female,No,Yes,No,21,Yes,No,DSL,Yes,No,Yes,Yes,Yes,Yes,One year,No,Mailed check,80.9,1714.95,0,Established(1-2yr),6,1,81.66428571428571,11.557142857142859,0,1
Male,No,No,No,19,Yes,No,No,No internet service,No internet service,No internet service,No internet service,No internet service,No internet service,One year,Yes,Credit card (automatic),19.7,386.5,0,Established(1-2yr),1,0,20.342105263157894,9.85,0,1
Female,No,No,No,38,Yes,No,No,No internet service,No internet service,No internet service,No internet service,No internet service,No internet service,Two year,No,Mailed check,20.3,743.05,0,Loyal(2-4yr),1,0,19.553947368421053,10.15,0,2
Male,No,Yes,Yes,19,Yes,Yes,Fiber optic,No,No,No,No,No,Yes,Month-to-month,Yes,Electronic check,83.65,1465.75,1,Established(1-2yr),3,1,77.14473684210526,20.9125,1,0
Female,Yes,No,No,47,Yes,Yes,Fiber optic,No,Yes,No,Yes,Yes,No,Month-to-month,Yes,Electronic check,95.05,4504.55,1,Loyal(2-4yr),5,1,95.84148936170213,15.841666666666667,1,0
Male,No,No,No,1,Yes,No,No,No internet service,No internet service,No internet service,No internet service,No internet service,No internet service,Month-to-month,No,Mailed check,19.55,19.55,1,New(0-12mo),1,0,19.55,9.775,1,0
Female,Yes,No,No,50,Yes,Yes,Fiber optic,No,No,Yes,Yes,Yes,Yes,Month-to-month,Yes,Electronic check,104.95,5222.35,0,VIP(4yr+),6,1,104.447,14.992857142857144,1,0
Female,No,No,No,5,Yes,Yes,Fiber optic,No,No,No,No,Yes,No,Month-to-month,Yes,Electronic check,85.2,474.8,1,New(0-12mo),3,1,94.96000000000001,21.3,1,0
Female,No,No,No,3,Yes,No,No,No internet service,No internet service,No internet service,No internet service,No internet service,No internet service,Month-to-month,Yes,Mailed check,20.0,61.7,0,New(0-12mo),1,0,20.566666666666666,10.0,1,0
Male,No,No,Yes,64,Yes,No,Fiber optic,No,Yes,No,Yes,Yes,Yes,Month-to-month,Yes,Credit card (automatic),99.15,6171.2,0,VIP(4yr+),5,1,96.425,16.525000000000002,1,0
Male,Yes,No,No,16,No,No phone service,DSL,No,Yes,No,No,Yes,No,Month-to-month,Yes,Mailed check,39.0,679.85,1,Established(1-2yr),2,1,42.490625,13.0,1,0
Female,No,No,Yes,18,Yes,Yes,No,No internet service,No internet service,No internet service,No internet service,No internet service,No internet service,Two year,No,Credit card (automatic),25.3,454.65,0,Established(1-2yr),2,0,25.258333333333333,8.433333333333334,0,2
Female,No,No,No,55,Yes,No,DSL,No,Yes,Yes,No,No,Yes,Two year,Yes,Mailed check,64.75,3617.1,0,VIP(4yr+),4,1,65.76545454545455,12.95,0,2
Male,No,No,No,34,Yes,No,DSL,Yes,No,Yes,No,No,No,One year,No,Mailed check,56.95,1889.5,0,Loyal(2-4yr),3,1,55.5735294117647,14.2375,0,1
Male,No,No,No,1,Yes,No,No,No internet service,No internet service,No internet service,No internet service,No internet service,No internet service,Month-to-month,No,Mailed check,19.8,19.8,1,New(0-12mo),1,0,19.8,9.9,1,0
Female,Yes,Yes,No,32,Yes,Yes,Fiber optic,No,No,No,No,Yes,No,Month-to-month,Yes,Credit card (automatic),85.95,2628.6,1,Loyal(2-4yr),3,1,82.14375,21.4875,1,0
Male,Yes,Yes,No,71,Yes,Yes,Fiber optic,Yes,Yes,Yes,Yes,No,No,One year,Yes,Electronic check,92.0,6585.2,0,VIP(4yr+),6,1,92.74929577464789,13.142857142857142,0,1
Female,Yes,Yes,No,55,Yes,Yes,Fiber optic,No,Yes,Yes,No,No,No,Month-to-month,Yes,Electronic check,85.45,4874.7,1,VIP(4yr+),4,1,88.63090909090909,17.09,1,0
Female,No,No,Yes,17,Yes,No,DSL,No,No,No,No,Yes,Yes,Month-to-month,Yes,Mailed check,64.7,1093.1,1,Established(1-2yr),3,1,64.3,16.175,1,0
Male,No,No,No,1,Yes,No,No,No internet service,No internet service,No internet service,No internet service,No internet service,No internet service,Month-to-month,Yes,Mailed check,19.75,19.75,0,New(0-12mo),1,0,19.75,9.875,1,0
Male,Yes,Yes,No,51,Yes,Yes,Fiber optic,Yes,No,Yes,No,Yes,No,Month-to-month,Yes,Bank transfer (automatic),93.8,4750.95,1,VIP(4yr+),5,1,93.15588235294118,15.633333333333333,1,0
Male,No,Yes,Yes,13,Yes,No,No,No internet service,No internet service,No internet service,No internet service,No internet service,No internet service,One year,No,Mailed check,20.0,218.55,0,Established(1-2yr),1,0,16.81153846153846,10.0,0,1
Female,No,No,No,3,No,No phone service,DSL,No,Yes,No,No,No,No,Month-to-month,No,Mailed check,29.2,98.5,0,New(0-12mo),1,1,32.833333333333336,14.6,1,0
Female,No,Yes,No,11,Yes,Yes,Fiber optic,Yes,No,No,Yes,Yes,No,Month-to-month,Yes,Credit card (automatic),96.2,1222.05,1,New(0-12mo),5,1,111.09545454545454,16.033333333333335,1,0
Male,Yes,Yes,No,1,Yes,Yes,Fiber optic,No,No,No,No,Yes,Yes,Month-to-month,Yes,Electronic check,95.1,95.1,1,New(0-12mo),4,1,95.1,19.02,1,0
Female,Yes,Yes,No,70,Yes,Yes,Fiber optic,No,Yes,No,Yes,Yes,Yes,One year,Yes,Bank transfer (automatic),105.55,7195.35,0,VIP(4yr+),6,1,102.79071428571429,15.078571428571427,0,1
Female,No,Yes,No,58,Yes,Yes,DSL,Yes,No,No,Yes,No,Yes,One year,Yes,Electronic check,68.4,3972.25,0,VIP(4yr+),5,1,68.48706896551724,11.4,0,1
Female,No,Yes,No,68,Yes,Yes,Fiber optic,No,Yes,Yes,Yes,No,No,Two year,No,Credit card (automatic),90.2,6297.65,0,VIP(4yr+),5,1,92.6125,15.033333333333333,0,2
Female,No,Yes,Yes,41,Yes,Yes,DSL,Yes,Yes,Yes,No,Yes,No,One year,Yes,Credit card (automatic),78.35,3211.2,0,Loyal(2-4yr),6,1,78.32195121951219,11.192857142857141,0,1
Male,No,Yes,Yes,12,Yes,No,No,No internet service,No internet service,No internet service,No internet service,No internet service,No internet service,Two year,No,Mailed check,19.7,258.35,0,New(0-12mo),1,0,21.52916666666667,9.85,0,2
Female,No,Yes,Yes,58,Yes,Yes,DSL,Yes,No,Yes,Yes,Yes,No,Two year,No,Mailed check,75.8,4415.75,0,VIP(4yr+),6,1,76.13362068965517,10.828571428571427,0,2
Female,No,Yes,Yes,49,Yes,No,DSL,Yes,Yes,Yes,Yes,Yes,Yes,One year,Yes,Mailed check,87.2,4345.0,0,VIP(4yr+),7,1,88.6734693877551,10.9,0,1
Female,Yes,Yes,No,50,Yes,Yes,Fiber optic,No,Yes,Yes,No,Yes,No,Month-to-month,Yes,Electronic check,95.05,4888.7,1,VIP(4yr+),5,1,97.774,15.841666666666667,1,0
Male,No,No,No,6,Yes,No,No,No internet service,No internet service,No internet service,No internet service,No internet service,No internet service,One year,No,Mailed check,19.15,124.4,0,New(0-12mo),1,0,20.733333333333334,9.575,0,1
Female,Yes,No,No,56,Yes,Yes,Fiber optic,No,Yes,Yes,Yes,Yes,Yes,One year,Yes,Electronic check,111.95,6418.9,1,VIP(4yr+),7,1,114.62321428571428,13.99375,0,1
Female,No,No,No,13,Yes,No,DSL,Yes,Yes,No,Yes,No,Yes,Month-to-month,No,Bank transfer (automatic),67.8,842.25,0,Established(1-2yr),5,1,64.78846153846153,11.299999999999999,1,0
Male,No,Yes,Yes,44,Yes,No,No,No internet service,No internet service,No internet service,No internet service,No internet service,No internet service,One year,No,Bank transfer (automatic),20.6,926.0,0,Loyal(2-4yr),1,0,21.045454545454547,10.3,0,1
Female,Yes,No,No,1,No,No phone service,DSL,No,No,No,No,Yes,No,Month-to-month,Yes,Electronic check,36.45,36.45,1,New(0-12mo),1,1,36.45,18.225,1,0
Female,No,Yes,Yes,31,Yes,No,No,No internet service,No internet service,No internet service,No internet service,No internet service,No internet service,Month-to-month,Yes,Mailed check,19.55,658.95,1,Loyal(2-4yr),1,0,21.256451612903227,9.775,1,0
Male,No,No,No,27,Yes,No,DSL,Yes,No,No,Yes,No,No,Month-to-month,No,Mailed check,53.45,1461.45,0,Loyal(2-4yr),3,1,54.12777777777778,13.3625,1,0
Female,No,Yes,Yes,21,Yes,No,DSL,No,No,No,No,No,No,Month-to-month,Yes,Electronic check,44.95,926.25,0,Established(1-2yr),1,1,44.107142857142854,22.475,1,0
Female,No,Yes,No,3,Yes,No,No,No internet service,No internet service,No internet service,No internet service,No internet service,No internet service,Month-to-month,No,Mailed check,20.85,72.0,0,New(0-12mo),1,0,24.0,10.425,1,0
Female,No,Yes,No,60,No,No phone service,DSL,Yes,Yes,No,Yes,No,No,Two year,No,Bank transfer (automatic),37.7,2288.7,0,VIP(4yr+),3,1,38.144999999999996,9.425,0,2
Female,No,No,No,42,Yes,No,DSL,No,Yes,No,No,No,No,Month-to-month,Yes,Electronic check,49.55,2077.95,0,Loyal(2-4yr),2,1,49.474999999999994,16.516666666666666,1,0
Female,No,Yes,Yes,71,Yes,Yes,Fiber optic,Yes,Yes,Yes,Yes,No,No,One year,Yes,Credit card (automatic),95.15,6770.85,0,VIP(4yr+),6,1,95.36408450704226,13.592857142857143,0,1
Male,No,Yes,No,72,No,No phone service,DSL,Yes,Yes,Yes,Yes,Yes,Yes,Two year,Yes,Electronic check,64.7,4746.05,0,VIP(4yr+),6,1,65.91736111111112,9.242857142857144,0,2
Male,No,Yes,Yes,72,No,No phone service,DSL,Yes,Yes,Yes,Yes,Yes,Yes,Two year,Yes,Bank transfer (automatic),65.65,4664.5,0,VIP(4yr+),6,1,64.78472222222223,9.37857142857143,0,2
Female,No,No,No,10,Yes,Yes,Fiber optic,No,Yes,Yes,No,No,Yes,Month-to-month,Yes,Electronic check,94.85,953.45,1,New(0-12mo),5,1,95.345,15.808333333333332,1,0
Female,No,Yes,Yes,42,Yes,Yes,Fiber optic,Yes,Yes,No,No,Yes,No,One year,Yes,Credit card (automatic),94.45,3923.8,0,Loyal(2-4yr),5,1,93.42380952380952,15.741666666666667,0,1
Male,No,Yes,No,63,Yes,Yes,Fiber optic,No,Yes,Yes,No,Yes,Yes,Month-to-month,Yes,Electronic check,102.4,6444.05,0,VIP(4yr+),6,1,102.28650793650795,14.62857142857143,1,0
Male,No,Yes,No,68,Yes,Yes,Fiber optic,No,Yes,Yes,Yes,Yes,Yes,Two year,Yes,Bank transfer (automatic),110.0,7611.85,1,VIP(4yr+),7,1,111.93897058823529,13.75,0,2
Male,No,No,No,5,Yes,No,No,No internet service,No internet service,No internet service,No internet service,No internet service,No internet service,Month-to-month,Yes,Mailed check,19.25,86.05,0,New(0-12mo),1,0,17.21,9.625,1,0
Male,Yes,No,No,1,Yes,Yes,Fiber optic,No,No,No,No,No,No,Month-to-month,Yes,Electronic check,73.65,73.65,1,New(0-12mo),2,1,73.65,24.55,1,0
Male,No,No,No,22,Yes,No,DSL,No,Yes,No,Yes,No,No,One year,Yes,Credit card (automatic),55.15,1193.05,1,Established(1-2yr),3,1,54.22954545454545,13.7875,0,1
Male,Yes,Yes,Yes,71,Yes,No,No,No internet service,No internet service,No internet service,No internet service,No internet service,No internet service,Two year,No,Credit card (automatic),19.8,1388.45,0,VIP(4yr+),1,0,19.555633802816903,9.9,0,2
Female,Yes,Yes,Yes,47,Yes,No,Fiber optic,No,No,No,No,No,No,Month-to-month,No,Bank transfer (automatic),70.55,3309.25,1,Loyal(2-4yr),1,1,70.40957446808511,35.275,1,0
Male,No,Yes,Yes,38,Yes,No,DSL,Yes,No,Yes,Yes,Yes,Yes,Two year,No,Credit card (automatic),81.0,3084.9,0,Loyal(2-4yr),6,1,81.18157894736842,11.571428571428571,0,2
Female,No,Yes,No,59,Yes,Yes,DSL,No,Yes,No,Yes,Yes,Yes,One year,Yes,Electronic check,80.1,4693.2,0,VIP(4yr+),6,1,79.5457627118644,11.442857142857141,0,1
Male,No,Yes,No,35,Yes,Yes,Fiber optic,No,No,No,Yes,No,Yes,Month-to-month,Yes,Bank transfer (automatic),89.85,3161.2,0,Loyal(2-4yr),4,1,90.32,17.97,1,0
Male,No,No,No,35,Yes,Yes,No,No internet service,No internet service,No internet service,No internet service,No internet service,No internet service,One year,No,Bank transfer (automatic),26.2,954.9,0,Loyal(2-4yr),2,0,27.282857142857143,8.733333333333333,0,1
Male,No,No,No,2,Yes,No,Fiber optic,No,Yes,No,No,Yes,Yes,Month-to-month,No,Electronic check,95.65,167.3,1,New(0-12mo),4,1,83.65,19.130000000000003,1,0
Male,No,No,No,46,No,No phone service,DSL,Yes,No,No,No,No,No,One year,Yes,Bank transfer (automatic),30.75,1489.3,0,Loyal(2-4yr),1,1,32.37608695652174,15.375,0,1
Female,Yes,No,No,6,Yes,No,Fiber optic,Yes,No,No,No,No,No,Month-to-month,Yes,Electronic check,74.1,450.9,0,New(0-12mo),2,1,75.14999999999999,24.7,1,0
Male,No,No,No,25,Yes,No,No,No internet service,No internet service,No internet service,No internet service,No internet service,No internet service,One year,No,Credit card (automatic),19.9,510.8,0,Loyal(2-4yr),1,0,20.432000000000002,9.95,0,1
Male,Yes,No,No,1,No,No phone service,DSL,No,No,Yes,No,No,Yes,Month-to-month,Yes,Electronic check,39.65,39.65,1,New(0-12mo),2,1,39.65,13.216666666666667,1,0
Female,No,No,No,1,Yes,No,DSL,No,Yes,No,No,No,No,Month-to-month,No,Electronic check,50.55,50.55,1,New(0-12mo),2,1,50.55,16.849999999999998,1,0
Male,No,No,No,40,Yes,Yes,Fiber optic,No,Yes,Yes,No,Yes,Yes,Month-to-month,Yes,Mailed check,102.65,4108.15,0,Loyal(2-4yr),6,1,102.70374999999999,14.664285714285715,1,0
Female,No,No,No,35,Yes,Yes,Fiber optic,No,No,No,Yes,No,No,Month-to-month,No,Credit card (automatic),80.05,2835.9,0,Loyal(2-4yr),3,1,81.02571428571429,20.0125,1,0
Female,No,No,No,10,Yes,No,DSL,No,No,No,Yes,No,Yes,Month-to-month,Yes,Mailed check,60.95,629.55,0,New(0-12mo),3,1,62.955,15.2375,1,0
Female,No,Yes,Yes,16,Yes,No,DSL,Yes,Yes,No,Yes,No,Yes,Two year,No,Bank transfer (automatic),68.25,1114.85,0,Established(1-2yr),5,1,69.678125,11.375,0,2
Female,Yes,Yes,No,52,Yes,Yes,Fiber optic,Yes,Yes,Yes,No,Yes,Yes,Month-to-month,Yes,Electronic check,109.1,5647.95,0,VIP(4yr+),7,1,108.61442307692307,13.6375,1,0
Male,No,No,No,6,Yes,No,DSL,No,No,No,Yes,No,No,Month-to-month,Yes,Credit card (automatic),49.5,312.7,0,New(0-12mo),2,1,52.11666666666667,16.5,1,0
Male,No,No,No,1,Yes,No,Fiber optic,No,No,No,No,No,No,Month-to-month,Yes,Electronic check,69.1,69.1,1,New(0-12mo),1,1,69.1,34.55,1,0
Male,No,Yes,Yes,66,Yes,Yes,No,No internet service,No internet service,No internet service,No internet service,No internet service,No internet service,One year,Yes,Credit card (automatic),25.7,1714.55,0,VIP(4yr+),2,0,25.9780303030303,8.566666666666666,0,1
Female,No,No,No,64,Yes,Yes,Fiber optic,Yes,Yes,Yes,Yes,Yes,Yes,Two year,Yes,Bank transfer (automatic),115.1,7334.05,0,VIP(4yr+),8,1,114.59453125,12.788888888888888,0,2
Female,No,No,No,68,Yes,No,DSL,Yes,No,Yes,No,No,No,One year,Yes,Credit card (automatic),54.45,3674.95,0,VIP(4yr+),3,1,54.04338235294117,13.6125,0,1
Male,Yes,Yes,No,70,Yes,No,Fiber optic,Yes,Yes,Yes,No,Yes,Yes,Two year,No,Credit card (automatic),105.35,7511.9,0,VIP(4yr+),6,1,107.31285714285714,15.049999999999999,0,2
Female,No,No,No,1,Yes,No,DSL,No,No,No,No,No,No,Month-to-month,Yes,Mailed check,44.45,44.45,1,New(0-12mo),1,1,44.45,22.225,1,0
Female,No,Yes,No,49,Yes,Yes,DSL,No,No,No,No,No,No,Month-to-month,Yes,Credit card (automatic),52.15,2583.75,0,VIP(4yr+),2,1,52.72959183673469,17.383333333333333,1,0
Male,No,No,No,3,Yes,No,No,No internet service,No internet service,No internet service,No internet service,No internet service,No internet service,Month-to-month,Yes,Mailed check,19.1,53.05,0,New(0-12mo),1,0,17.683333333333334,9.55,1,0
Female,Yes,Yes,No,70,Yes,Yes,DSL,Yes,Yes,Yes,Yes,Yes,Yes,Two year,Yes,Bank transfer (automatic),92.2,6474.45,0,VIP(4yr+),8,1,92.49214285714285,10.244444444444445,0,2
Female,Yes,No,No,3,Yes,No,Fiber optic,No,No,No,No,No,No,Month-to-month,Yes,Electronic check,70.4,204.7,1,New(0-12mo),1,1,68.23333333333333,35.2,1,0
Female,No,Yes,Yes,64,Yes,Yes,DSL,Yes,Yes,Yes,Yes,Yes,Yes,Two year,Yes,Mailed check,90.6,5817.45,0,VIP(4yr+),8,1,90.89765625,10.066666666666666,0,2
Female,No,No,Yes,13,No,No phone service,DSL,No,Yes,No,No,No,No,Month-to-month,No,Electronic check,30.15,382.2,0,Established(1-2yr),1,1,29.4,15.075,1,0
Male,No,No,Yes,60,Yes,No,No,No internet service,No internet service,No internet service,No internet service,No internet service,No internet service,Two year,No,Mailed check,19.95,1189.9,0,VIP(4yr+),1,0,19.831666666666667,9.975,0,2
Male,Yes,No,No,15,Yes,No,Fiber optic,No,No,No,No,No,Yes,Month-to-month,Yes,Electronic check,79.4,1156.1,1,Established(1-2yr),2,1,77.07333333333332,26.46666666666667,1,0
Male,No,Yes,No,4,Yes,Yes,Fiber optic,No,Yes,No,No,Yes,Yes,Month-to-month,Yes,Electronic check,100.2,420.2,1,New(0-12mo),5,1,105.05,16.7,1,0
Female,No,Yes,Yes,39,Yes,Yes,No,No internet service,No internet service,No internet service,No internet service,No internet service,No internet service,One year,Yes,Mailed check,24.2,914.6,0,Loyal(2-4yr),2,0,23.451282051282053,8.066666666666666,0,1
Female,No,No,No,71,Yes,Yes,No,No internet service,No internet service,No internet service,No internet service,No internet service,No internet service,Two year,No,Electronic check,24.55,1719.15,0,VIP(4yr+),2,0,24.213380281690142,8.183333333333334,0,2
Male,Yes,No,No,15,Yes,Yes,Fiber optic,No,Yes,No,No,No,No,Month-to-month,Yes,Electronic check,80.2,1217.25,1,Established(1-2yr),3,1,81.15,20.05,1,0
Male,No,No,No,10,Yes,No,No,No internet service,No internet service,No internet service,No internet service,No internet service,No internet service,Month-to-month,No,Credit card (automatic),20.0,198.7,0,New(0-12mo),1,0,19.869999999999997,10.0,1,0
Female,No,Yes,Yes,72,Yes,Yes,Fiber optic,Yes,Yes,Yes,Yes,Yes,Yes,Two year,Yes,Bank transfer (automatic),115.8,8476.5,0,VIP(4yr+),8,1,117.72916666666667,12.866666666666667,0,2
Male,No,Yes,Yes,37,Yes,No,DSL,Yes,No,Yes,Yes,No,No,One year,Yes,Mailed check,58.75,2203.1,0,Loyal(2-4yr),4,1,59.54324324324324,11.75,0,1
Male,No,No,No,52,Yes,No,Fiber optic,No,Yes,Yes,Yes,Yes,Yes,One year,Yes,Bank transfer (automatic),105.0,5426.85,1,VIP(4yr+),6,1,104.36250000000001,15.0,0,1
Male,No,Yes,No,4,Yes,No,Fiber optic,No,No,No,No,Yes,No,Month-to-month,Yes,Electronic check,80.35,307.4,1,New(0-12mo),2,1,76.85,26.78333333333333,1,0
Male,No,No,No,49,Yes,Yes,DSL,No,No,No,Yes,Yes,No,Two year,Yes,Bank transfer (automatic),66.15,3199.0,0,VIP(4yr+),4,1,65.28571428571429,13.23,0,2
Female,No,No,No,40,Yes,No,No,No internet service,No internet service,No internet service,No internet service,No internet service,No internet service,Two year,No,Credit card (automatic),19.65,830.25,0,Loyal(2-4yr),1,0,20.75625,9.825,0,2
Male,No,Yes,Yes,34,Yes,No,Fiber optic,No,No,Yes,No,Yes,No,Month-to-month,Yes,Mailed check,84.05,2909.95,0,Loyal(2-4yr),3,1,85.58676470588235,21.0125,1,0
Male,No,Yes,No,9,Yes,No,Fiber optic,No,Yes,Yes,No,No,No,Month-to-month,Yes,Electronic check,79.9,741.7,1,New(0-12mo),3,1,82.41111111111111,19.975,1,0
Female,No,Yes,Yes,57,Yes,No,DSL,Yes,No,Yes,Yes,No,No,One year,Yes,Mailed check,59.3,3274.35,0,VIP(4yr+),4,1,57.444736842105264,11.86,0,1
Male,No,No,Yes,1,Yes,No,DSL,No,No,No,No,No,No,Month-to-month,Yes,Electronic check,44.4,44.4,1,New(0-12mo),1,1,44.4,22.2,1,0
Female,No,Yes,Yes,72,No,No phone service,DSL,Yes,Yes,Yes,Yes,Yes,Yes,Two year,Yes,Credit card (automatic),65.2,4784.45,0,VIP(4yr+),6,1,66.45069444444444,9.314285714285715,0,2
Male,No,No,No,8,Yes,No,DSL,No,No,No,No,No,No,Month-to-month,No,Mailed check,43.55,335.4,0,New(0-12mo),1,1,41.925,21.775,1,0
Female,No,Yes,Yes,47,Yes,No,No,No internet service,No internet service,No internet service,No internet service,No internet service,No internet service,Two year,No,Credit card (automatic),20.05,1016.7,0,Loyal(2-4yr),1,0,21.631914893617022,10.025,0,2
Female,No,Yes,Yes,8,Yes,No,DSL,No,Yes,No,Yes,No,No,Month-to-month,No,Bank transfer (automatic),56.3,401.5,0,New(0-12mo),3,1,50.1875,14.075,1,0
Female,No,Yes,Yes,34,Yes,No,No,No internet service,No internet service,No internet service,No internet service,No internet service,No internet service,One year,Yes,Bank transfer (automatic),20.1,682.1,0,Loyal(2-4yr),1,0,20.061764705882354,10.05,0,1
Male,No,Yes,No,72,Yes,Yes,DSL,Yes,Yes,Yes,Yes,No,Yes,Two year,Yes,Bank transfer (automatic),82.3,5980.55,0,VIP(4yr+),7,1,83.06319444444445,10.2875,0,2
Male,No,Yes,No,24,Yes,Yes,Fiber optic,No,No,No,No,Yes,Yes,Month-to-month,Yes,Electronic check,93.0,2248.05,0,Established(1-2yr),4,1,93.66875,18.6,1,0
Male,No,Yes,No,44,Yes,No,Fiber optic,No,No,No,No,Yes,Yes,One year,Yes,Bank transfer (automatic),90.65,3974.15,0,Loyal(2-4yr),3,1,90.32159090909092,22.6625,0,1
Female,No,Yes,Yes,27,Yes,No,No,No internet service,No internet service,No internet service,No internet service,No internet service,No internet service,One year,Yes,Mailed check,20.55,583.3,0,Loyal(2-4yr),1,0,21.6037037037037,10.275,0,1
Female,No,No,No,69,Yes,Yes,DSL,Yes,Yes,No,Yes,No,No,Two year,Yes,Mailed check,66.9,4577.9,0,VIP(4yr+),5,1,66.3463768115942,11.15,0,2
Female,No,Yes,No,26,No,No phone service,DSL,Yes,No,Yes,No,No,No,One year,No,Credit card (automatic),35.4,978.6,0,Loyal(2-4yr),2,1,37.63846153846154,11.799999999999999,0,1
Male,Yes,No,Yes,56,Yes,No,Fiber optic,Yes,No,No,No,Yes,Yes,One year,No,Credit card (automatic),94.8,5264.3,0,VIP(4yr+),4,1,94.00535714285715,18.96,0,1
Female,No,No,No,13,Yes,No,DSL,Yes,No,No,No,Yes,Yes,Month-to-month,Yes,Electronic check,71.95,923.85,0,Established(1-2yr),4,1,71.06538461538462,14.39,1,0
Female,No,No,No,19,Yes,Yes,DSL,No,No,Yes,No,No,No,Month-to-month,Yes,Mailed check,56.1,1033.9,0,Established(1-2yr),3,1,54.415789473684214,14.025,1,0
Female,No,No,No,54,Yes,No,Fiber optic,Yes,Yes,No,No,Yes,Yes,One year,Yes,Credit card (automatic),100.05,5299.65,0,VIP(4yr+),5,1,98.14166666666667,16.675,0,1
Male,Yes,No,Yes,7,Yes,No,DSL,No,No,No,No,No,No,Month-to-month,Yes,Mailed check,45.75,344.2,0,New(0-12mo),1,1,49.17142857142857,22.875,1,0
Female,No,Yes,Yes,23,Yes,Yes,DSL,No,Yes,No,Yes,Yes,No,Month-to-month,Yes,Credit card (automatic),69.5,1652.1,0,Established(1-2yr),5,1,71.83043478260869,11.583333333333334,1,0
Male,No,Yes,Yes,0,Yes,No,No,No internet service,No internet service,No internet service,No internet service,No internet service,No internet service,Two year,No,Mailed check,19.85,0.0,0,New(0-12mo),1,0,0.0,9.925,0,2
Female,No,No,No,60,Yes,No,No,No internet service,No internet service,No internet service,No internet service,No internet service,No internet service,Two year,No,Mailed check,20.6,1093.0,0,VIP(4yr+),1,0,18.216666666666665,10.3,0,2
Female,No,Yes,Yes,72,Yes,Yes,Fiber optic,Yes,Yes,Yes,Yes,Yes,Yes,Two year,Yes,Electronic check,115.5,8425.15,0,VIP(4yr+),8,1,117.01597222222222,12.833333333333334,0,2
Female,No,Yes,No,15,Yes,No,Fiber optic,No,Yes,No,No,No,No,Month-to-month,No,Bank transfer (automatic),75.35,1114.55,0,Established(1-2yr),2,1,74.30333333333333,25.116666666666664,1,0
Female,Yes,No,No,60,Yes,Yes,Fiber optic,Yes,No,No,No,Yes,Yes,One year,Yes,Bank transfer (automatic),101.4,6176.6,0,VIP(4yr+),5,1,102.94333333333334,16.900000000000002,0,1
Female,No,Yes,Yes,64,No,No phone service,DSL,No,Yes,No,Yes,Yes,Yes,Two year,Yes,Electronic check,54.6,3423.5,0,VIP(4yr+),4,1,53.4921875,10.92,0,2
Male,No,No,No,44,Yes,No,Fiber optic,No,No,Yes,Yes,Yes,Yes,Two year,No,Bank transfer (automatic),100.1,4378.35,0,Loyal(2-4yr),5,1,99.50795454545455,16.683333333333334,0,2
Male,No,No,No,1,Yes,No,No,No internet service,No internet service,No internet service,No internet service,No internet service,No internet service,Month-to-month,No,Electronic check,19.95,19.95,1,New(0-12mo),1,0,19.95,9.975,1,0
Male,No,No,No,62,Yes,No,DSL,Yes,Yes,No,No,Yes,Yes,One year,Yes,Credit card (automatic),74.3,4698.05,0,VIP(4yr+),5,1,75.775,12.383333333333333,0,1
Male,No,No,Yes,3,Yes,No,No,No internet service,No internet service,No internet service,No internet service,No internet service,No internet service,Month-to-month,No,Mailed check,19.95,58.3,0,New(0-12mo),1,0,19.433333333333334,9.975,1,0
Male,No,No,No,6,Yes,No,Fiber optic,Yes,Yes,No,No,No,No,Month-to-month,Yes,Electronic check,78.95,494.95,0,New(0-12mo),3,1,82.49166666666666,19.7375,1,0
Female,No,Yes,Yes,29,Yes,Yes,No,No internet service,No internet service,No internet service,No internet service,No internet service,No internet service,Two year,No,Mailed check,26.1,692.55,0,Loyal(2-4yr),2,0,23.88103448275862,8.700000000000001,0,2
Female,No,Yes,Yes,34,Yes,No,DSL,Yes,Yes,Yes,Yes,Yes,Yes,Two year,No,Mailed check,84.75,2839.45,0,Loyal(2-4yr),7,1,83.51323529411764,10.59375,0,2
Male,No,Yes,Yes,34,No,No phone service,DSL,No,No,No,Yes,Yes,No,Two year,Yes,Electronic check,40.55,1325.85,0,Loyal(2-4yr),2,1,38.995588235294115,13.516666666666666,0,2
Female,No,No,No,26,Yes,Yes,Fiber optic,No,No,No,No,No,No,Month-to-month,Yes,Bank transfer (automatic),74.95,1834.95,1,Loyal(2-4yr),2,1,70.575,24.983333333333334,1,0
Male,No,Yes,Yes,40,Yes,Yes,No,No internet service,No internet service,No internet service,No internet service,No internet service,No internet service,Two year,No,Credit card (automatic),25.25,1006.9,0,Loyal(2-4yr),2,0,25.1725,8.416666666666666,0,2
Female,No,Yes,Yes,72,Yes,Yes,DSL,Yes,No,Yes,Yes,No,No,Two year,No,Bank transfer (automatic),66.85,4758.8,0,VIP(4yr+),5,1,66.09444444444445,11.141666666666666,0,2
Female,No,Yes,No,9,Yes,No,Fiber optic,No,No,No,No,Yes,Yes,Month-to-month,No,Electronic check,89.45,853.1,1,New(0-12mo),3,1,94.78888888888889,22.3625,1,0
Male,Yes,Yes,No,17,Yes,Yes,Fiber optic,No,No,Yes,No,Yes,Yes,Month-to-month,Yes,Credit card (automatic),100.45,1622.45,1,Established(1-2yr),5,1,95.43823529411765,16.741666666666667,1,0
Male,No,Yes,Yes,2,Yes,No,Fiber optic,No,No,No,No,Yes,Yes,Month-to-month,Yes,Bank transfer (automatic),89.55,185.55,1,New(0-12mo),3,1,92.775,22.3875,1,0
Male,No,No,No,53,Yes,Yes,Fiber optic,No,No,No,No,Yes,No,Month-to-month,No,Bank transfer (automatic),85.45,4517.25,1,VIP(4yr+),3,1,85.23113207547169,21.3625,1,0
Male,No,No,No,1,Yes,No,DSL,No,No,No,No,No,No,Month-to-month,Yes,Mailed check,45.7,45.7,1,New(0-12mo),1,1,45.7,22.85,1,0
Female,No,No,No,17,Yes,No,No,No internet service,No internet service,No internet service,No internet service,No internet service,No internet service,One year,No,Bank transfer (automatic),19.9,323.15,0,Established(1-2yr),1,0,19.008823529411764,9.95,0,1
Female,Yes,No,No,62,Yes,Yes,Fiber optic,No,No,No,No,Yes,No,One year,No,Electronic check,84.45,4959.15,0,VIP(4yr+),3,1,79.98629032258064,21.1125,0,1
Female,No,Yes,No,45,Yes,No,DSL,No,No,Yes,No,No,No,Month-to-month,Yes,Credit card (automatic),50.25,2221.55,0,Loyal(2-4yr),2,1,49.36777777777778,16.75,1,0
Male,No,Yes,No,71,Yes,No,DSL,Yes,No,No,Yes,No,No,Two year,No,Bank transfer (automatic),54.5,3778.2,0,VIP(4yr+),3,1,53.21408450704225,13.625,0,2
Male,No,No,No,71,Yes,Yes,Fiber optic,Yes,No,Yes,Yes,Yes,Yes,Two year,Yes,Electronic check,108.05,7532.15,1,VIP(4yr+),7,1,106.08661971830985,13.50625,0,2
Male,No,No,No,22,No,No phone service,DSL,No,Yes,Yes,No,No,Yes,One year,Yes,Bank transfer (automatic),43.75,903.6,1,Established(1-2yr),3,1,41.07272727272727,10.9375,0,1
Male,No,No,No,29,Yes,No,DSL,Yes,Yes,No,Yes,No,No,One year,Yes,Electronic check,58.75,1696.2,0,Loyal(2-4yr),4,1,58.4896551724138,11.75,0,1
Female,No,Yes,No,53,Yes,No,Fiber optic,No,No,Yes,No,Yes,Yes,One year,Yes,Bank transfer (automatic),94.85,5000.2,1,VIP(4yr+),4,1,94.3433962264151,18.97,0,1
Female,Yes,No,No,3,No,No phone service,DSL,No,No,No,No,No,No,Month-to-month,No,Electronic check,25.3,77.75,1,New(0-12mo),0,1,25.916666666666668,25.3,1,0
Female,No,No,No,16,Yes,Yes,Fiber optic,No,Yes,Yes,No,No,Yes,Month-to-month,Yes,Credit card (automatic),95.6,1555.65,1,Established(1-2yr),5,1,97.228125,15.933333333333332,1,0
Male,No,Yes,No,69,Yes,No,DSL,Yes,Yes,Yes,Yes,Yes,Yes,Two year,Yes,Mailed check,84.7,5878.9,0,VIP(4yr+),7,1,85.20144927536231,10.5875,0,2
Female,No,Yes,Yes,35,Yes,Yes,No,No internet service,No internet service,No internet service,No internet service,No internet service,No internet service,Two year,Yes,Credit card (automatic),25.4,949.8,0,Loyal(2-4yr),2,0,27.137142857142855,8.466666666666667,0,2
Female,No,No,No,23,Yes,Yes,Fiber optic,No,No,No,No,Yes,Yes,Month-to-month,Yes,Electronic check,93.5,2341.55,0,Established(1-2yr),4,1,101.80652173913045,18.7,1,0
Female,No,Yes,No,29,Yes,No,No,No internet service,No internet service,No internet service,No internet service,No internet service,No internet service,Month-to-month,No,Mailed check,19.85,573.05,0,Loyal(2-4yr),1,0,19.760344827586206,9.925,1,0
Female,No,No,No,50,No,No phone service,DSL,No,Yes,Yes,Yes,No,No,Two year,No,Credit card (automatic),39.7,1932.75,0,VIP(4yr+),3,1,38.655,9.925,0,2
Female,No,Yes,Yes,35,Yes,No,No,No internet service,No internet service,No internet service,No internet service,No internet service,No internet service,One year,No,Mailed check,19.65,708.8,0,Loyal(2-4yr),1,0,20.25142857142857,9.825,0,1
Female,No,Yes,No,64,Yes,Yes,DSL,Yes,No,Yes,Yes,Yes,Yes,Two year,Yes,Credit card (automatic),85.0,5484.4,0,VIP(4yr+),7,1,85.69375,10.625,0,2
Male,No,Yes,No,22,Yes,No,Fiber optic,No,No,Yes,No,Yes,No,Month-to-month,Yes,Bank transfer (automatic),87.0,1850.65,0,Established(1-2yr),3,1,84.12045454545455,21.75,1,0
Female,No,No,No,22,No,No phone service,DSL,No,No,Yes,No,Yes,Yes,Month-to-month,Yes,Electronic check,50.6,1073.3,0,Established(1-2yr),3,1,48.78636363636363,12.65,1,0
Female,Yes,No,No,9,Yes,No,Fiber optic,No,No,No,No,Yes,No,Month-to-month,Yes,Electronic check,80.85,751.65,1,New(0-12mo),2,1,83.51666666666667,26.95,1,0
Female,No,Yes,Yes,36,Yes,No,No,No internet service,No internet service,No internet service,No internet service,No internet service,No internet service,Month-to-month,No,Bank transfer (automatic),19.2,702.9,0,Loyal(2-4yr),1,0,19.525,9.6,1,0
Male,No,No,No,53,No,No phone service,DSL,Yes,Yes,No,No,No,Yes,Month-to-month,Yes,Bank transfer (automatic),46.3,2546.85,0,VIP(4yr+),3,1,48.053773584905656,11.575,1,0
Male,No,Yes,Yes,52,Yes,No,No,No internet service,No internet service,No internet service,No internet service,No internet service,No internet service,Two year,No,Mailed check,19.2,1054.75,0,VIP(4yr+),1,0,20.283653846153847,9.6,0,2
Female,Yes,Yes,No,72,Yes,Yes,Fiber optic,Yes,No,Yes,Yes,Yes,Yes,Two year,Yes,Mailed check,109.75,8075.35,0,VIP(4yr+),7,1,112.1576388888889,13.71875,0,2
Female,No,Yes,Yes,69,Yes,Yes,No,No internet service,No internet service,No internet service,No internet service,No internet service,No internet service,Two year,Yes,Bank transfer (automatic),25.6,1673.4,0,VIP(4yr+),2,0,24.252173913043478,8.533333333333333,0,2
Female,No,No,No,8,Yes,No,DSL,No,No,Yes,Yes,No,Yes,Month-to-month,No,Mailed check,64.1,504.05,0,New(0-12mo),4,1,63.00625,12.819999999999999,1,0
Female,No,Yes,No,52,No,No phone service,DSL,Yes,No,Yes,No,No,No,One year,No,Mailed check,35.45,1958.95,0,VIP(4yr+),2,1,37.67211538461539,11.816666666666668,0,1
Female,Yes,No,No,20,Yes,Yes,DSL,No,No,No,No,No,Yes,Month-to-month,Yes,Mailed check,61.6,1174.35,1,Established(1-2yr),3,1,58.717499999999994,15.4,1,0
Male,Yes,Yes,Yes,61,Yes,Yes,Fiber optic,No,Yes,No,No,Yes,Yes,One year,No,Electronic check,99.0,5969.3,0,VIP(4yr+),5,1,97.85737704918033,16.5,0,1
Male,No,No,No,45,Yes,No,Fiber optic,Yes,Yes,Yes,Yes,Yes,Yes,One year,No,Credit card (automatic),112.2,5031.85,0,Loyal(2-4yr),7,1,111.81888888888889,14.025,0,1
Female,No,Yes,Yes,72,Yes,No,DSL,Yes,Yes,Yes,No,Yes,No,Two year,Yes,Credit card (automatic),70.65,5011.15,0,VIP(4yr+),5,1,69.59930555555555,11.775,0,2
Female,No,Yes,Yes,34,Yes,No,DSL,Yes,Yes,Yes,No,No,No,One year,Yes,Mailed check,60.8,2042.05,0,Loyal(2-4yr),4,1,60.06029411764706,12.16,0,1
Male,Yes,Yes,No,47,Yes,Yes,Fiber optic,No,No,Yes,No,Yes,Yes,Month-to-month,Yes,Electronic check,100.05,4871.05,1,Loyal(2-4yr),5,1,103.63936170212766,16.675,1,0
Female,No,Yes,Yes,47,Yes,Yes,DSL,Yes,Yes,No,Yes,Yes,Yes,Two year,Yes,Credit card (automatic),85.3,4107.25,0,Loyal(2-4yr),7,1,87.38829787234043,10.6625,0,2
Female,No,Yes,Yes,4,Yes,No,Fiber optic,No,No,No,No,Yes,No,Month-to-month,Yes,Mailed check,78.9,299.75,0,New(0-12mo),2,1,74.9375,26.3,1,0
Male,No,Yes,No,46,Yes,No,DSL,Yes,Yes,Yes,Yes,No,No,Two year,No,Mailed check,65.65,3047.15,0,Loyal(2-4yr),5,1,66.24239130434783,10.941666666666668,0,2
Male,No,No,No,3,Yes,No,No,No internet service,No internet service,No internet service,No internet service,No internet service,No internet service,One year,No,Mailed check,19.6,61.35,0,New(0-12mo),1,0,20.45,9.8,0,1
Female,No,No,No,1,Yes,Yes,DSL,No,No,No,No,No,No,Month-to-month,Yes,Bank transfer (automatic),49.95,49.95,1,New(0-12mo),2,1,49.95,16.650000000000002,1,0
Male,No,Yes,No,61,Yes,Yes,Fiber optic,Yes,Yes,No,No,Yes,Yes,Month-to-month,Yes,Electronic check,106.2,6375.2,0,VIP(4yr+),6,1,104.51147540983607,15.171428571428573,1,0
Female,No,No,No,10,Yes,Yes,Fiber optic,No,No,Yes,No,Yes,Yes,Month-to-month,Yes,Electronic check,100.6,1060.2,1,New(0-12mo),5,1,106.02000000000001,16.766666666666666,1,0
Female,No,No,No,6,Yes,No,DSL,No,No,No,Yes,No,No,Month-to-month,Yes,Bank transfer (automatic),50.8,288.05,1,New(0-12mo),2,1,48.00833333333333,16.933333333333334,1,0
Male,Yes,Yes,No,27,No,No phone service,DSL,Yes,No,No,No,No,No,Month-to-month,No,Credit card (automatic),30.75,805.1,1,Loyal(2-4yr),1,1,29.81851851851852,15.375,1,0
Male,No,No,No,52,Yes,No,No,No internet service,No internet service,No internet service,No internet service,No internet service,No internet service,Two year,No,Bank transfer (automatic),21.0,1107.2,0,VIP(4yr+),1,0,21.292307692307695,10.5,0,2
Male,Yes,No,No,13,Yes,No,Fiber optic,No,No,No,No,Yes,Yes,Month-to-month,Yes,Electronic check,90.5,1201.15,1,Established(1-2yr),3,1,92.39615384615385,22.625,1,0
Male,No,No,Yes,27,Yes,No,DSL,Yes,Yes,No,No,No,No,One year,No,Mailed check,56.2,1567.55,0,Loyal(2-4yr),3,1,58.0574074074074,14.05,0,1
Male,Yes,Yes,No,7,Yes,Yes,Fiber optic,No,No,No,No,Yes,Yes,Month-to-month,Yes,Bank transfer (automatic),95.6,644.35,1,New(0-12mo),4,1,92.05,19.119999999999997,1,0
Male,No,Yes,No,70,Yes,Yes,No,No internet service,No internet service,No internet service,No internet service,No internet service,No internet service,Two year,No,Bank transfer (automatic),24.25,1724.15,0,VIP(4yr+),2,0,24.630714285714287,8.083333333333334,0,2
Male,No,Yes,No,5,Yes,No,No,No internet service,No internet service,No internet service,No internet service,No internet service,No internet service,Month-to-month,No,Mailed check,19.35,126.05,1,New(0-12mo),1,0,25.21,9.675,1,0
Male,Yes,Yes,No,65,Yes,Yes,Fiber optic,Yes,No,No,No,Yes,Yes,One year,Yes,Electronic check,100.75,6674.65,0,VIP(4yr+),5,1,102.68692307692307,16.791666666666668,0,1
Male,No,No,No,39,Yes,Yes,Fiber optic,No,No,No,No,No,No,Month-to-month,No,Electronic check,75.25,3017.65,1,Loyal(2-4yr),2,1,77.37564102564103,25.083333333333332,1,0
Female,No,Yes,Yes,23,Yes,No,Fiber optic,Yes,Yes,No,Yes,No,No,Month-to-month,No,Mailed check,84.4,1936.85,0,Established(1-2yr),4,1,84.2108695652174,16.880000000000003,1,0
Female,No,Yes,Yes,17,Yes,Yes,No,No internet service,No internet service,No internet service,No internet service,No internet service,No internet service,Month-to-month,No,Mailed check,24.1,409.9,1,Established(1-2yr),2,0,24.11176470588235,8.033333333333333,1,0
Male,No,Yes,Yes,68,Yes,Yes,No,No internet service,No internet service,No internet service,No internet service,No internet service,No internet service,Two year,No,Bank transfer (automatic),25.4,1620.2,0,VIP(4yr+),2,0,23.826470588235296,8.466666666666667,0,2
Female,No,No,No,3,Yes,No,Fiber optic,Yes,No,No,No,No,No,Month-to-month,Yes,Electronic check,74.55,233.65,0,New(0-12mo),2,1,77.88333333333334,24.849999999999998,1,0
Female,No,No,Yes,1,Yes,No,Fiber optic,No,No,No,No,No,No,Month-to-month,Yes,Electronic check,69.65,69.65,1,New(0-12mo),1,1,69.65,34.825,1,0
Male,No,Yes,No,71,Yes,No,DSL,No,Yes,Yes,Yes,Yes,Yes,Two year,Yes,Credit card (automatic),79.1,5564.85,0,VIP(4yr+),6,1,78.3781690140845,11.299999999999999,0,2
Female,No,No,No,12,Yes,No,No,No internet service,No internet service,No internet service,No internet service,No internet service,No internet service,One year,No,Mailed check,19.3,228.75,0,New(0-12mo),1,0,19.0625,9.65,0,1
Male,No,Yes,Yes,30,Yes,Yes,Fiber optic,Yes,Yes,No,No,Yes,No,Month-to-month,Yes,Electronic check,94.4,2838.7,1,Loyal(2-4yr),5,1,94.62333333333332,15.733333333333334,1,0
Male,No,No,No,14,Yes,No,No,No internet service,No internet service,No internet service,No internet service,No internet service,No internet service,Month-to-month,Yes,Electronic check,20.05,299.3,0,Established(1-2yr),1,0,21.37857142857143,10.025,1,0
Female,No,Yes,No,71,Yes,Yes,No,No internet service,No internet service,No internet service,No internet service,No internet service,No internet service,Two year,Yes,Credit card (automatic),24.4,1725.4,0,VIP(4yr+),2,0,24.301408450704226,8.133333333333333,0,2
Female,No,Yes,Yes,48,Yes,No,No,No internet service,No internet service,No internet service,No internet service,No internet service,No internet service,Two year,No,Mailed check,19.55,883.35,0,Loyal(2-4yr),1,0,18.403125,9.775,0,2
Male,No,No,No,5,Yes,No,DSL,No,Yes,No,No,No,No,Month-to-month,Yes,Electronic check,51.35,262.3,0,New(0-12mo),2,1,52.46,17.116666666666667,1,0
Female,No,Yes,Yes,72,Yes,Yes,No,No internet service,No internet service,No internet service,No internet service,No internet service,No internet service,Two year,No,Credit card (automatic),24.25,1784.5,0,VIP(4yr+),2,0,24.78472222222222,8.083333333333334,0,2
Female,Yes,Yes,Yes,59,Yes,Yes,Fiber optic,No,No,Yes,No,No,Yes,Month-to-month,Yes,Credit card (automatic),88.75,5348.65,0,VIP(4yr+),4,1,90.65508474576271,17.75,1,0
Female,No,No,No,1,Yes,No,No,No internet service,No internet service,No internet service,No internet service,No internet service,No internet service,Month-to-month,No,Mailed check,20.35,20.35,0,New(0-12mo),1,0,20.35,10.175,1,0
Male,No,No,No,14,Yes,No,No,No internet service,No internet service,No internet service,No internet service,No internet service,No internet service,Month-to-month,No,Credit card (automatic),19.6,300.4,0,Established(1-2yr),1,0,21.457142857142856,9.8,1,0
Male,No,Yes,Yes,42,Yes,Yes,DSL,Yes,Yes,No,No,Yes,No,Month-to-month,Yes,Bank transfer (automatic),69.4,3058.3,0,Loyal(2-4yr),5,1,72.81666666666668,11.566666666666668,1,0
Male,No,Yes,Yes,68,No,No phone service,DSL,Yes,Yes,No,No,Yes,No,One year,No,Mailed check,44.8,2983.65,0,VIP(4yr+),3,1,43.87720588235294,11.2,0,1
Male,No,Yes,No,4,No,No phone service,DSL,No,Yes,No,No,Yes,Yes,Month-to-month,Yes,Electronic check,48.55,201.0,1,New(0-12mo),3,1,50.25,12.1375,1,0
Male,No,Yes,No,24,No,No phone service,DSL,No,No,Yes,No,No,No,Month-to-month,No,Electronic check,29.1,688.0,0,Established(1-2yr),1,1,28.666666666666668,14.55,1,0
Male,No,No,No,21,Yes,Yes,Fiber optic,No,No,No,No,No,Yes,Month-to-month,Yes,Electronic check,84.1,1737.45,0,Established(1-2yr),3,1,82.7357142857143,21.025,1,0
Male,No,Yes,Yes,4,Yes,No,No,No internet service,No internet service,No internet service,No internet service,No internet service,No internet service,Two year,No,Mailed check,19.9,76.65,0,New(0-12mo),1,0,19.1625,9.95,0,2
Male,No,Yes,Yes,50,Yes,No,DSL,Yes,No,No,Yes,Yes,Yes,One year,No,Electronic check,75.5,4025.6,0,VIP(4yr+),5,1,80.512,12.583333333333334,0,1
Male,No,No,No,2,Yes,No,Fiber optic,No,No,Yes,No,Yes,Yes,Month-to-month,No,Electronic check,94.95,178.1,1,New(0-12mo),4,1,89.05,18.990000000000002,1,0
Female,No,Yes,No,71,Yes,No,DSL,Yes,Yes,Yes,Yes,Yes,Yes,Two year,Yes,Credit card (automatic),84.4,5969.3,0,VIP(4yr+),7,1,84.07464788732395,10.55,0,2
Female,Yes,No,No,22,Yes,No,DSL,Yes,No,Yes,Yes,No,Yes,Month-to-month,Yes,Mailed check,69.75,1545.4,0,Established(1-2yr),5,1,70.24545454545455,11.625,1,0
Male,No,No,No,1,Yes,Yes,Fiber optic,No,No,No,No,No,No,Month-to-month,Yes,Electronic check,75.1,75.1,0,New(0-12mo),2,1,75.1,25.03333333333333,1,0
Female,No,Yes,No,56,Yes,Yes,Fiber optic,No,Yes,Yes,Yes,No,No,Month-to-month,No,Electronic check,90.55,5116.6,0,VIP(4yr+),5,1,91.36785714285715,15.091666666666667,1,0
Female,No,No,No,35,Yes,No,No,No internet service,No internet service,No internet service,No internet service,No internet service,No internet service,Month-to-month,No,Bank transfer (automatic),19.25,617.65,0,Loyal(2-4yr),1,0,17.647142857142857,9.625,1,0
Male,Yes,Yes,No,41,Yes,Yes,Fiber optic,No,No,Yes,No,Yes,Yes,Month-to-month,Yes,Electronic check,99.8,4259.3,1,Loyal(2-4yr),5,1,103.88536585365854,16.633333333333333,1,0
Female,No,Yes,Yes,34,Yes,No,No,No internet service,No internet service,No internet service,No internet service,No internet service,No internet service,Month-to-month,No,Mailed check,20.65,716.4,0,Loyal(2-4yr),1,0,21.070588235294117,10.325,1,0
Female,No,Yes,No,71,Yes,Yes,DSL,Yes,Yes,Yes,Yes,Yes,Yes,Two year,No,Credit card (automatic),89.3,6388.65,0,VIP(4yr+),8,1,89.98098591549295,9.922222222222222,0,2
Male,No,Yes,No,50,Yes,Yes,Fiber optic,Yes,Yes,No,No,No,Yes,Month-to-month,Yes,Credit card (automatic),94.4,4914.9,0,VIP(4yr+),5,1,98.29799999999999,15.733333333333334,1,0
Female,No,Yes,No,68,Yes,No,DSL,Yes,Yes,No,Yes,Yes,Yes,Two year,Yes,Bank transfer (automatic),79.6,5515.8,0,VIP(4yr+),6,1,81.11470588235295,11.37142857142857,0,2
Female,No,No,No,63,Yes,No,Fiber optic,No,No,Yes,Yes,Yes,No,One year,Yes,Credit card (automatic),90.05,5817.0,0,VIP(4yr+),4,1,92.33333333333333,18.009999999999998,0,1
Female,No,Yes,No,55,Yes,No,No,No internet service,No internet service,No internet service,No internet service,No internet service,No internet service,One year,No,Electronic check,19.7,1140.05,0,VIP(4yr+),1,0,20.728181818181817,9.85,0,1
Male,No,No,No,1,Yes,No,Fiber optic,No,No,No,No,Yes,No,Month-to-month,Yes,Electronic check,80.55,80.55,0,New(0-12mo),2,1,80.55,26.849999999999998,1,0
Female,Yes,No,No,72,Yes,Yes,Fiber optic,Yes,Yes,No,Yes,Yes,Yes,Two year,Yes,Bank transfer (automatic),110.1,7746.7,0,VIP(4yr+),7,1,107.59305555555555,13.7625,0,2
Male,No,Yes,No,65,Yes,Yes,DSL,Yes,No,Yes,Yes,No,Yes,Two year,No,Bank transfer (automatic),76.15,4929.55,0,VIP(4yr+),6,1,75.83923076923077,10.87857142857143,0,2
Male,No,No,No,1,Yes,No,No,No internet service,No internet service,No internet service,No internet service,No internet service,No internet service,Month-to-month,No,Mailed check,20.3,20.3,0,New(0-12mo),1,0,20.3,10.15,1,0
Male,No,Yes,Yes,72,No,No phone service,DSL,Yes,Yes,Yes,No,No,No,Two year,No,Credit card (automatic),38.5,2763.0,0,VIP(4yr+),3,1,38.375,9.625,0,2
Male,No,Yes,Yes,72,Yes,Yes,DSL,Yes,No,Yes,Yes,Yes,Yes,Two year,Yes,Credit card (automatic),83.55,6093.3,0,VIP(4yr+),7,1,84.62916666666666,10.44375,0,2
Male,No,No,No,59,No,No phone service,DSL,No,No,No,Yes,Yes,Yes,Month-to-month,Yes,Electronic check,51.7,3005.8,0,VIP(4yr+),3,1,50.94576271186441,12.925,1,0
Female,No,No,No,30,No,No phone service,DSL,No,No,No,Yes,No,Yes,One year,Yes,Credit card (automatic),40.35,1187.05,0,Loyal(2-4yr),2,1,39.568333333333335,13.450000000000001,0,1
Male,No,No,Yes,1,No,No phone service,DSL,No,No,No,No,No,No,Month-to-month,Yes,Electronic check,24.7,24.7,0,New(0-12mo),0,1,24.7,24.7,1,0
Male,No,No,Yes,12,Yes,No,No,No internet service,No internet service,No internet service,No internet service,No internet service,No internet service,Month-to-month,No,Credit card (automatic),21.05,235.8,0,New(0-12mo),1,0,19.650000000000002,10.525,1,0
Male,No,Yes,No,37,Yes,Yes,DSL,Yes,No,Yes,No,Yes,Yes,One year,No,Mailed check,79.25,2911.8,0,Loyal(2-4yr),6,1,78.6972972972973,11.321428571428571,0,1
Female,Yes,No,No,1,Yes,No,Fiber optic,No,No,No,No,No,No,Month-to-month,Yes,Electronic check,71.15,71.15,1,New(0-12mo),1,1,71.15,35.575,1,0
Male,No,No,No,7,Yes,No,DSL,No,No,No,No,Yes,No,Month-to-month,No,Mailed check,54.85,370.4,0,New(0-12mo),2,1,52.91428571428571,18.283333333333335,1,0
Female,No,No,No,44,No,No phone service,DSL,No,No,Yes,No,Yes,Yes,One year,Yes,Electronic check,49.05,2265.0,0,Loyal(2-4yr),3,1,51.47727272727273,12.2625,0,1
Male,No,Yes,Yes,19,Yes,Yes,Fiber optic,No,No,No,Yes,Yes,Yes,One year,Yes,Electronic check,100.95,1875.55,1,Established(1-2yr),5,1,98.71315789473684,16.825,0,1
Male,No,Yes,Yes,31,Yes,No,No,No internet service,No internet service,No internet service,No internet service,No internet service,No internet service,Month-to-month,Yes,Electronic check,20.65,702.05,0,Loyal(2-4yr),1,0,22.646774193548385,10.325,1,0
Female,No,Yes,No,44,Yes,Yes,Fiber optic,No,No,No,No,Yes,Yes,Month-to-month,Yes,Electronic check,96.1,4364.1,1,Loyal(2-4yr),4,1,99.18409090909091,19.22,1,0
Male,No,Yes,Yes,59,No,No phone service,DSL,Yes,No,Yes,No,No,No,One year,No,Mailed check,34.8,1980.3,0,VIP(4yr+),2,1,33.56440677966101,11.6,0,1
Female,No,No,No,17,Yes,No,No,No internet service,No internet service,No internet service,No internet service,No internet service,No internet service,One year,No,Mailed check,20.15,353.65,0,Established(1-2yr),1,0,20.802941176470586,10.075,0,1
Female,No,Yes,No,12,Yes,No,DSL,Yes,No,No,Yes,No,No,Month-to-month,No,Bank transfer (automatic),54.2,690.5,0,New(0-12mo),3,1,57.541666666666664,13.55,1,0
Female,No,Yes,Yes,62,Yes,No,DSL,Yes,No,Yes,Yes,Yes,No,One year,Yes,Bank transfer (automatic),70.75,4263.45,0,VIP(4yr+),5,1,68.76532258064516,11.791666666666666,0,1
Female,No,No,No,17,Yes,No,No,No internet service,No internet service,No internet service,No internet service,No internet service,No internet service,One year,No,Mailed check,19.55,280.85,0,Established(1-2yr),1,0,16.52058823529412,9.775,0,1
Male,No,Yes,Yes,19,Yes,No,No,No internet service,No internet service,No internet service,No internet service,No internet service,No internet service,One year,No,Mailed check,19.9,357.7,0,Established(1-2yr),1,0,18.826315789473682,9.95,0,1
Male,No,Yes,Yes,67,Yes,No,No,No internet service,No internet service,No internet service,No internet service,No internet service,No internet service,Two year,Yes,Credit card (automatic),19.4,1284.2,0,VIP(4yr+),1,0,19.16716417910448,9.7,0,2
Female,Yes,Yes,No,1,Yes,No,No,No internet service,No internet service,No internet service,No internet service,No internet service,No internet service,Month-to-month,Yes,Mailed check,20.85,20.85,1,New(0-12mo),1,0,20.85,10.425,1,0
Female,Yes,Yes,No,22,Yes,Yes,DSL,Yes,Yes,No,Yes,No,No,Month-to-month,Yes,Mailed check,63.55,1381.8,0,Established(1-2yr),5,1,62.809090909090905,10.591666666666667,1,0
Male,No,Yes,No,12,Yes,No,No,No internet service,No internet service,No internet service,No internet service,No internet service,No internet service,One year,No,Bank transfer (automatic),19.8,202.25,0,New(0-12mo),1,0,16.854166666666668,9.9,0,1
Male,No,No,No,54,No,No phone service,DSL,Yes,No,No,Yes,Yes,No,Two year,No,Credit card (automatic),45.2,2460.55,0,VIP(4yr+),3,1,45.56574074074074,11.3,0,2
Male,No,Yes,Yes,15,Yes,No,Fiber optic,Yes,No,No,Yes,Yes,Yes,One year,No,Electronic check,101.9,1667.25,0,Established(1-2yr),5,1,111.15,16.983333333333334,0,1
Female,No,No,No,3,No,No phone service,DSL,No,Yes,No,No,Yes,Yes,Month-to-month,Yes,Electronic check,50.6,155.35,1,New(0-12mo),3,1,51.78333333333333,12.65,1,0
Male,Yes,Yes,No,50,Yes,Yes,Fiber optic,Yes,Yes,Yes,No,Yes,No,One year,Yes,Bank transfer (automatic),101.9,5265.5,0,VIP(4yr+),6,1,105.31,14.557142857142859,0,1
Male,No,Yes,Yes,11,Yes,No,DSL,No,No,Yes,No,Yes,No,Month-to-month,Yes,Bank transfer (automatic),59.65,683.25,0,New(0-12mo),3,1,62.11363636363637,14.9125,1,0
Female,Yes,Yes,Yes,12,No,No phone service,DSL,No,No,No,Yes,No,No,Month-to-month,Yes,Mailed check,29.3,355.9,0,New(0-12mo),1,1,29.65833333333333,14.65,1,0
Male,No,Yes,Yes,9,Yes,Yes,Fiber optic,No,Yes,Yes,No,Yes,Yes,Month-to-month,Yes,Credit card (automatic),102.6,897.75,0,New(0-12mo),6,1,99.75,14.657142857142857,1,0
Male,No,Yes,Yes,7,No,No phone service,DSL,Yes,No,No,Yes,No,No,Month-to-month,Yes,Electronic check,34.5,279.25,1,New(0-12mo),2,1,39.892857142857146,11.5,1,0
Female,No,Yes,No,46,Yes,No,DSL,Yes,Yes,No,Yes,No,Yes,One year,No,Mailed check,70.6,3231.05,0,Loyal(2-4yr),5,1,70.24021739130436,11.766666666666666,0,1
Male,No,Yes,No,65,Yes,Yes,Fiber optic,Yes,No,Yes,No,Yes,Yes,Month-to-month,Yes,Electronic check,104.25,6812.95,0,VIP(4yr+),6,1,104.81461538461538,14.892857142857142,1,0
Male,No,No,Yes,36,Yes,No,Fiber optic,No,Yes,No,No,Yes,Yes,Month-to-month,Yes,Electronic check,94.7,3512.5,0,Loyal(2-4yr),4,1,97.56944444444444,18.94,1,0
Male,No,Yes,Yes,63,Yes,No,DSL,Yes,Yes,Yes,Yes,Yes,No,Two year,No,Credit card (automatic),74.5,4674.55,0,VIP(4yr+),6,1,74.19920634920635,10.642857142857142,0,2
Male,No,No,No,17,Yes,No,No,No internet service,No internet service,No internet service,No internet service,No internet service,No internet service,Two year,No,Mailed check,19.15,343.45,0,Established(1-2yr),1,0,20.20294117647059,9.575,0,2
Female,No,No,No,72,Yes,Yes,Fiber optic,Yes,Yes,Yes,Yes,Yes,Yes,Two year,Yes,Credit card (automatic),112.75,8192.6,0,VIP(4yr+),8,1,113.78611111111111,12.527777777777779,0,2
Female,No,No,No,18,Yes,No,Fiber optic,No,Yes,Yes,No,No,No,Month-to-month,No,Electronic check,77.8,1358.6,0,Established(1-2yr),3,1,75.47777777777777,19.45,1,0
Female,No,Yes,Yes,72,Yes,Yes,Fiber optic,Yes,Yes,Yes,Yes,Yes,Yes,Two year,No,Credit card (automatic),117.5,8670.1,0,VIP(4yr+),8,1,120.41805555555555,13.055555555555555,0,2
Female,Yes,Yes,Yes,72,Yes,Yes,DSL,Yes,Yes,Yes,Yes,Yes,Yes,Two year,Yes,Credit card (automatic),89.55,6448.85,0,VIP(4yr+),8,1,89.56736111111111,9.95,0,2
Male,No,Yes,No,29,Yes,Yes,Fiber optic,Yes,Yes,No,No,No,No,Month-to-month,Yes,Electronic check,84.45,2467.1,1,Loyal(2-4yr),4,1,85.07241379310345,16.89,1,0
Male,No,No,No,5,Yes,No,Fiber optic,No,No,No,Yes,Yes,Yes,Month-to-month,Yes,Electronic check,96.1,453.4,1,New(0-12mo),4,1,90.67999999999999,19.22,1,0
Female,Yes,Yes,No,60,Yes,Yes,Fiber optic,No,No,Yes,No,Yes,Yes,One year,Yes,Credit card (automatic),100.5,6029.0,0,VIP(4yr+),5,1,100.48333333333333,16.75,0,1
Male,Yes,No,No,57,Yes,Yes,Fiber optic,No,Yes,No,Yes,Yes,Yes,Month-to-month,Yes,Bank transfer (automatic),104.9,5913.95,0,VIP(4yr+),6,1,103.75350877192982,14.985714285714286,1,0
Female,No,No,No,8,Yes,No,DSL,No,Yes,No,Yes,Yes,No,Month-to-month,Yes,Electronic check,65.45,554.45,0,New(0-12mo),4,1,69.30625,13.09,1,0
Female,No,Yes,Yes,9,Yes,Yes,DSL,No,Yes,No,No,No,No,Month-to-month,Yes,Mailed check,55.3,501.2,0,New(0-12mo),3,1,55.68888888888889,13.825,1,0
Male,No,Yes,No,27,Yes,No,No,No internet service,No internet service,No internet service,No internet service,No internet service,No internet service,Two year,No,Bank transfer (automatic),19.55,520.55,0,Loyal(2-4yr),1,0,19.27962962962963,9.775,0,2
Female,No,No,No,50,Yes,No,No,No internet service,No internet service,No internet service,No internet service,No internet service,No internet service,Two year,No,Credit card (automatic),19.4,1023.95,0,VIP(4yr+),1,0,20.479,9.7,0,2
Female,No,Yes,No,67,Yes,Yes,Fiber optic,No,Yes,Yes,Yes,Yes,Yes,One year,Yes,Credit card (automatic),109.7,7344.45,0,VIP(4yr+),7,1,109.6186567164179,13.7125,0,1
Male,No,No,No,1,Yes,No,DSL,Yes,No,No,No,No,No,Month-to-month,No,Electronic check,49.75,49.75,0,New(0-12mo),2,1,49.75,16.583333333333332,1,0
Male,No,No,No,51,Yes,No,Fiber optic,Yes,No,No,No,Yes,No,One year,No,Mailed check,86.35,4267.15,0,VIP(4yr+),3,1,83.66960784313724,21.5875,0,1
Male,No,No,Yes,53,Yes,No,No,No internet service,No internet service,No internet service,No internet service,No internet service,No internet service,Two year,No,Bank transfer (automatic),19.75,1052.35,1,VIP(4yr+),1,0,19.85566037735849,9.875,0,2
Female,Yes,Yes,No,25,Yes,No,Fiber optic,No,Yes,Yes,No,No,Yes,Month-to-month,No,Bank transfer (automatic),88.4,2191.15,0,Loyal(2-4yr),4,1,87.646,17.68,1,0
Female,No,No,No,11,Yes,No,DSL,Yes,No,Yes,No,No,Yes,Month-to-month,No,Bank transfer (automatic),64.05,733.95,0,New(0-12mo),4,1,66.72272727272728,12.809999999999999,1,0
Male,No,No,No,71,No,No phone service,DSL,Yes,Yes,Yes,Yes,Yes,No,Two year,No,Bank transfer (automatic),53.95,3888.65,0,VIP(4yr+),5,1,54.76971830985916,8.991666666666667,0,2
Male,No,No,No,10,Yes,No,Fiber optic,No,No,Yes,No,Yes,Yes,Month-to-month,Yes,Electronic check,94.9,1048.85,1,New(0-12mo),4,1,104.88499999999999,18.98,1,0
Male,No,Yes,Yes,25,Yes,Yes,DSL,No,No,No,Yes,No,No,One year,Yes,Mailed check,55.1,1466.1,0,Loyal(2-4yr),3,1,58.644,13.775,0,1
Female,No,Yes,Yes,68,Yes,No,No,No internet service,No internet service,No internet service,No internet service,No internet service,No internet service,Two year,Yes,Bank transfer (automatic),19.35,1292.65,0,VIP(4yr+),1,0,19.009558823529414,9.675,0,2
Female,No,Yes,No,2,Yes,No,Fiber optic,No,No,No,No,No,No,Month-to-month,Yes,Electronic check,70.35,120.25,0,New(0-12mo),1,1,60.125,35.175,1,0
Female,Yes,No,No,9,Yes,Yes,Fiber optic,No,No,No,No,No,Yes,Month-to-month,Yes,Electronic check,84.45,762.5,1,New(0-12mo),3,1,84.72222222222223,21.1125,1,0
Female,No,No,No,46,Yes,Yes,DSL,Yes,No,Yes,No,Yes,Yes,Two year,No,Mailed check,79.2,3593.8,0,Loyal(2-4yr),6,1,78.12608695652175,11.314285714285715,0,2
Female,Yes,No,No,46,Yes,No,Fiber optic,No,Yes,No,No,Yes,Yes,One year,No,Credit card (automatic),95.25,4424.2,1,Loyal(2-4yr),4,1,96.17826086956521,19.05,0,1
Male,No,Yes,No,47,Yes,Yes,Fiber optic,No,Yes,Yes,Yes,Yes,Yes,Month-to-month,Yes,Electronic check,109.55,5124.55,1,Loyal(2-4yr),7,1,109.03297872340426,13.69375,1,0
Female,No,Yes,Yes,18,Yes,No,No,No internet service,No internet service,No internet service,No internet service,No internet service,No internet service,Month-to-month,No,Mailed check,20.45,357.0,0,Established(1-2yr),1,0,19.833333333333332,10.225,1,0
Female,No,No,Yes,16,Yes,Yes,Fiber optic,No,No,No,Yes,No,No,One year,Yes,Credit card (automatic),79.5,1264.2,0,Established(1-2yr),3,1,79.0125,19.875,0,1
Male,Yes,No,No,24,Yes,Yes,DSL,No,Yes,No,No,No,No,Month-to-month,No,Credit card (automatic),54.8,1291.3,0,Established(1-2yr),3,1,53.80416666666667,13.7,1,0
Male,Yes,No,No,67,Yes,Yes,Fiber optic,No,No,Yes,No,Yes,Yes,Month-to-month,Yes,Credit card (automatic),101.4,6841.05,0,VIP(4yr+),5,1,102.10522388059702,16.900000000000002,1,0
Female,No,No,No,5,Yes,No,No,No internet service,No internet service,No internet service,No internet service,No internet service,No internet service,Month-to-month,No,Mailed check,19.95,109.6,0,New(0-12mo),1,0,21.919999999999998,9.975,1,0
Female,No,Yes,Yes,19,Yes,Yes,No,No internet service,No internet service,No internet service,No internet service,No internet service,No internet service,Two year,Yes,Bank transfer (automatic),24.9,467.7,0,Established(1-2yr),2,0,24.61578947368421,8.299999999999999,0,2
Female,No,Yes,No,44,Yes,Yes,Fiber optic,Yes,Yes,Yes,Yes,No,No,Month-to-month,Yes,Credit card (automatic),95.1,4060.55,0,Loyal(2-4yr),6,1,92.28522727272728,13.585714285714285,1,0
Male,No,No,No,55,Yes,No,Fiber optic,Yes,Yes,No,No,Yes,Yes,One year,Yes,Mailed check,100.9,5552.05,0,VIP(4yr+),5,1,100.94636363636364,16.816666666666666,0,1
Female,No,Yes,No,41,No,No phone service,DSL,No,Yes,No,Yes,No,No,One year,No,Mailed check,35.45,1391.65,0,Loyal(2-4yr),2,1,33.94268292682927,11.816666666666668,0,1
Male,No,No,No,1,Yes,Yes,Fiber optic,No,No,No,No,No,No,Month-to-month,Yes,Electronic check,75.3,75.3,1,New(0-12mo),2,1,75.3,25.099999999999998,1,0
Male,Yes,No,No,17,Yes,No,Fiber optic,No,Yes,Yes,No,Yes,Yes,Month-to-month,Yes,Electronic check,101.8,1752.45,0,Established(1-2yr),5,1,103.08529411764707,16.966666666666665,1,0
Female,No,No,No,53,Yes,Yes,Fiber optic,Yes,Yes,Yes,No,Yes,No,One year,No,Mailed check,98.6,5311.85,0,VIP(4yr+),6,1,100.22358490566039,14.085714285714285,0,1
Male,No,Yes,No,64,Yes,No,Fiber optic,Yes,No,No,No,No,No,Month-to-month,Yes,Mailed check,73.55,4764.0,0,VIP(4yr+),2,1,74.4375,24.516666666666666,1,0
Male,No,No,No,1,Yes,No,DSL,No,No,No,No,No,No,Month-to-month,Yes,Electronic check,42.9,42.9,1,New(0-12mo),1,1,42.9,21.45,1,0
Male,No,No,No,35,Yes,No,No,No internet service,No internet service,No internet service,No internet service,No internet service,No internet service,Two year,No,Bank transfer (automatic),21.45,705.45,0,Loyal(2-4yr),1,0,20.155714285714286,10.725,0,2
Male,No,No,No,26,Yes,Yes,Fiber optic,Yes,Yes,No,No,No,No,Month-to-month,Yes,Credit card (automatic),86.65,2208.75,0,Loyal(2-4yr),4,1,84.95192307692308,17.330000000000002,1,0
Female,No,Yes,No,40,Yes,Yes,Fiber optic,Yes,No,Yes,No,Yes,Yes,One year,No,Bank transfer (automatic),105.75,4228.55,0,Loyal(2-4yr),6,1,105.71375,15.107142857142858,0,1
Female,No,No,No,1,Yes,Yes,Fiber optic,No,No,No,No,No,No,Month-to-month,Yes,Electronic check,75.1,75.1,1,New(0-12mo),2,1,75.1,25.03333333333333,1,0
Male,No,No,No,55,Yes,No,DSL,No,Yes,No,Yes,No,Yes,One year,Yes,Electronic check,64.2,3627.3,0,VIP(4yr+),4,1,65.9509090909091,12.84,0,1
Male,Yes,No,No,2,Yes,No,DSL,Yes,No,No,No,No,No,Month-to-month,Yes,Electronic check,49.25,91.1,1,New(0-12mo),2,1,45.55,16.416666666666668,1,0
Female,No,Yes,No,72,Yes,Yes,Fiber optic,No,Yes,Yes,Yes,Yes,Yes,One year,Yes,Bank transfer (automatic),108.5,8003.8,0,VIP(4yr+),7,1,111.16388888888889,13.5625,0,1
Male,No,No,Yes,23,Yes,No,DSL,No,Yes,No,Yes,No,No,Month-to-month,No,Electronic check,54.15,1312.45,0,Established(1-2yr),3,1,57.06304347826087,13.5375,1,0
Male,No,No,No,67,Yes,No,No,No internet service,No internet service,No internet service,No internet service,No internet service,No internet service,One year,Yes,Mailed check,19.45,1195.95,0,VIP(4yr+),1,0,17.85,9.725,0,1
Male,No,No,No,5,No,No phone service,DSL,No,No,No,No,No,No,Month-to-month,No,Mailed check,24.3,100.2,0,New(0-12mo),0,1,20.04,24.3,1,0
Male,No,Yes,Yes,71,Yes,Yes,Fiber optic,No,Yes,Yes,No,Yes,Yes,Two year,Yes,Bank transfer (automatic),106.0,7723.7,1,VIP(4yr+),6,1,108.78450704225352,15.142857142857142,0,2
Male,No,Yes,No,47,Yes,No,DSL,No,Yes,Yes,No,Yes,Yes,Two year,No,Electronic check,73.6,3522.65,0,Loyal(2-4yr),5,1,74.95,12.266666666666666,0,2
Female,No,Yes,Yes,6,Yes,No,DSL,No,No,No,No,Yes,No,Month-to-month,No,Electronic check,54.85,355.1,0,New(0-12mo),2,1,59.18333333333334,18.283333333333335,1,0
Male,No,No,No,1,Yes,No,DSL,No,No,No,No,No,No,Month-to-month,Yes,Mailed check,45.05,45.05,1,New(0-12mo),1,1,45.05,22.525,1,0
Male,No,Yes,Yes,7,Yes,No,No,No internet service,No internet service,No internet service,No internet service,No internet service,No internet service,Month-to-month,Yes,Bank transfer (automatic),20.25,174.7,0,New(0-12mo),1,0,24.957142857142856,10.125,1,0
Male,No,Yes,Yes,56,Yes,Yes,DSL,Yes,Yes,No,Yes,No,Yes,Two year,Yes,Credit card (automatic),75.85,4261.2,0,VIP(4yr+),6,1,76.09285714285714,10.835714285714285,0,2
Female,No,Yes,No,71,No,No phone service,DSL,Yes,Yes,Yes,Yes,No,No,Two year,Yes,Bank transfer (automatic),47.6,3377.8,0,VIP(4yr+),4,1,47.57464788732395,9.52,0,2
Female,No,No,No,2,Yes,No,Fiber optic,No,No,No,No,No,Yes,Month-to-month,No,Electronic check,80.55,184.1,1,New(0-12mo),2,1,92.05,26.849999999999998,1,0
Female,No,Yes,No,2,Yes,No,Fiber optic,No,No,No,No,No,No,Month-to-month,Yes,Credit card (automatic),70.4,154.8,0,New(0-12mo),1,1,77.4,35.2,1,0
Male,No,Yes,No,49,Yes,No,Fiber optic,No,No,Yes,Yes,Yes,Yes,One year,Yes,Credit card (automatic),99.25,4920.8,0,VIP(4yr+),5,1,100.42448979591838,16.541666666666668,0,1
Male,No,No,No,31,Yes,Yes,DSL,No,Yes,No,Yes,Yes,No,Month-to-month,Yes,Electronic check,71.05,2168.15,0,Loyal(2-4yr),5,1,69.94032258064516,11.841666666666667,1,0
Male,No,No,No,8,Yes,Yes,DSL,No,No,No,No,Yes,No,Month-to-month,Yes,Electronic check,59.25,436.6,0,New(0-12mo),3,1,54.575,14.8125,1,0
Male,No,Yes,Yes,58,Yes,No,DSL,No,Yes,No,Yes,Yes,Yes,One year,Yes,Credit card (automatic),75.2,4300.8,0,VIP(4yr+),5,1,74.15172413793104,12.533333333333333,0,1
Male,No,No,No,1,Yes,Yes,DSL,No,No,Yes,No,No,No,Month-to-month,No,Electronic check,54.35,54.35,1,New(0-12mo),3,1,54.35,13.5875,1,0
Male,No,Yes,Yes,9,Yes,No,Fiber optic,No,Yes,No,Yes,Yes,Yes,Month-to-month,Yes,Electronic check,101.5,906.85,0,New(0-12mo),5,1,100.76111111111112,16.916666666666668,1,0
Male,No,No,Yes,13,Yes,No,DSL,No,No,No,No,Yes,Yes,Month-to-month,No,Credit card (automatic),66.4,831.75,0,Established(1-2yr),3,1,63.98076923076923,16.6,1,0
Female,No,No,No,3,Yes,No,DSL,Yes,Yes,No,No,No,No,Month-to-month,No,Electronic check,55.35,165.2,1,New(0-12mo),3,1,55.06666666666666,13.8375,1,0
Male,No,Yes,Yes,59,Yes,No,DSL,No,Yes,Yes,Yes,Yes,Yes,One year,No,Credit card (automatic),76.75,4541.9,0,VIP(4yr+),6,1,76.98135593220339,10.964285714285714,0,1
Male,No,Yes,Yes,1,Yes,No,Fiber optic,No,No,No,No,No,No,Month-to-month,Yes,Electronic check,68.5,68.5,1,New(0-12mo),1,1,68.5,34.25,1,0
Male,Yes,Yes,No,72,Yes,Yes,Fiber optic,No,Yes,No,No,Yes,Yes,Two year,No,Bank transfer (automatic),98.35,6929.4,0,VIP(4yr+),5,1,96.24166666666666,16.391666666666666,0,2
Female,No,No,No,5,Yes,No,No,No internet service,No internet service,No internet service,No internet service,No internet service,No internet service,One year,No,Electronic check,19.55,99.6,0,New(0-12mo),1,0,19.919999999999998,9.775,0,1
Female,No,No,No,40,Yes,No,DSL,Yes,Yes,No,No,Yes,No,Month-to-month,No,Mailed check,65.1,2586.0,0,Loyal(2-4yr),4,1,64.65,13.02,1,0
Female,No,Yes,Yes,64,Yes,Yes,No,No internet service,No internet service,No internet service,No internet service,No internet service,No internet service,Two year,Yes,Mailed check,24.05,1559.15,0,VIP(4yr+),2,0,24.36171875,8.016666666666667,0,2
Female,No,No,Yes,50,Yes,No,No,No internet service,No internet service,No internet service,No internet service,No internet service,No internet service,Two year,No,Credit card (automatic),20.15,970.85,0,VIP(4yr+),1,0,19.417,10.075,0,2
Female,Yes,No,No,56,Yes,Yes,Fiber optic,Yes,Yes,Yes,No,Yes,Yes,One year,No,Electronic check,110.5,6139.5,0,VIP(4yr+),7,1,109.63392857142857,13.8125,0,1
Male,No,No,No,19,Yes,No,Fiber optic,No,Yes,No,No,No,No,Month-to-month,Yes,Credit card (automatic),73.85,1424.5,1,Established(1-2yr),2,1,74.97368421052632,24.616666666666664,1,0
Male,Yes,No,No,8,Yes,No,Fiber optic,No,No,No,No,No,No,Month-to-month,Yes,Electronic check,69.7,572.85,0,New(0-12mo),1,1,71.60625,34.85,1,0
Male,No,No,No,42,Yes,Yes,Fiber optic,No,Yes,No,No,Yes,Yes,Month-to-month,Yes,Electronic check,101.75,4273.45,1,Loyal(2-4yr),5,1,101.74880952380951,16.958333333333332,1,0
Female,No,No,No,39,No,No phone service,DSL,Yes,Yes,No,Yes,No,No,One year,Yes,Bank transfer (automatic),40.3,1630.4,0,Loyal(2-4yr),3,1,41.805128205128206,10.075,0,1
Female,No,Yes,No,64,Yes,Yes,No,No internet service,No internet service,No internet service,No internet service,No internet service,No internet service,Two year,No,Credit card (automatic),25.0,1584.8,0,VIP(4yr+),2,0,24.7625,8.333333333333334,0,2
Female,No,Yes,Yes,52,Yes,Yes,Fiber optic,No,No,Yes,No,Yes,Yes,One year,No,Bank transfer (automatic),101.25,5301.1,0,VIP(4yr+),5,1,101.94423076923077,16.875,0,1
Male,No,Yes,Yes,72,Yes,Yes,Fiber optic,Yes,Yes,Yes,Yes,No,Yes,One year,Yes,Credit card (automatic),104.9,7537.5,0,VIP(4yr+),7,1,104.6875,13.1125,0,1
Male,No,No,No,67,No,No phone service,DSL,Yes,No,No,Yes,Yes,No,Two year,No,Electronic check,43.9,3097.2,0,VIP(4yr+),3,1,46.22686567164179,10.975,0,2
Female,No,No,No,18,Yes,Yes,Fiber optic,No,Yes,No,No,Yes,No,Month-to-month,Yes,Credit card (automatic),90.0,1527.35,1,Established(1-2yr),4,1,84.85277777777777,18.0,1,0
Female,Yes,No,No,57,Yes,Yes,Fiber optic,Yes,No,Yes,Yes,No,Yes,Two year,No,Credit card (automatic),101.3,5779.6,0,VIP(4yr+),6,1,101.39649122807018,14.471428571428572,0,2
Female,No,No,No,1,Yes,No,No,No internet service,No internet service,No internet service,No internet service,No internet service,No internet service,Month-to-month,Yes,Bank transfer (automatic),20.2,20.2,1,New(0-12mo),1,0,20.2,10.1,1,0
Female,No,No,No,14,Yes,No,DSL,No,No,No,Yes,No,Yes,One year,No,Credit card (automatic),59.1,772.85,0,Established(1-2yr),3,1,55.20357142857143,14.775,0,1
Female,No,No,No,67,Yes,No,No,No internet service,No internet service,No internet service,No internet service,No internet service,No internet service,One year,No,Electronic check,20.55,1343.4,0,VIP(4yr+),1,0,20.050746268656717,10.275,0,1
Female,No,Yes,Yes,46,Yes,No,Fiber optic,No,No,Yes,Yes,No,Yes,One year,No,Bank transfer (automatic),90.95,4236.6,0,Loyal(2-4yr),4,1,92.10000000000001,18.19,0,1
Male,No,No,No,19,Yes,No,No,No internet service,No internet service,No internet service,No internet service,No internet service,No internet service,One year,No,Mailed check,18.8,279.2,0,Established(1-2yr),1,0,14.694736842105263,9.4,0,1
Female,No,No,No,46,Yes,Yes,Fiber optic,Yes,Yes,No,No,No,No,Month-to-month,No,Mailed check,84.25,3847.6,0,Loyal(2-4yr),4,1,83.64347826086956,16.85,1,0
Female,No,No,No,27,Yes,No,No,No internet service,No internet service,No internet service,No internet service,No internet service,No internet service,One year,No,Mailed check,19.15,501.35,0,Loyal(2-4yr),1,0,18.56851851851852,9.575,0,1
Female,No,Yes,No,6,Yes,No,DSL,No,No,No,Yes,No,No,Month-to-month,Yes,Electronic check,49.15,270.8,1,New(0-12mo),2,1,45.13333333333333,16.383333333333333,1,0
Female,No,No,No,29,No,No phone service,DSL,No,No,No,Yes,No,No,Month-to-month,Yes,Electronic check,31.2,926.2,0,Loyal(2-4yr),1,1,31.93793103448276,15.6,1,0
Male,No,No,No,13,Yes,No,No,No internet service,No internet service,No internet service,No internet service,No internet service,No internet service,One year,Yes,Electronic check,19.95,253.8,0,Established(1-2yr),1,0,19.523076923076925,9.975,0,1
Male,No,No,No,1,Yes,No,DSL,No,No,No,No,No,No,Month-to-month,No,Mailed check,45.6,45.6,0,New(0-12mo),1,1,45.6,22.8,1,0
Female,No,Yes,Yes,65,Yes,Yes,Fiber optic,No,Yes,Yes,Yes,Yes,Yes,Two year,Yes,Credit card (automatic),110.8,7245.9,0,VIP(4yr+),7,1,111.47538461538461,13.85,0,2
Female,Yes,No,No,1,Yes,No,Fiber optic,No,No,No,No,No,No,Month-to-month,Yes,Electronic check,69.6,69.6,1,New(0-12mo),1,1,69.6,34.8,1,0
Female,No,No,No,43,Yes,No,Fiber optic,No,Yes,Yes,No,Yes,No,Month-to-month,Yes,Electronic check,91.65,3954.1,0,Loyal(2-4yr),4,1,91.95581395348837,18.330000000000002,1,0
Female,No,Yes,Yes,28,Yes,Yes,DSL,No,No,No,No,No,No,Month-to-month,No,Mailed check,49.9,1410.25,0,Loyal(2-4yr),2,1,50.36607142857143,16.633333333333333,1,0
Male,No,No,No,53,Yes,No,DSL,No,No,Yes,No,No,Yes,One year,Yes,Electronic check,61.1,3357.9,0,VIP(4yr+),3,1,63.35660377358491,15.275,0,1
Male,No,No,No,43,Yes,Yes,Fiber optic,No,No,No,No,Yes,Yes,One year,No,Mailed check,94.35,3921.3,0,Loyal(2-4yr),4,1,91.19302325581396,18.869999999999997,0,1
Female,Yes,Yes,No,48,Yes,No,Fiber optic,No,No,No,No,No,No,Month-to-month,Yes,Bank transfer (automatic),70.65,3545.05,0,Loyal(2-4yr),1,1,73.85520833333334,35.325,1,0
Female,No,No,No,48,Yes,Yes,Fiber optic,No,Yes,Yes,No,Yes,Yes,Month-to-month,Yes,Bank transfer (automatic),107.4,5121.3,1,Loyal(2-4yr),6,1,106.69375000000001,15.342857142857143,1,0
Male,No,No,No,24,Yes,No,DSL,Yes,Yes,No,Yes,No,No,Month-to-month,No,Bank transfer (automatic),60.45,1440.75,0,Established(1-2yr),4,1,60.03125,12.09,1,0
Female,No,No,No,2,Yes,No,DSL,No,No,No,No,No,No,Month-to-month,No,Electronic check,44.45,82.7,0,New(0-12mo),1,1,41.35,22.225,1,0
Female,No,Yes,Yes,66,Yes,No,DSL,Yes,Yes,No,Yes,No,No,Two year,Yes,Credit card (automatic),58.2,3810.8,0,VIP(4yr+),4,1,57.73939393939394,11.64,0,2
Male,No,Yes,No,56,Yes,Yes,Fiber optic,No,Yes,No,No,Yes,Yes,One year,No,Credit card (automatic),100.3,5614.45,1,VIP(4yr+),5,1,100.25803571428571,16.716666666666665,0,1
Male,No,Yes,Yes,63,No,No phone service,DSL,Yes,Yes,Yes,No,Yes,Yes,Two year,No,Electronic check,59.0,3707.6,0,VIP(4yr+),5,1,58.85079365079365,9.833333333333334,0,2
Female,No,Yes,Yes,61,Yes,No,No,No internet service,No internet service,No internet service,No internet service,No internet service,No internet service,Two year,No,Credit card (automatic),19.75,1311.6,0,VIP(4yr+),1,0,21.501639344262294,9.875,0,2
Female,No,No,Yes,14,Yes,No,DSL,No,No,Yes,No,Yes,No,Month-to-month,Yes,Credit card (automatic),59.8,824.85,0,Established(1-2yr),3,1,58.917857142857144,14.95,1,0
Female,No,Yes,No,72,Yes,Yes,Fiber optic,Yes,Yes,Yes,No,Yes,Yes,Two year,Yes,Credit card (automatic),110.65,8065.65,0,VIP(4yr+),7,1,112.02291666666666,13.83125,0,2
Female,No,No,No,47,Yes,No,No,No internet service,No internet service,No internet service,No internet service,No internet service,No internet service,Two year,No,Credit card (automatic),20.25,1029.8,0,Loyal(2-4yr),1,0,21.91063829787234,10.125,0,2
Female,Yes,No,No,56,Yes,Yes,Fiber optic,Yes,Yes,No,No,No,Yes,Month-to-month,Yes,Electronic check,96.85,5219.65,0,VIP(4yr+),5,1,93.20803571428571,16.141666666666666,1,0
Female,No,No,No,36,Yes,Yes,DSL,No,Yes,No,Yes,No,Yes,One year,Yes,Mailed check,70.7,2511.95,0,Loyal(2-4yr),5,1,69.77638888888889,11.783333333333333,0,1
Female,No,Yes,Yes,49,Yes,No,DSL,No,Yes,Yes,No,Yes,Yes,One year,No,Credit card (automatic),78.0,3824.2,0,VIP(4yr+),5,1,78.04489795918367,13.0,0,1
Male,No,Yes,Yes,68,Yes,Yes,Fiber optic,Yes,Yes,No,No,No,No,One year,Yes,Bank transfer (automatic),85.5,5696.6,0,VIP(4yr+),4,1,83.77352941176471,17.1,0,1
Male,No,Yes,No,71,Yes,Yes,DSL,Yes,Yes,No,Yes,No,No,Two year,No,Bank transfer (automatic),65.15,4681.75,0,VIP(4yr+),5,1,65.94014084507042,10.858333333333334,0,2
Female,No,No,No,35,Yes,Yes,No,No internet service,No internet service,No internet service,No internet service,No internet service,No internet service,Two year,No,Bank transfer (automatic),23.3,797.1,0,Loyal(2-4yr),2,0,22.774285714285714,7.766666666666667,0,2
Female,No,Yes,Yes,12,No,No phone service,DSL,No,No,No,Yes,No,No,One year,No,Credit card (automatic),30.25,368.85,0,New(0-12mo),1,1,30.7375,15.125,0,1
Male,No,No,No,23,Yes,No,Fiber optic,Yes,No,Yes,No,Yes,Yes,One year,Yes,Credit card (automatic),99.95,2292.75,0,Established(1-2yr),5,1,99.68478260869566,16.658333333333335,0,1
Female,Yes,No,No,35,Yes,No,Fiber optic,No,No,No,No,No,No,Month-to-month,No,Electronic check,70.55,2419.0,0,Loyal(2-4yr),1,1,69.11428571428571,35.275,1,0
Male,No,Yes,Yes,25,Yes,No,No,No internet service,No internet service,No internet service,No internet service,No internet service,No internet service,One year,No,Electronic check,19.9,505.45,0,Loyal(2-4yr),1,0,20.218,9.95,0,1
Female,Yes,Yes,Yes,68,No,No phone service,DSL,No,Yes,Yes,No,Yes,Yes,Two year,Yes,Electronic check,53.0,3656.25,0,VIP(4yr+),4,1,53.768382352941174,10.6,0,2
Male,No,Yes,No,40,Yes,No,DSL,No,Yes,No,No,No,No,Month-to-month,Yes,Mailed check,50.15,2058.5,0,Loyal(2-4yr),2,1,51.4625,16.716666666666665,1,0
Female,No,Yes,Yes,33,Yes,Yes,Fiber optic,No,No,No,No,No,Yes,Month-to-month,No,Credit card (automatic),86.15,2745.7,1,Loyal(2-4yr),3,1,83.2030303030303,21.5375,1,0
Male,Yes,Yes,No,45,Yes,Yes,Fiber optic,No,Yes,Yes,Yes,Yes,No,One year,Yes,Bank transfer (automatic),98.7,4525.8,0,Loyal(2-4yr),6,1,100.57333333333334,14.1,0,1
Female,No,Yes,No,2,No,No phone service,DSL,No,No,No,No,Yes,Yes,Month-to-month,No,Electronic check,44.6,97.1,1,New(0-12mo),2,1,48.55,14.866666666666667,1,0
Male,No,No,No,1,Yes,No,No,No internet service,No internet service,No internet service,No internet service,No internet service,No internet service,Month-to-month,No,Mailed check,20.4,20.4,0,New(0-12mo),1,0,20.4,10.2,1,0
Female,No,No,No,43,Yes,Yes,Fiber optic,Yes,Yes,Yes,Yes,Yes,Yes,Two year,No,Credit card (automatic),115.05,4895.1,0,Loyal(2-4yr),8,1,113.83953488372094,12.783333333333333,0,2
Male,Yes,Yes,Yes,66,Yes,Yes,Fiber optic,No,Yes,Yes,Yes,Yes,Yes,One year,Yes,Electronic check,108.45,7076.35,0,VIP(4yr+),7,1,107.21742424242424,13.55625,0,1
Female,Yes,Yes,No,43,Yes,Yes,Fiber optic,No,No,Yes,Yes,Yes,Yes,One year,Yes,Electronic check,107.55,4533.9,1,Loyal(2-4yr),6,1,105.43953488372092,15.364285714285714,0,1
Male,No,Yes,Yes,23,Yes,Yes,DSL,No,Yes,No,Yes,No,No,Two year,No,Mailed check,59.7,1414.2,0,Established(1-2yr),4,1,61.48695652173913,11.940000000000001,0,2
Male,No,Yes,No,61,No,No phone service,DSL,Yes,No,Yes,Yes,Yes,Yes,Two year,Yes,Mailed check,62.15,3778.85,0,VIP(4yr+),5,1,61.9483606557377,10.358333333333333,0,2
Male,No,No,No,16,Yes,Yes,DSL,No,Yes,Yes,No,No,Yes,Month-to-month,Yes,Bank transfer (automatic),71.4,1212.1,0,Established(1-2yr),5,1,75.75625,11.9,1,0
Male,Yes,No,No,1,Yes,Yes,Fiber optic,No,No,No,No,Yes,Yes,Month-to-month,Yes,Electronic check,93.55,93.55,1,New(0-12mo),4,1,93.55,18.71,1,0
Male,No,No,No,18,Yes,No,No,No internet service,No internet service,No internet service,No internet service,No internet service,No internet service,One year,No,Mailed check,20.1,401.85,0,Established(1-2yr),1,0,22.325000000000003,10.05,0,1
Male,No,Yes,Yes,27,Yes,Yes,Fiber optic,No,Yes,No,Yes,No,No,Month-to-month,Yes,Credit card (automatic),85.2,2151.6,0,Loyal(2-4yr),4,1,79.68888888888888,17.04,1,0
Female,No,No,No,46,Yes,Yes,Fiber optic,No,Yes,Yes,No,No,Yes,One year,Yes,Electronic check,94.15,4408.45,0,Loyal(2-4yr),5,1,95.8358695652174,15.691666666666668,0,1
Female,No,Yes,Yes,41,Yes,Yes,Fiber optic,Yes,Yes,Yes,No,No,Yes,One year,Yes,Bank transfer (automatic),101.6,3930.55,0,Loyal(2-4yr),6,1,95.86707317073171,14.514285714285714,0,1
Female,No,No,Yes,12,Yes,No,DSL,No,No,No,No,No,No,Month-to-month,Yes,Electronic check,44.55,480.6,1,New(0-12mo),1,1,40.050000000000004,22.275,1,0
Male,No,No,No,3,Yes,No,DSL,No,Yes,No,No,No,No,Month-to-month,Yes,Mailed check,49.9,130.1,1,New(0-12mo),2,1,43.36666666666667,16.633333333333333,1,0
Male,No,Yes,Yes,23,Yes,No,Fiber optic,Yes,No,No,Yes,Yes,Yes,Month-to-month,Yes,Electronic check,99.85,2331.3,1,Established(1-2yr),5,1,101.3608695652174,16.641666666666666,1,0
Male,No,No,No,24,Yes,Yes,Fiber optic,No,No,Yes,No,Yes,No,Month-to-month,Yes,Mailed check,89.85,2165.05,1,Established(1-2yr),4,1,90.21041666666667,17.97,1,0
Male,No,No,No,72,Yes,Yes,Fiber optic,No,Yes,Yes,Yes,Yes,Yes,Two year,No,Bank transfer (automatic),109.2,7878.3,0,VIP(4yr+),7,1,109.42083333333333,13.65,0,2
Female,Yes,Yes,No,65,Yes,Yes,Fiber optic,Yes,Yes,Yes,No,Yes,Yes,Month-to-month,Yes,Credit card (automatic),109.4,7227.45,0,VIP(4yr+),7,1,111.19153846153846,13.675,1,0
Female,No,No,No,16,Yes,No,Fiber optic,No,Yes,Yes,No,No,Yes,Month-to-month,Yes,Credit card (automatic),93.2,1573.7,1,Established(1-2yr),4,1,98.35625,18.64,1,0
Male,No,No,No,31,Yes,No,Fiber optic,No,No,Yes,Yes,Yes,Yes,Two year,No,Bank transfer (automatic),99.45,3109.9,0,Loyal(2-4yr),5,1,100.31935483870969,16.575,0,2
Male,No,No,No,54,Yes,No,Fiber optic,Yes,Yes,No,Yes,Yes,Yes,One year,Yes,Credit card (automatic),105.4,5643.4,1,VIP(4yr+),6,1,104.5074074074074,15.057142857142859,0,1
Male,No,Yes,Yes,64,Yes,No,No,No internet service,No internet service,No internet service,No internet service,No internet service,No internet service,Two year,Yes,Bank transfer (automatic),19.7,1274.05,0,VIP(4yr+),1,0,19.90703125,9.85,0,2
Female,No,Yes,No,49,Yes,No,No,No internet service,No internet service,No internet service,No internet service,No internet service,No internet service,One year,No,Credit card (automatic),19.0,918.7,0,VIP(4yr+),1,0,18.748979591836736,9.5,0,1
Female,No,No,No,3,Yes,Yes,No,No internet service,No internet service,No internet service,No internet service,No internet service,No internet service,Month-to-month,No,Mailed check,24.6,86.35,0,New(0-12mo),2,0,28.78333333333333,8.200000000000001,1,0
Female,No,No,No,1,Yes,No,No,No internet service,No internet service,No internet service,No internet service,No internet service,No internet service,Month-to-month,Yes,Mailed check,20.15,20.15,1,New(0-12mo),1,0,20.15,10.075,1,0
Male,No,Yes,Yes,69,Yes,No,DSL,Yes,Yes,Yes,No,No,No,Two year,Yes,Bank transfer (automatic),59.75,4069.9,0,VIP(4yr+),4,1,58.984057971014494,11.95,0,2
Male,No,Yes,Yes,22,Yes,No,DSL,No,No,No,Yes,No,No,Month-to-month,Yes,Electronic check,51.1,1232.9,0,Established(1-2yr),2,1,56.040909090909096,17.033333333333335,1,0
Female,No,No,No,54,Yes,No,DSL,Yes,No,Yes,Yes,Yes,Yes,Two year,No,Electronic check,80.6,4299.95,0,VIP(4yr+),6,1,79.6287037037037,11.514285714285714,0,2
Male,No,Yes,Yes,8,Yes,No,No,No internet service,No internet service,No internet service,No internet service,No internet service,No internet service,Month-to-month,Yes,Mailed check,19.35,152.6,0,New(0-12mo),1,0,19.075,9.675,1,0
Female,No,No,No,49,Yes,Yes,DSL,Yes,Yes,No,No,No,No,Month-to-month,Yes,Credit card (automatic),59.75,2934.3,1,VIP(4yr+),4,1,59.88367346938776,11.95,1,0
Male,No,Yes,Yes,39,Yes,Yes,No,No internet service,No internet service,No internet service,No internet service,No internet service,No internet service,Two year,Yes,Mailed check,23.8,903.8,0,Loyal(2-4yr),2,0,23.174358974358974,7.933333333333334,0,2
Female,No,No,No,18,Yes,Yes,DSL,Yes,No,Yes,No,No,No,Month-to-month,Yes,Mailed check,60.6,1156.35,0,Established(1-2yr),4,1,64.24166666666666,12.120000000000001,1,0
Male,No,Yes,No,15,Yes,No,No,No internet service,No internet service,No internet service,No internet service,No internet service,No internet service,One year,No,Mailed check,18.8,294.95,0,Established(1-2yr),1,0,19.663333333333334,9.4,0,1
Male,No,No,Yes,25,Yes,No,Fiber optic,No,Yes,No,No,Yes,Yes,Month-to-month,Yes,Electronic check,95.9,2448.75,1,Loyal(2-4yr),4,1,97.95,19.18,1,0
Female,No,Yes,Yes,26,Yes,No,Fiber optic,No,No,No,No,Yes,Yes,Month-to-month,Yes,Electronic check,90.8,2361.8,1,Loyal(2-4yr),3,1,90.83846153846154,22.7,1,0
Female,No,Yes,No,71,Yes,No,DSL,Yes,Yes,Yes,Yes,Yes,Yes,One year,Yes,Bank transfer (automatic),84.8,6046.1,0,VIP(4yr+),7,1,85.15633802816902,10.6,0,1
Female,No,No,No,72,Yes,No,DSL,Yes,Yes,Yes,Yes,No,Yes,Two year,Yes,Credit card (automatic),73.0,5265.2,0,VIP(4yr+),6,1,73.12777777777778,10.428571428571429,0,2
Male,Yes,No,No,48,Yes,Yes,Fiber optic,No,Yes,No,No,Yes,Yes,One year,Yes,Electronic check,99.0,4744.35,0,Loyal(2-4yr),5,1,98.840625,16.5,0,1
Male,No,No,No,16,Yes,Yes,Fiber optic,No,No,No,Yes,No,Yes,Month-to-month,Yes,Credit card (automatic),89.05,1448.6,1,Established(1-2yr),4,1,90.5375,17.81,1,0
Male,Yes,No,No,33,Yes,Yes,No,No internet service,No internet service,No internet service,No internet service,No internet service,No internet service,One year,Yes,Bank transfer (automatic),24.9,847.8,0,Loyal(2-4yr),2,0,25.690909090909088,8.299999999999999,0,1
Female,No,Yes,Yes,70,Yes,Yes,Fiber optic,Yes,Yes,Yes,Yes,Yes,Yes,Two year,Yes,Bank transfer (automatic),114.2,7723.9,1,VIP(4yr+),8,1,110.34142857142857,12.68888888888889,0,2
Male,No,Yes,No,71,Yes,Yes,Fiber optic,No,Yes,Yes,Yes,Yes,Yes,One year,Yes,Bank transfer (automatic),113.15,7953.25,0,VIP(4yr+),7,1,112.01760563380282,14.14375,0,1
Female,No,No,No,25,Yes,No,DSL,Yes,No,No,Yes,Yes,Yes,Month-to-month,Yes,Credit card (automatic),76.15,1992.95,0,Loyal(2-4yr),5,1,79.718,12.691666666666668,1,0
Female,No,Yes,No,69,Yes,Yes,Fiber optic,No,Yes,Yes,No,No,No,Month-to-month,Yes,Bank transfer (automatic),85.4,5869.4,0,VIP(4yr+),4,1,85.06376811594203,17.080000000000002,1,0
Female,Yes,No,No,8,Yes,No,Fiber optic,No,No,Yes,No,Yes,Yes,Month-to-month,Yes,Electronic check,92.1,729.95,1,New(0-12mo),4,1,91.24375,18.419999999999998,1,0
Female,No,Yes,Yes,31,Yes,No,DSL,Yes,No,Yes,Yes,Yes,Yes,One year,Yes,Mailed check,81.15,2545.75,0,Loyal(2-4yr),6,1,82.12096774193549,11.592857142857143,0,1
Male,No,Yes,No,62,Yes,Yes,Fiber optic,No,No,Yes,Yes,Yes,Yes,Two year,Yes,Bank transfer (automatic),107.6,6912.7,0,VIP(4yr+),6,1,111.49516129032257,15.37142857142857,0,2
Male,No,Yes,No,58,Yes,No,No,No internet service,No internet service,No internet service,No internet service,No internet service,No internet service,Two year,No,Mailed check,20.75,1185.95,0,VIP(4yr+),1,0,20.44741379310345,10.375,0,2
Female,No,No,No,8,Yes,Yes,Fiber optic,No,No,No,No,No,No,Month-to-month,Yes,Electronic check,73.5,632.2,0,New(0-12mo),2,1,79.025,24.5,1,0
Female,No,No,No,38,Yes,No,No,No internet service,No internet service,No internet service,No internet service,No internet service,No internet service,Two year,No,Mailed check,20.05,741.5,0,Loyal(2-4yr),1,0,19.513157894736842,10.025,0,2
Female,No,Yes,No,69,Yes,Yes,No,No internet service,No internet service,No internet service,No internet service,No internet service,No internet service,Two year,Yes,Credit card (automatic),24.95,1718.35,0,VIP(4yr+),2,0,24.903623188405795,8.316666666666666,0,2
Male,No,No,No,1,Yes,No,No,No internet service,No internet service,No internet service,No internet service,No internet service,No internet service,Month-to-month,Yes,Bank transfer (automatic),19.65,19.65,0,New(0-12mo),1,0,19.65,9.825,1,0
Female,No,No,No,39,No,No phone service,DSL,Yes,Yes,No,Yes,No,No,One year,No,Bank transfer (automatic),41.15,1700.9,0,Loyal(2-4yr),3,1,43.61282051282051,10.2875,0,1
Male,No,No,No,1,Yes,No,Fiber optic,No,No,No,No,Yes,Yes,Month-to-month,Yes,Electronic check,89.25,89.25,0,New(0-12mo),3,1,89.25,22.3125,1,0
Female,No,No,No,2,Yes,No,Fiber optic,No,No,No,No,No,No,Month-to-month,No,Electronic check,70.35,139.25,0,New(0-12mo),1,1,69.625,35.175,1,0
Female,Yes,No,No,27,Yes,Yes,Fiber optic,No,Yes,Yes,No,No,No,Month-to-month,Yes,Bank transfer (automatic),86.45,2401.05,0,Loyal(2-4yr),4,1,88.92777777777779,17.29,1,0
Male,No,No,No,2,Yes,No,DSL,No,No,No,No,No,No,Month-to-month,Yes,Bank transfer (automatic),46.6,87.9,0,New(0-12mo),1,1,43.95,23.3,1,0
Male,No,No,Yes,26,No,No phone service,DSL,No,Yes,No,No,Yes,No,One year,Yes,Bank transfer (automatic),39.95,1023.75,0,Loyal(2-4yr),2,1,39.375,13.316666666666668,0,1
Female,No,Yes,Yes,68,Yes,Yes,Fiber optic,Yes,No,Yes,Yes,Yes,Yes,Two year,Yes,Bank transfer (automatic),109.05,7508.55,0,VIP(4yr+),7,1,110.41985294117647,13.63125,0,2
Male,No,Yes,Yes,49,Yes,Yes,Fiber optic,No,No,Yes,No,Yes,Yes,Month-to-month,Yes,Electronic check,99.8,4872.45,1,VIP(4yr+),5,1,99.43775510204081,16.633333333333333,1,0
Female,No,Yes,No,42,Yes,Yes,DSL,No,No,No,No,No,No,Month-to-month,Yes,Electronic check,50.25,2203.65,1,Loyal(2-4yr),2,1,52.46785714285714,16.75,1,0
Male,No,Yes,No,12,Yes,No,Fiber optic,Yes,No,No,Yes,No,No,Month-to-month,No,Bank transfer (automatic),80.85,866.45,1,New(0-12mo),3,1,72.20416666666667,20.2125,1,0
Female,No,Yes,Yes,19,Yes,No,No,No internet service,No internet service,No internet service,No internet service,No internet service,No internet service,Two year,No,Mailed check,20.15,387.7,0,Established(1-2yr),1,0,20.405263157894737,10.075,0,2
Male,No,No,No,64,Yes,Yes,Fiber optic,No,No,Yes,Yes,Yes,Yes,One year,Yes,Credit card (automatic),104.65,6889.8,0,VIP(4yr+),6,1,107.653125,14.950000000000001,0,1
Male,No,No,No,2,Yes,No,Fiber optic,No,No,No,No,No,No,Month-to-month,Yes,Electronic check,67.75,116.65,1,New(0-12mo),1,1,58.325,33.875,1,0
Female,Yes,No,No,31,Yes,Yes,Fiber optic,No,No,No,No,No,No,Month-to-month,Yes,Electronic check,73.9,2217.15,1,Loyal(2-4yr),2,1,71.5209677419355,24.633333333333336,1,0
Male,No,Yes,No,49,Yes,Yes,DSL,Yes,No,Yes,Yes,Yes,Yes,One year,No,Electronic check,84.35,4059.35,1,VIP(4yr+),7,1,82.84387755102041,10.54375,0,1
Female,Yes,No,No,1,Yes,No,No,No internet service,No internet service,No internet service,No internet service,No internet service,No internet service,Month-to-month,Yes,Electronic check,19.45,19.45,1,New(0-12mo),1,0,19.45,9.725,1,0
Male,No,Yes,Yes,34,Yes,No,Fiber optic,No,No,No,No,Yes,No,Month-to-month,No,Electronic check,78.3,2564.3,1,Loyal(2-4yr),2,1,75.42058823529412,26.099999999999998,1,0
Female,No,Yes,No,9,No,No phone service,DSL,No,No,Yes,No,Yes,Yes,Month-to-month,Yes,Electronic check,48.75,442.2,1,New(0-12mo),3,1,49.13333333333333,12.1875,1,0
Male,No,No,No,19,Yes,Yes,Fiber optic,No,No,No,No,No,Yes,Month-to-month,Yes,Bank transfer (automatic),86.0,1532.45,1,Established(1-2yr),3,1,80.65526315789474,21.5,1,0
Male,No,Yes,No,43,Yes,Yes,DSL,Yes,No,Yes,No,Yes,Yes,One year,Yes,Electronic check,80.2,3581.6,0,Loyal(2-4yr),6,1,83.29302325581395,11.457142857142857,0,1
Male,No,No,No,1,Yes,No,DSL,No,No,No,No,No,No,Month-to-month,No,Electronic check,44.0,44.0,0,New(0-12mo),1,1,44.0,22.0,1,0
Male,No,Yes,Yes,8,Yes,No,DSL,Yes,No,No,No,No,No,Month-to-month,Yes,Credit card (automatic),51.3,411.6,0,New(0-12mo),2,1,51.45,17.099999999999998,1,0
Male,No,No,No,26,Yes,No,Fiber optic,No,No,Yes,Yes,Yes,Yes,Month-to-month,Yes,Electronic check,98.65,2537.0,0,Loyal(2-4yr),5,1,97.57692307692308,16.441666666666666,1,0
Male,No,Yes,Yes,35,Yes,No,No,No internet service,No internet service,No internet service,No internet service,No internet service,No internet service,Two year,No,Mailed check,19.6,686.95,0,Loyal(2-4yr),1,0,19.627142857142857,9.8,0,2
Male,No,Yes,No,1,Yes,No,DSL,Yes,No,Yes,No,No,No,Month-to-month,No,Mailed check,55.7,55.7,0,New(0-12mo),3,1,55.7,13.925,1,0
Male,No,Yes,No,35,Yes,Yes,DSL,No,Yes,No,Yes,Yes,No,One year,Yes,Electronic check,69.0,2441.7,0,Loyal(2-4yr),5,1,69.76285714285714,11.5,0,1
Male,No,Yes,Yes,72,Yes,Yes,Fiber optic,Yes,No,Yes,No,Yes,Yes,Two year,No,Bank transfer (automatic),105.25,7609.75,0,VIP(4yr+),6,1,105.69097222222223,15.035714285714286,0,2
Male,No,Yes,No,46,No,No phone service,DSL,Yes,No,Yes,Yes,No,No,Two year,No,Credit card (automatic),40.4,1842.7,0,Loyal(2-4yr),3,1,40.05869565217392,10.1,0,2
Female,No,No,No,1,Yes,No,Fiber optic,No,Yes,No,No,No,No,Month-to-month,Yes,Electronic check,75.7,75.7,1,New(0-12mo),2,1,75.7,25.233333333333334,1,0
Male,No,Yes,No,42,Yes,Yes,Fiber optic,No,No,Yes,Yes,Yes,Yes,One year,Yes,Electronic check,108.3,4586.15,0,Loyal(2-4yr),6,1,109.19404761904761,15.471428571428572,0,1
Female,No,No,No,41,Yes,No,No,No internet service,No internet service,No internet service,No internet service,No internet service,No internet service,Two year,No,Mailed check,20.65,835.15,0,Loyal(2-4yr),1,0,20.36951219512195,10.325,0,2
Female,No,No,No,45,Yes,No,Fiber optic,Yes,Yes,No,No,Yes,Yes,One year,Yes,Electronic check,100.3,4483.95,0,Loyal(2-4yr),5,1,99.64333333333333,16.716666666666665,0,1
Male,Yes,Yes,No,64,Yes,No,Fiber optic,Yes,No,Yes,No,No,No,One year,No,Credit card (automatic),80.3,5017.7,0,VIP(4yr+),3,1,78.4015625,20.075,0,1
Female,No,No,No,63,Yes,Yes,DSL,Yes,Yes,Yes,Yes,Yes,No,Two year,Yes,Credit card (automatic),79.85,4861.45,0,VIP(4yr+),7,1,77.16587301587302,9.98125,0,2
Male,No,No,No,7,Yes,Yes,No,No internet service,No internet service,No internet service,No internet service,No internet service,No internet service,Month-to-month,Yes,Bank transfer (automatic),25.05,152.95,0,New(0-12mo),2,0,21.849999999999998,8.35,1,0
Male,No,No,Yes,1,Yes,No,DSL,No,No,No,No,No,No,Month-to-month,No,Electronic check,44.0,44.0,0,New(0-12mo),1,1,44.0,22.0,1,0
Male,No,Yes,Yes,61,Yes,No,No,No internet service,No internet service,No internet service,No internet service,No internet service,No internet service,One year,No,Mailed check,20.4,1226.45,0,VIP(4yr+),1,0,20.105737704918035,10.2,0,1
Female,No,No,No,18,Yes,Yes,DSL,No,No,No,No,No,No,Month-to-month,Yes,Electronic check,50.3,913.3,0,Established(1-2yr),2,1,50.73888888888889,16.766666666666666,1,0
Female,No,Yes,Yes,58,Yes,Yes,DSL,No,Yes,No,No,Yes,No,Month-to-month,Yes,Bank transfer (automatic),66.8,3970.4,0,VIP(4yr+),4,1,68.45517241379311,13.36,1,0
Female,No,No,No,43,No,No phone service,DSL,No,No,Yes,No,Yes,Yes,Month-to-month,Yes,Bank transfer (automatic),49.05,2076.2,1,Loyal(2-4yr),3,1,48.283720930232555,12.2625,1,0
Male,No,Yes,Yes,9,Yes,No,Fiber optic,No,No,Yes,Yes,Yes,Yes,Month-to-month,No,Electronic check,103.1,970.45,0,New(0-12mo),5,1,107.82777777777778,17.183333333333334,1,0
Male,No,No,No,64,Yes,Yes,Fiber optic,No,Yes,Yes,No,Yes,Yes,Two year,Yes,Bank transfer (automatic),104.4,6692.65,0,VIP(4yr+),6,1,104.57265625,14.914285714285715,0,2
Male,No,Yes,No,12,Yes,No,DSL,No,No,Yes,Yes,Yes,Yes,Month-to-month,Yes,Electronic check,74.15,741.4,0,New(0-12mo),5,1,61.78333333333333,12.358333333333334,1,0
Male,No,Yes,Yes,72,Yes,Yes,Fiber optic,No,No,Yes,No,No,Yes,Two year,Yes,Credit card (automatic),90.8,6511.8,0,VIP(4yr+),4,1,90.44166666666666,18.16,0,2
Female,No,No,No,27,Yes,Yes,Fiber optic,No,No,No,No,Yes,Yes,Month-to-month,Yes,Bank transfer (automatic),95.6,2595.25,0,Loyal(2-4yr),4,1,96.12037037037037,19.119999999999997,1,0
Male,No,No,Yes,24,No,No phone service,DSL,Yes,No,No,Yes,No,No,Two year,No,Mailed check,35.75,830.8,0,Established(1-2yr),2,1,34.61666666666667,11.916666666666666,0,2
Female,Yes,Yes,Yes,34,Yes,Yes,Fiber optic,No,Yes,No,No,No,No,Month-to-month,Yes,Mailed check,79.6,2718.3,1,Loyal(2-4yr),3,1,79.95,19.9,1,0
Female,No,Yes,No,68,Yes,Yes,Fiber optic,Yes,Yes,No,No,No,No,Two year,Yes,Bank transfer (automatic),84.7,5711.05,0,VIP(4yr+),4,1,83.9860294117647,16.94,0,2
Male,No,Yes,No,61,Yes,Yes,DSL,Yes,No,Yes,No,No,Yes,Two year,Yes,Mailed check,69.9,4226.7,0,VIP(4yr+),5,1,69.29016393442623,11.65,0,2
Male,No,No,No,66,Yes,No,DSL,Yes,Yes,No,No,No,No,One year,Yes,Mailed check,54.8,3465.7,0,VIP(4yr+),3,1,52.51060606060606,13.7,0,1
Male,No,No,No,44,Yes,No,No,No internet service,No internet service,No internet service,No internet service,No internet service,No internet service,Two year,No,Credit card (automatic),20.4,905.55,0,Loyal(2-4yr),1,0,20.580681818181816,10.2,0,2
Male,No,No,No,57,No,No phone service,DSL,No,No,Yes,Yes,Yes,Yes,Two year,No,Credit card (automatic),53.35,3090.05,0,VIP(4yr+),4,1,54.21140350877193,10.67,0,2
Female,No,No,No,6,Yes,No,No,No internet service,No internet service,No internet service,No internet service,No internet service,No internet service,Month-to-month,No,Mailed check,20.2,123.65,0,New(0-12mo),1,0,20.608333333333334,10.1,1,0
Male,No,Yes,No,51,Yes,Yes,Fiber optic,Yes,Yes,No,No,No,Yes,One year,Yes,Credit card (automatic),96.4,4911.05,0,VIP(4yr+),5,1,96.29509803921569,16.066666666666666,0,1
Female,No,Yes,No,54,Yes,No,No,No internet service,No internet service,No internet service,No internet service,No internet service,No internet service,Two year,No,Credit card (automatic),20.05,1102.4,0,VIP(4yr+),1,0,20.414814814814818,10.025,0,2
Male,No,No,No,19,Yes,No,DSL,No,No,No,Yes,Yes,No,Month-to-month,Yes,Credit card (automatic),61.55,1093.2,0,Established(1-2yr),3,1,57.53684210526316,15.3875,1,0
Male,No,Yes,Yes,70,Yes,Yes,Fiber optic,Yes,Yes,No,No,Yes,No,Month-to-month,Yes,Credit card (automatic),97.55,6669.05,0,VIP(4yr+),5,1,95.27214285714285,16.258333333333333,1,0
Male,No,No,No,12,Yes,Yes,DSL,No,No,Yes,No,Yes,Yes,Month-to-month,No,Bank transfer (automatic),74.75,827.05,0,New(0-12mo),5,1,68.92083333333333,12.458333333333334,1,0
Female,No,No,No,36,No,No phone service,DSL,No,Yes,No,Yes,No,No,Month-to-month,Yes,Bank transfer (automatic),34.85,1267.2,0,Loyal(2-4yr),2,1,35.2,11.616666666666667,1,0
Female,No,Yes,Yes,37,Yes,No,DSL,Yes,Yes,No,No,Yes,Yes,One year,No,Bank transfer (automatic),75.1,2658.8,0,Loyal(2-4yr),5,1,71.85945945945946,12.516666666666666,0,1
Female,Yes,No,No,13,Yes,Yes,Fiber optic,No,No,No,No,Yes,Yes,Month-to-month,Yes,Electronic check,95.05,1290.0,1,Established(1-2yr),4,1,99.23076923076923,19.009999999999998,1,0
Male,No,Yes,Yes,72,Yes,Yes,DSL,Yes,Yes,Yes,No,No,No,Two year,No,Credit card (automatic),64.45,4720.0,0,VIP(4yr+),5,1,65.55555555555556,10.741666666666667,0,2
Male,No,Yes,Yes,53,Yes,No,No,No internet service,No internet service,No internet service,No internet service,No internet service,No internet service,One year,No,Credit card (automatic),20.2,1068.15,0,VIP(4yr+),1,0,20.15377358490566,10.1,0,1
Female,No,Yes,Yes,1,Yes,No,Fiber optic,No,No,No,No,No,No,Month-to-month,Yes,Mailed check,69.1,69.1,1,New(0-12mo),1,1,69.1,34.55,1,0
Female,No,No,No,31,Yes,No,No,No internet service,No internet service,No internet service,No internet service,No internet service,No internet service,Two year,No,Credit card (automatic),20.9,689.35,0,Loyal(2-4yr),1,0,22.23709677419355,10.45,0,2
Female,No,Yes,Yes,41,Yes,Yes,Fiber optic,Yes,Yes,No,No,Yes,No,Month-to-month,Yes,Bank transfer (automatic),94.3,3893.6,0,Loyal(2-4yr),5,1,94.96585365853659,15.716666666666667,1,0
Female,No,Yes,No,46,Yes,No,DSL,No,Yes,No,Yes,Yes,No,Two year,Yes,Credit card (automatic),64.2,3009.5,0,Loyal(2-4yr),4,1,65.42391304347827,12.84,0,2
Male,No,Yes,No,58,Yes,No,DSL,Yes,Yes,Yes,No,No,No,One year,No,Credit card (automatic),60.3,3563.8,1,VIP(4yr+),4,1,61.4448275862069,12.059999999999999,0,1
Male,No,Yes,No,59,Yes,No,DSL,Yes,Yes,Yes,No,Yes,No,One year,No,Credit card (automatic),66.4,3958.2,0,VIP(4yr+),5,1,67.08813559322033,11.066666666666668,0,1
Male,No,No,No,10,Yes,Yes,Fiber optic,No,Yes,No,No,No,No,Month-to-month,No,Electronic check,79.85,797.25,0,New(0-12mo),3,1,79.725,19.9625,1,0
Female,No,Yes,Yes,34,Yes,Yes,Fiber optic,No,No,Yes,No,Yes,No,Month-to-month,No,Electronic check,87.45,2874.15,1,Loyal(2-4yr),4,1,84.53382352941176,17.490000000000002,1,0
Male,No,Yes,Yes,51,Yes,No,DSL,Yes,No,No,Yes,Yes,Yes,One year,Yes,Bank transfer (automatic),76.4,3966.3,0,VIP(4yr+),5,1,77.77058823529413,12.733333333333334,0,1
Male,No,Yes,No,62,Yes,Yes,No,No internet service,No internet service,No internet service,No internet service,No internet service,No internet service,One year,Yes,Credit card (automatic),23.75,1446.8,0,VIP(4yr+),2,0,23.335483870967742,7.916666666666667,0,1
Male,No,No,No,42,Yes,Yes,No,No internet service,No internet service,No internet service,No internet service,No internet service,No internet service,One year,No,Electronic check,25.05,949.85,0,Loyal(2-4yr),2,0,22.61547619047619,8.35,0,1
Female,No,No,No,16,Yes,Yes,Fiber optic,No,No,No,No,No,No,Month-to-month,No,Electronic check,72.65,1194.3,1,Established(1-2yr),2,1,74.64375,24.21666666666667,1,0
Male,No,Yes,Yes,53,Yes,No,DSL,Yes,Yes,No,Yes,Yes,No,Two year,Yes,Mailed check,69.7,3729.6,0,VIP(4yr+),5,1,70.36981132075472,11.616666666666667,0,2
Female,No,Yes,Yes,51,Yes,Yes,Fiber optic,No,No,No,Yes,No,No,Month-to-month,Yes,Electronic check,80.75,4116.9,0,VIP(4yr+),3,1,80.7235294117647,20.1875,1,0
Male,No,No,No,1,Yes,Yes,DSL,No,No,No,No,No,No,Month-to-month,Yes,Credit card (automatic),49.8,49.8,0,New(0-12mo),2,1,49.8,16.599999999999998,1,0
Female,No,Yes,Yes,69,Yes,No,No,No internet service,No internet service,No internet service,No internet service,No internet service,No internet service,Two year,No,Mailed check,19.4,1346.2,0,VIP(4yr+),1,0,19.51014492753623,9.7,0,2
Female,No,No,No,30,Yes,No,DSL,Yes,No,No,No,No,No,Month-to-month,Yes,Mailed check,48.8,1536.75,0,Loyal(2-4yr),2,1,51.225,16.266666666666666,1,0
Male,No,Yes,No,13,Yes,Yes,Fiber optic,No,No,Yes,No,Yes,Yes,Month-to-month,Yes,Credit card (automatic),102.25,1359.0,1,Established(1-2yr),5,1,104.53846153846153,17.041666666666668,1,0
Female,No,Yes,No,48,Yes,No,DSL,No,Yes,Yes,No,No,Yes,One year,Yes,Electronic check,65.65,3094.65,0,Loyal(2-4yr),4,1,64.471875,13.13,0,1
Female,No,No,Yes,9,Yes,No,DSL,No,No,Yes,Yes,Yes,Yes,Month-to-month,Yes,Mailed check,72.9,651.4,1,New(0-12mo),5,1,72.37777777777778,12.15,1,0
Male,No,No,No,52,Yes,Yes,Fiber optic,Yes,No,Yes,Yes,Yes,Yes,Two year,Yes,Electronic check,109.3,5731.4,0,VIP(4yr+),7,1,110.21923076923076,13.6625,0,2
Female,No,No,Yes,1,Yes,No,Fiber optic,No,No,No,No,Yes,Yes,Month-to-month,Yes,Electronic check,89.35,89.35,0,New(0-12mo),3,1,89.35,22.3375,1,0
Female,No,No,No,41,Yes,Yes,DSL,No,Yes,No,No,No,No,One year,Yes,Credit card (automatic),56.3,2364.0,0,Loyal(2-4yr),3,1,57.65853658536585,14.075,0,1
Female,No,No,No,52,Yes,No,DSL,Yes,No,Yes,Yes,No,No,One year,No,Credit card (automatic),57.95,3042.25,0,VIP(4yr+),4,1,58.50480769230769,11.59,0,1
Female,No,No,No,54,Yes,Yes,Fiber optic,No,Yes,Yes,Yes,Yes,Yes,Month-to-month,No,Electronic check,111.1,6014.85,1,VIP(4yr+),7,1,111.38611111111112,13.8875,1,0
Male,Yes,Yes,No,67,Yes,No,DSL,Yes,Yes,No,Yes,No,No,One year,Yes,Bank transfer (automatic),60.95,4119.4,0,VIP(4yr+),4,1,61.483582089552236,12.190000000000001,0,1
Female,No,Yes,Yes,14,Yes,No,Fiber optic,No,No,No,No,No,No,Month-to-month,No,Electronic check,70.2,1046.5,0,Established(1-2yr),1,1,74.75,35.1,1,0
Female,No,Yes,Yes,72,Yes,Yes,No,No internet service,No internet service,No internet service,No internet service,No internet service,No internet service,One year,Yes,Bank transfer (automatic),23.3,1623.15,0,VIP(4yr+),2,0,22.543750000000003,7.766666666666667,0,1
Female,No,No,No,4,Yes,Yes,Fiber optic,No,Yes,No,Yes,No,Yes,Month-to-month,Yes,Electronic check,93.5,362.2,1,New(0-12mo),5,1,90.55,15.583333333333334,1,0
Female,No,Yes,Yes,47,Yes,No,No,No internet service,No internet service,No internet service,No internet service,No internet service,No internet service,Two year,No,Bank transfer (automatic),19.3,890.5,0,Loyal(2-4yr),1,0,18.9468085106383,9.65,0,2
Male,Yes,Yes,No,32,Yes,Yes,Fiber optic,No,Yes,Yes,No,No,Yes,Month-to-month,Yes,Electronic check,93.5,2970.8,0,Loyal(2-4yr),5,1,92.8375,15.583333333333334,1,0
Male,No,Yes,Yes,12,Yes,No,DSL,Yes,No,No,No,No,No,Month-to-month,Yes,Electronic check,49.2,571.15,0,New(0-12mo),2,1,47.59583333333333,16.400000000000002,1,0
Female,Yes,No,No,8,Yes,No,Fiber optic,No,No,Yes,No,Yes,Yes,Month-to-month,Yes,Credit card (automatic),94.45,742.95,1,New(0-12mo),4,1,92.86875,18.89,1,0
Male,No,No,No,9,Yes,No,No,No internet service,No internet service,No internet service,No internet service,No internet service,No internet service,Month-to-month,No,Mailed check,20.4,181.8,0,New(0-12mo),1,0,20.200000000000003,10.2,1,0
Female,No,No,No,1,Yes,No,DSL,No,No,No,No,No,No,Month-to-month,Yes,Electronic check,45.3,45.3,1,New(0-12mo),1,1,45.3,22.65,1,0
Female,No,Yes,Yes,72,Yes,No,DSL,Yes,Yes,Yes,Yes,No,Yes,Two year,Yes,Electronic check,74.35,5237.4,0,VIP(4yr+),6,1,72.74166666666666,10.62142857142857,0,2
Female,No,Yes,No,53,Yes,Yes,Fiber optic,No,Yes,Yes,Yes,Yes,Yes,One year,Yes,Bank transfer (automatic),108.95,5718.2,0,VIP(4yr+),7,1,107.89056603773585,13.61875,0,1
Female,No,Yes,No,70,Yes,Yes,DSL,Yes,No,Yes,Yes,No,No,Two year,No,Credit card (automatic),65.3,4759.75,1,VIP(4yr+),5,1,67.99642857142857,10.883333333333333,0,2
Male,No,No,No,16,Yes,No,No,No internet service,No internet service,No internet service,No internet service,No internet service,No internet service,Two year,No,Mailed check,19.75,284.35,0,Established(1-2yr),1,0,17.771875,9.875,0,2
Female,No,No,Yes,70,Yes,Yes,DSL,Yes,Yes,No,Yes,No,No,Two year,No,Electronic check,66.0,4891.5,0,VIP(4yr+),5,1,69.87857142857143,11.0,0,2
Female,No,No,No,11,Yes,No,DSL,No,No,No,Yes,Yes,Yes,Month-to-month,No,Mailed check,70.5,829.3,0,New(0-12mo),4,1,75.39090909090909,14.1,1,0
Female,No,No,No,9,Yes,No,DSL,No,Yes,No,Yes,Yes,No,Month-to-month,No,Mailed check,66.25,620.55,1,New(0-12mo),4,1,68.94999999999999,13.25,1,0
Female,No,Yes,No,16,No,No phone service,DSL,No,No,No,Yes,Yes,Yes,Month-to-month,Yes,Electronic check,49.95,810.2,1,Established(1-2yr),3,1,50.6375,12.4875,1,0
Male,No,Yes,No,61,Yes,Yes,Fiber optic,No,Yes,Yes,No,Yes,Yes,Month-to-month,Yes,Electronic check,105.55,6281.45,1,VIP(4yr+),6,1,102.97459016393442,15.078571428571427,1,0
Male,No,No,No,2,Yes,No,No,No internet service,No internet service,No internet service,No internet service,No internet service,No internet service,Month-to-month,Yes,Electronic check,19.65,31.2,0,New(0-12mo),1,0,15.6,9.825,1,0
Male,No,Yes,No,70,Yes,No,Fiber optic,Yes,Yes,No,Yes,No,No,Two year,No,Bank transfer (automatic),84.6,5706.2,0,VIP(4yr+),4,1,81.51714285714286,16.919999999999998,0,2
Male,Yes,No,No,1,Yes,Yes,Fiber optic,No,No,No,No,No,No,Month-to-month,Yes,Electronic check,74.4,74.4,1,New(0-12mo),2,1,74.4,24.8,1,0
Female,No,Yes,Yes,11,Yes,Yes,DSL,No,No,No,Yes,No,Yes,Month-to-month,Yes,Electronic check,66.35,740.8,1,New(0-12mo),4,1,67.34545454545454,13.27,1,0
Male,No,Yes,Yes,55,Yes,No,No,No internet service,No internet service,No internet service,No internet service,No internet service,No internet service,One year,No,Mailed check,19.5,1026.35,0,VIP(4yr+),1,0,18.66090909090909,9.75,0,1
Male,No,Yes,Yes,7,Yes,No,No,No internet service,No internet service,No internet service,No internet service,No internet service,No internet service,Month-to-month,No,Mailed check,20.25,144.35,0,New(0-12mo),1,0,20.62142857142857,10.125,1,0
Male,No,No,No,3,Yes,No,No,No internet service,No internet service,No internet service,No internet service,No internet service,No internet service,One year,Yes,Mailed check,19.45,69.25,0,New(0-12mo),1,0,23.083333333333332,9.725,0,1
Male,No,Yes,No,18,Yes,Yes,Fiber optic,No,No,No,No,No,No,Month-to-month,Yes,Electronic check,73.15,1305.95,0,Established(1-2yr),2,1,72.55277777777778,24.383333333333336,1,0
Male,No,Yes,Yes,50,Yes,Yes,Fiber optic,No,Yes,No,Yes,Yes,Yes,Month-to-month,No,Electronic check,103.7,5071.05,1,VIP(4yr+),6,1,101.421,14.814285714285715,1,0
Male,No,No,No,10,Yes,No,DSL,Yes,No,No,Yes,Yes,No,Month-to-month,No,Bank transfer (automatic),62.25,612.95,0,New(0-12mo),4,1,61.295,12.45,1,0
Male,No,Yes,Yes,16,Yes,No,No,No internet service,No internet service,No internet service,No internet service,No internet service,No internet service,Two year,No,Mailed check,20.5,290.55,0,Established(1-2yr),1,0,18.159375,10.25,0,2
Male,Yes,Yes,No,35,Yes,Yes,Fiber optic,No,No,Yes,No,No,No,One year,Yes,Bank transfer (automatic),81.6,2815.25,0,Loyal(2-4yr),3,1,80.43571428571428,20.4,0,1
Female,No,No,No,30,Yes,Yes,Fiber optic,No,No,Yes,No,Yes,Yes,Month-to-month,No,Electronic check,100.45,3096.9,0,Loyal(2-4yr),5,1,103.23,16.741666666666667,1,0
Female,No,No,No,21,Yes,No,DSL,Yes,Yes,No,Yes,Yes,No,Two year,No,Credit card (automatic),71.05,1524.85,0,Established(1-2yr),5,1,72.61190476190475,11.841666666666667,0,2
Female,No,No,No,9,Yes,Yes,Fiber optic,No,No,Yes,No,Yes,Yes,Month-to-month,No,Credit card (automatic),98.3,923.5,1,New(0-12mo),5,1,102.61111111111111,16.383333333333333,1,0
Male,No,Yes,Yes,47,Yes,No,Fiber optic,Yes,Yes,Yes,No,No,Yes,One year,Yes,Electronic check,96.1,4391.45,0,Loyal(2-4yr),5,1,93.43510638297872,16.016666666666666,0,1
Male,No,No,No,28,Yes,Yes,Fiber optic,No,Yes,Yes,No,Yes,Yes,Month-to-month,Yes,Electronic check,105.7,2979.5,1,Loyal(2-4yr),6,1,106.41071428571429,15.1,1,0
Male,No,Yes,Yes,26,Yes,No,No,No internet service,No internet service,No internet service,No internet service,No internet service,No internet service,Two year,Yes,Credit card (automatic),19.15,515.75,0,Loyal(2-4yr),1,0,19.83653846153846,9.575,0,2
Female,No,No,No,48,Yes,Yes,DSL,No,Yes,Yes,Yes,Yes,No,One year,Yes,Bank transfer (automatic),73.85,3581.4,0,Loyal(2-4yr),6,1,74.6125,10.549999999999999,0,1
Male,Yes,Yes,Yes,51,Yes,Yes,Fiber optic,No,Yes,Yes,No,No,No,Month-to-month,Yes,Electronic check,84.2,4146.05,1,VIP(4yr+),4,1,81.29509803921569,16.84,1,0
Female,Yes,No,No,41,Yes,Yes,Fiber optic,Yes,Yes,Yes,No,Yes,Yes,Month-to-month,Yes,Electronic check,113.2,4689.5,1,Loyal(2-4yr),7,1,114.3780487804878,14.15,1,0
Male,No,Yes,Yes,70,Yes,Yes,No,No internet service,No internet service,No internet service,No internet service,No internet service,No internet service,Two year,No,Credit card (automatic),25.15,1790.15,0,VIP(4yr+),2,0,25.57357142857143,8.383333333333333,0,2
Male,No,No,No,25,Yes,No,Fiber optic,No,No,Yes,Yes,Yes,Yes,Two year,No,Bank transfer (automatic),99.3,2513.5,0,Loyal(2-4yr),5,1,100.54,16.55,0,2
Male,No,Yes,Yes,1,Yes,No,Fiber optic,No,No,No,No,No,No,Month-to-month,Yes,Mailed check,70.65,70.65,1,New(0-12mo),1,1,70.65,35.325,1,0
Female,No,No,No,41,Yes,Yes,Fiber optic,Yes,Yes,Yes,Yes,Yes,No,Month-to-month,Yes,Electronic check,106.5,4282.4,0,Loyal(2-4yr),7,1,104.44878048780487,13.3125,1,0
Male,No,Yes,Yes,42,Yes,Yes,Fiber optic,Yes,No,No,No,Yes,Yes,One year,No,Electronic check,97.1,4016.75,0,Loyal(2-4yr),5,1,95.63690476190476,16.183333333333334,0,1
Female,No,Yes,Yes,14,Yes,Yes,No,No internet service,No internet service,No internet service,No internet service,No internet service,No internet service,Month-to-month,No,Mailed check,25.55,372.45,0,Established(1-2yr),2,0,26.603571428571428,8.516666666666667,1,0
Male,Yes,No,No,1,Yes,No,DSL,No,No,No,No,No,No,Month-to-month,No,Electronic check,45.1,45.1,1,New(0-12mo),1,1,45.1,22.55,1,0
Female,No,No,No,3,Yes,No,Fiber optic,No,No,No,No,Yes,No,Month-to-month,Yes,Electronic check,80.5,232.35,0,New(0-12mo),2,1,77.45,26.833333333333332,1,0
Female,No,Yes,Yes,70,Yes,No,No,No internet service,No internet service,No internet service,No internet service,No internet service,No internet service,Two year,Yes,Credit card (automatic),20.15,1411.2,0,VIP(4yr+),1,0,20.16,10.075,0,2
Male,No,No,No,7,Yes,No,No,No internet service,No internet service,No internet service,No internet service,No internet service,No internet service,Two year,No,Mailed check,19.45,165.35,0,New(0-12mo),1,0,23.62142857142857,9.725,0,2
Male,No,No,No,1,Yes,No,No,No internet service,No internet service,No internet service,No internet service,No internet service,No internet service,Month-to-month,No,Mailed check,20.05,20.05,0,New(0-12mo),1,0,20.05,10.025,1,0
Male,Yes,Yes,No,2,Yes,No,Fiber optic,No,No,Yes,No,No,No,Month-to-month,Yes,Electronic check,74.2,140.1,0,New(0-12mo),2,1,70.05,24.733333333333334,1,0
Male,No,No,No,26,Yes,Yes,Fiber optic,No,No,Yes,No,Yes,Yes,Month-to-month,Yes,Electronic check,98.35,2515.3,1,Loyal(2-4yr),5,1,96.7423076923077,16.391666666666666,1,0
Female,No,Yes,Yes,72,Yes,Yes,Fiber optic,Yes,Yes,Yes,No,Yes,Yes,Two year,No,Credit card (automatic),109.7,8129.3,0,VIP(4yr+),7,1,112.90694444444445,13.7125,0,2
Male,No,No,No,30,Yes,Yes,Fiber optic,No,No,No,Yes,No,Yes,Month-to-month,Yes,Credit card (automatic),89.9,2723.15,0,Loyal(2-4yr),4,1,90.77166666666668,17.98,1,0
Male,No,Yes,Yes,53,Yes,Yes,Fiber optic,No,Yes,Yes,No,Yes,Yes,One year,Yes,Electronic check,105.25,5576.3,0,VIP(4yr+),6,1,105.21320754716982,15.035714285714286,0,1
Female,No,Yes,No,8,Yes,No,Fiber optic,No,Yes,Yes,No,Yes,Yes,Month-to-month,No,Electronic check,101.15,842.9,1,New(0-12mo),5,1,105.3625,16.858333333333334,1,0
Female,No,No,No,2,Yes,No,No,No internet service,No internet service,No internet service,No internet service,No internet service,No internet service,Month-to-month,No,Mailed check,19.95,38.15,0,New(0-12mo),1,0,19.075,9.975,1,0
Male,No,No,No,33,Yes,No,No,No internet service,No internet service,No internet service,No internet service,No internet service,No internet service,Two year,No,Mailed check,20.35,689.75,0,Loyal(2-4yr),1,0,20.901515151515152,10.175,0,2
Male,No,Yes,No,6,Yes,Yes,Fiber optic,No,No,No,No,Yes,No,Month-to-month,Yes,Electronic check,82.85,460.25,1,New(0-12mo),3,1,76.70833333333333,20.7125,1,0
Female,No,Yes,Yes,9,Yes,Yes,Fiber optic,No,No,No,No,Yes,No,Month-to-month,Yes,Bank transfer (automatic),85.35,754.65,1,New(0-12mo),3,1,83.85,21.3375,1,0
Male,No,No,No,41,Yes,Yes,Fiber optic,No,Yes,No,No,Yes,No,Month-to-month,Yes,Electronic check,89.2,3645.75,0,Loyal(2-4yr),4,1,88.92073170731707,17.84,1,0
Female,No,No,No,6,Yes,No,No,No internet service,No internet service,No internet service,No internet service,No internet service,No internet service,Month-to-month,Yes,Mailed check,20.95,109.5,0,New(0-12mo),1,0,18.25,10.475,1,0
Female,No,No,Yes,2,Yes,Yes,Fiber optic,Yes,No,No,No,No,No,Month-to-month,No,Credit card (automatic),80.55,188.1,0,New(0-12mo),3,1,94.05,20.1375,1,0
Female,No,Yes,Yes,3,Yes,No,DSL,No,Yes,No,No,Yes,No,Month-to-month,Yes,Credit card (automatic),58.7,168.6,0,New(0-12mo),3,1,56.199999999999996,14.675,1,0
Male,No,Yes,No,48,Yes,No,No,No internet service,No internet service,No internet service,No internet service,No internet service,No internet service,Two year,Yes,Mailed check,20.05,1036.0,0,Loyal(2-4yr),1,0,21.583333333333332,10.025,0,2
Male,No,No,No,1,Yes,No,No,No internet service,No internet service,No internet service,No internet service,No internet service,No internet service,Month-to-month,No,Credit card (automatic),20.55,20.55,0,New(0-12mo),1,0,20.55,10.275,1,0
Female,No,Yes,Yes,72,Yes,Yes,No,No internet service,No internet service,No internet service,No internet service,No internet service,No internet service,Two year,No,Mailed check,24.9,1859.2,0,VIP(4yr+),2,0,25.822222222222223,8.299999999999999,0,2
Female,No,Yes,No,64,Yes,Yes,DSL,Yes,Yes,Yes,Yes,No,Yes,Two year,Yes,Mailed check,81.3,5129.3,0,VIP(4yr+),7,1,80.1453125,10.1625,0,2
Female,No,No,No,61,Yes,Yes,DSL,No,Yes,Yes,Yes,Yes,Yes,Two year,No,Credit card (automatic),88.65,5321.25,0,VIP(4yr+),7,1,87.23360655737704,11.08125,0,2
Male,No,No,No,1,Yes,Yes,Fiber optic,No,No,No,No,Yes,No,Month-to-month,Yes,Mailed check,84.65,84.65,1,New(0-12mo),3,1,84.65,21.1625,1,0
Male,No,Yes,Yes,15,Yes,Yes,Fiber optic,No,No,No,No,No,No,Month-to-month,Yes,Bank transfer (automatic),74.9,1107.25,1,Established(1-2yr),2,1,73.81666666666666,24.96666666666667,1,0
Male,No,Yes,No,17,Yes,Yes,Fiber optic,No,Yes,Yes,No,Yes,Yes,Month-to-month,Yes,Electronic check,102.55,1742.5,0,Established(1-2yr),6,1,102.5,14.65,1,0
Female,No,No,No,68,No,No phone service,DSL,No,Yes,No,Yes,No,Yes,Month-to-month,No,Electronic check,44.95,3085.35,0,VIP(4yr+),3,1,45.37279411764706,11.2375,1,0
Female,Yes,No,No,44,Yes,No,Fiber optic,No,Yes,Yes,No,No,Yes,One year,No,Credit card (automatic),89.15,3990.75,0,Loyal(2-4yr),4,1,90.69886363636364,17.830000000000002,0,1
Male,No,No,No,4,Yes,No,DSL,No,No,No,No,No,Yes,Month-to-month,No,Electronic check,54.3,195.3,1,New(0-12mo),2,1,48.825,18.099999999999998,1,0
Female,Yes,Yes,No,25,Yes,Yes,DSL,Yes,No,No,Yes,Yes,No,Month-to-month,Yes,Credit card (automatic),69.5,1752.65,0,Loyal(2-4yr),5,1,70.10600000000001,11.583333333333334,1,0
Female,No,No,No,26,Yes,No,Fiber optic,No,No,No,No,No,No,Month-to-month,Yes,Credit card (automatic),69.05,1815.65,0,Loyal(2-4yr),1,1,69.83269230769231,34.525,1,0
Male,No,No,No,62,Yes,Yes,Fiber optic,Yes,Yes,No,Yes,No,Yes,One year,No,Electronic check,102.0,6529.25,1,VIP(4yr+),6,1,105.31048387096774,14.571428571428571,0,1
Male,No,Yes,Yes,35,Yes,No,Fiber optic,No,Yes,No,Yes,Yes,No,One year,Yes,Electronic check,89.7,3165.6,0,Loyal(2-4yr),4,1,90.44571428571429,17.94,0,1
Male,No,No,No,22,Yes,No,DSL,Yes,No,No,Yes,No,No,Month-to-month,No,Mailed check,55.1,1253.15,0,Established(1-2yr),3,1,56.96136363636364,13.775,1,0
Female,Yes,Yes,No,2,Yes,No,Fiber optic,No,No,No,No,No,No,Month-to-month,Yes,Electronic check,69.3,153.8,0,New(0-12mo),1,1,76.9,34.65,1,0
Male,No,Yes,No,49,Yes,Yes,Fiber optic,No,Yes,No,No,Yes,Yes,Month-to-month,Yes,Bank transfer (automatic),99.05,4853.75,1,VIP(4yr+),5,1,99.0561224489796,16.508333333333333,1,0
Male,No,No,No,46,Yes,No,No,No internet service,No internet service,No internet service,No internet service,No internet service,No internet service,Two year,No,Credit card (automatic),19.2,908.15,0,Loyal(2-4yr),1,0,19.742391304347827,9.6,0,2
Male,No,No,No,29,Yes,No,Fiber optic,No,No,No,Yes,Yes,Yes,Month-to-month,Yes,Electronic check,94.2,2607.6,0,Loyal(2-4yr),4,1,89.91724137931034,18.84,1,0
Male,No,Yes,Yes,12,Yes,No,No,No internet service,No internet service,No internet service,No internet service,No internet service,No internet service,Month-to-month,Yes,Electronic check,21.15,306.05,0,New(0-12mo),1,0,25.504166666666666,10.575,1,0
Male,Yes,Yes,Yes,34,Yes,Yes,Fiber optic,No,Yes,Yes,Yes,Yes,Yes,Month-to-month,Yes,Electronic check,108.9,3625.2,0,Loyal(2-4yr),7,1,106.62352941176471,13.6125,1,0
Male,No,No,No,4,Yes,Yes,DSL,No,No,No,Yes,No,Yes,Month-to-month,No,Mailed check,65.55,237.2,0,New(0-12mo),4,1,59.3,13.11,1,0
Male,No,Yes,No,49,Yes,No,Fiber optic,No,Yes,No,No,Yes,Yes,Two year,Yes,Electronic check,94.8,4690.65,0,VIP(4yr+),4,1,95.72755102040816,18.96,0,2
Male,No,Yes,Yes,38,Yes,Yes,Fiber optic,No,No,Yes,No,Yes,Yes,Month-to-month,Yes,Credit card (automatic),101.15,3956.7,0,Loyal(2-4yr),5,1,104.1236842105263,16.858333333333334,1,0
Female,No,Yes,No,2,No,No phone service,DSL,No,No,No,No,No,Yes,Month-to-month,Yes,Electronic check,35.1,68.75,1,New(0-12mo),1,1,34.375,17.55,1,0
Male,No,Yes,Yes,23,Yes,No,Fiber optic,No,Yes,Yes,Yes,No,No,One year,No,Mailed check,86.8,1940.8,0,Established(1-2yr),4,1,84.38260869565217,17.36,0,1
Female,No,Yes,Yes,2,Yes,No,Fiber optic,No,Yes,No,No,No,No,Month-to-month,Yes,Bank transfer (automatic),73.55,145.4,1,New(0-12mo),2,1,72.7,24.516666666666666,1,0
Female,No,No,No,25,Yes,No,No,No internet service,No internet service,No internet service,No internet service,No internet service,No internet service,Two year,No,Credit card (automatic),19.8,475.2,0,Loyal(2-4yr),1,0,19.008,9.9,0,2
Male,No,Yes,Yes,7,Yes,No,DSL,Yes,No,Yes,Yes,No,Yes,Month-to-month,Yes,Credit card (automatic),71.35,515.75,0,New(0-12mo),5,1,73.67857142857143,11.891666666666666,1,0
Female,No,No,No,38,Yes,No,Fiber optic,No,No,No,No,Yes,Yes,One year,Yes,Mailed check,89.1,3342.0,0,Loyal(2-4yr),3,1,87.94736842105263,22.275,0,1
Female,No,No,No,62,Yes,Yes,No,No internet service,No internet service,No internet service,No internet service,No internet service,No internet service,Two year,Yes,Credit card (automatic),25.8,1563.95,0,VIP(4yr+),2,0,25.225,8.6,0,2
Male,No,No,No,29,No,No phone service,DSL,Yes,No,No,Yes,No,No,One year,No,Mailed check,35.6,1072.6,0,Loyal(2-4yr),2,1,36.98620689655172,11.866666666666667,0,1
Female,No,Yes,Yes,33,Yes,Yes,No,No internet service,No internet service,No internet service,No internet service,No internet service,No internet service,One year,No,Credit card (automatic),24.15,800.3,0,Loyal(2-4yr),2,0,24.25151515151515,8.049999999999999,0,1
Male,No,No,No,11,Yes,No,No,No internet service,No internet service,No internet service,No internet service,No internet service,No internet service,Month-to-month,No,Mailed check,20.35,215.25,0,New(0-12mo),1,0,19.568181818181817,10.175,1,0
Female,Yes,No,No,20,Yes,No,Fiber optic,No,No,No,No,No,Yes,Month-to-month,Yes,Electronic check,81.45,1671.6,0,Established(1-2yr),2,1,83.58,27.150000000000002,1,0
Male,No,No,No,1,Yes,No,Fiber optic,No,No,No,No,No,Yes,Month-to-month,Yes,Mailed check,80.85,80.85,1,New(0-12mo),2,1,80.85,26.95,1,0
Male,No,Yes,No,2,Yes,Yes,Fiber optic,No,No,Yes,No,Yes,No,Month-to-month,Yes,Electronic check,91.45,171.45,0,New(0-12mo),4,1,85.725,18.29,1,0
Male,No,Yes,No,71,Yes,Yes,No,No internet service,No internet service,No internet service,No internet service,No internet service,No internet service,Two year,No,Bank transfer (automatic),24.45,1730.65,0,VIP(4yr+),2,0,24.375352112676058,8.15,0,2
Female,Yes,No,No,1,Yes,Yes,Fiber optic,No,No,No,No,No,No,Month-to-month,Yes,Electronic check,72.1,72.1,0,New(0-12mo),2,1,72.1,24.03333333333333,1,0
Female,No,Yes,Yes,36,Yes,Yes,Fiber optic,Yes,No,Yes,No,Yes,Yes,Month-to-month,Yes,Credit card (automatic),104.5,3684.95,0,Loyal(2-4yr),6,1,102.35972222222222,14.928571428571429,1,0
Male,Yes,No,No,12,Yes,Yes,Fiber optic,No,No,No,No,No,No,Month-to-month,Yes,Credit card (automatic),73.3,828.05,0,New(0-12mo),2,1,69.00416666666666,24.433333333333334,1,0
Female,No,No,Yes,19,Yes,No,DSL,No,No,No,Yes,No,No,Month-to-month,No,Mailed check,48.8,953.65,0,Established(1-2yr),2,1,50.19210526315789,16.266666666666666,1,0
Male,Yes,Yes,No,69,Yes,Yes,Fiber optic,Yes,Yes,No,No,No,No,Month-to-month,Yes,Credit card (automatic),84.9,5785.65,0,VIP(4yr+),4,1,83.85,16.98,1,0
Male,No,No,Yes,45,Yes,Yes,Fiber optic,No,No,Yes,No,Yes,Yes,Two year,No,Bank transfer (automatic),99.7,4634.35,0,Loyal(2-4yr),5,1,102.98555555555556,16.616666666666667,0,2
Female,Yes,No,No,10,No,No phone service,DSL,No,No,No,No,No,Yes,Month-to-month,Yes,Electronic check,34.7,329.8,1,New(0-12mo),1,1,32.980000000000004,17.35,1,0
Female,No,Yes,Yes,56,Yes,Yes,No,No internet service,No internet service,No internet service,No internet service,No internet service,No internet service,Two year,Yes,Mailed check,24.45,1385.85,0,VIP(4yr+),2,0,24.74732142857143,8.15,0,2
Female,Yes,No,No,66,Yes,Yes,Fiber optic,Yes,No,No,No,Yes,Yes,Two year,Yes,Bank transfer (automatic),102.4,6471.85,0,VIP(4yr+),5,1,98.05833333333334,17.066666666666666,0,2
Male,No,Yes,Yes,8,Yes,No,Fiber optic,No,No,Yes,No,Yes,Yes,Month-to-month,Yes,Electronic check,94.75,759.55,0,New(0-12mo),4,1,94.94375,18.95,1,0
Male,No,Yes,Yes,13,Yes,No,Fiber optic,No,No,Yes,No,Yes,Yes,Month-to-month,No,Electronic check,97.0,1334.45,0,Established(1-2yr),4,1,102.65,19.4,1,0
Male,No,Yes,No,60,Yes,Yes,Fiber optic,No,Yes,Yes,No,Yes,No,Month-to-month,Yes,Electronic check,95.75,5742.9,1,VIP(4yr+),5,1,95.71499999999999,15.958333333333334,1,0
Female,No,Yes,Yes,47,No,No phone service,DSL,Yes,Yes,Yes,No,Yes,Yes,Two year,Yes,Credit card (automatic),60.0,2768.65,0,Loyal(2-4yr),5,1,58.90744680851064,10.0,0,2
Female,No,No,No,21,Yes,Yes,Fiber optic,No,No,No,No,Yes,Yes,Month-to-month,Yes,Electronic check,97.35,2119.5,1,Established(1-2yr),4,1,100.92857142857143,19.47,1,0
Male,No,Yes,Yes,12,Yes,Yes,No,No internet service,No internet service,No internet service,No internet service,No internet service,No internet service,One year,No,Mailed check,26.4,314.95,0,New(0-12mo),2,0,26.245833333333334,8.799999999999999,0,1
Male,No,No,No,21,Yes,Yes,Fiber optic,No,No,No,No,No,No,Month-to-month,Yes,Electronic check,73.7,1558.7,0,Established(1-2yr),2,1,74.22380952380952,24.566666666666666,1,0
Female,No,No,No,20,No,No phone service,DSL,No,No,No,No,No,No,Month-to-month,No,Credit card (automatic),24.9,505.95,0,Established(1-2yr),0,1,25.2975,24.9,1,0
Female,No,Yes,No,5,Yes,No,Fiber optic,No,No,No,No,No,No,Month-to-month,No,Electronic check,69.95,330.15,1,New(0-12mo),1,1,66.03,34.975,1,0
Male,No,No,Yes,49,Yes,Yes,Fiber optic,Yes,Yes,Yes,No,Yes,Yes,One year,Yes,Credit card (automatic),109.2,5290.45,0,VIP(4yr+),7,1,107.96836734693878,13.65,0,1
Female,No,No,No,42,Yes,No,DSL,Yes,Yes,Yes,Yes,No,Yes,One year,No,Credit card (automatic),73.9,3160.55,1,Loyal(2-4yr),6,1,75.25119047619049,10.557142857142859,0,1
Male,No,Yes,No,1,Yes,No,Fiber optic,No,No,No,No,No,No,Month-to-month,No,Electronic check,70.0,70.0,1,New(0-12mo),1,1,70.0,35.0,1,0
Male,Yes,No,No,43,Yes,Yes,Fiber optic,No,No,No,No,Yes,No,Month-to-month,Yes,Electronic check,84.85,3645.6,0,Loyal(2-4yr),3,1,84.78139534883721,21.2125,1,0
Male,Yes,Yes,No,71,Yes,Yes,No,No internet service,No internet service,No internet service,No internet service,No internet service,No internet service,Two year,No,Bank transfer (automatic),23.95,1756.2,0,VIP(4yr+),2,0,24.735211267605635,7.983333333333333,0,2
Male,Yes,Yes,No,58,No,No phone service,DSL,No,Yes,Yes,No,No,Yes,Month-to-month,Yes,Electronic check,45.3,2651.2,1,VIP(4yr+),3,1,45.710344827586205,11.325,1,0
Male,No,No,No,61,Yes,Yes,Fiber optic,Yes,No,Yes,Yes,Yes,Yes,Two year,Yes,Credit card (automatic),111.6,6876.05,1,VIP(4yr+),7,1,112.72213114754099,13.95,0,2
Female,No,No,No,1,Yes,No,No,No internet service,No internet service,No internet service,No internet service,No internet service,No internet service,Month-to-month,Yes,Mailed check,20.3,20.3,1,New(0-12mo),1,0,20.3,10.15,1,0
Male,No,No,Yes,1,Yes,No,No,No internet service,No internet service,No internet service,No internet service,No internet service,No internet service,Month-to-month,Yes,Mailed check,21.05,21.05,0,New(0-12mo),1,0,21.05,10.525,1,0
Female,No,No,No,57,No,No phone service,DSL,Yes,No,Yes,Yes,No,No,One year,Yes,Credit card (automatic),41.1,2258.25,0,VIP(4yr+),3,1,39.61842105263158,10.275,0,1
Female,No,Yes,Yes,71,Yes,No,No,No internet service,No internet service,No internet service,No internet service,No internet service,No internet service,Two year,No,Bank transfer (automatic),20.1,1389.6,0,VIP(4yr+),1,0,19.57183098591549,10.05,0,2
Male,Yes,No,No,5,Yes,No,Fiber optic,No,No,No,No,Yes,Yes,Month-to-month,Yes,Electronic check,89.5,477.7,1,New(0-12mo),3,1,95.53999999999999,22.375,1,0
Female,Yes,No,No,11,Yes,No,Fiber optic,No,No,No,No,Yes,Yes,Month-to-month,No,Bank transfer (automatic),89.7,1047.7,1,New(0-12mo),3,1,95.24545454545455,22.425,1,0
Male,No,Yes,Yes,68,Yes,Yes,DSL,No,Yes,Yes,Yes,No,Yes,One year,Yes,Bank transfer (automatic),75.8,5293.95,1,VIP(4yr+),6,1,77.85220588235293,10.828571428571427,0,1
Female,No,Yes,Yes,22,Yes,No,Fiber optic,No,Yes,No,No,No,Yes,Month-to-month,No,Electronic check,83.3,1845.9,1,Established(1-2yr),3,1,83.90454545454546,20.825,1,0
Female,No,Yes,Yes,47,Yes,No,No,No internet service,No internet service,No internet service,No internet service,No internet service,No internet service,Two year,Yes,Bank transfer (automatic),21.3,1041.8,0,Loyal(2-4yr),1,0,22.16595744680851,10.65,0,2
Male,No,No,No,55,Yes,No,DSL,Yes,No,Yes,Yes,No,No,Two year,Yes,Electronic check,59.2,3175.85,0,VIP(4yr+),4,1,57.74272727272727,11.84,0,2
Male,No,No,No,19,No,No phone service,DSL,No,No,Yes,No,Yes,No,Month-to-month,Yes,Electronic check,39.65,733.35,1,Established(1-2yr),2,1,38.597368421052636,13.216666666666667,1,0
Female,No,No,Yes,35,Yes,No,No,No internet service,No internet service,No internet service,No internet service,No internet service,No internet service,One year,Yes,Credit card (automatic),20.1,644.5,0,Loyal(2-4yr),1,0,18.414285714285715,10.05,0,1
Female,No,No,No,3,Yes,No,No,No internet service,No internet service,No internet service,No internet service,No internet service,No internet service,Month-to-month,No,Mailed check,20.4,63.15,0,New(0-12mo),1,0,21.05,10.2,1,0
Female,No,No,Yes,35,Yes,No,DSL,Yes,Yes,No,No,No,No,One year,No,Credit card (automatic),55.6,2016.45,0,Loyal(2-4yr),3,1,57.612857142857145,13.9,0,1
Male,No,Yes,Yes,4,Yes,No,DSL,No,No,No,No,No,No,Month-to-month,No,Mailed check,45.25,155.35,0,New(0-12mo),1,1,38.8375,22.625,1,0
Male,No,No,No,8,No,No phone service,DSL,Yes,No,No,No,No,No,Month-to-month,Yes,Electronic check,30.45,226.45,1,New(0-12mo),1,1,28.30625,15.225,1,0
Male,No,No,No,57,Yes,No,DSL,No,Yes,No,Yes,No,No,One year,Yes,Mailed check,54.65,3134.7,0,VIP(4yr+),3,1,54.99473684210526,13.6625,0,1
Female,Yes,No,No,28,Yes,Yes,Fiber optic,No,Yes,Yes,No,Yes,Yes,Month-to-month,Yes,Electronic check,106.15,3152.5,1,Loyal(2-4yr),6,1,112.58928571428571,15.164285714285715,1,0
Female,No,No,No,28,No,No phone service,DSL,No,No,Yes,Yes,No,No,Month-to-month,Yes,Mailed check,35.75,961.4,0,Loyal(2-4yr),2,1,34.33571428571428,11.916666666666666,1,0
Male,Yes,No,No,21,Yes,No,No,No internet service,No internet service,No internet service,No internet service,No internet service,No internet service,One year,No,Bank transfer (automatic),20.5,429.55,0,Established(1-2yr),1,0,20.454761904761906,10.25,0,1
Male,No,Yes,No,55,Yes,No,DSL,Yes,Yes,Yes,No,No,No,Two year,No,Electronic check,58.6,3068.6,0,VIP(4yr+),4,1,55.79272727272727,11.72,0,2
Female,Yes,Yes,No,26,Yes,No,Fiber optic,No,No,Yes,No,Yes,No,Month-to-month,Yes,Credit card (automatic),85.7,2067.0,0,Loyal(2-4yr),3,1,79.5,21.425,1,0
Female,No,Yes,Yes,25,Yes,No,Fiber optic,No,Yes,Yes,No,Yes,No,Month-to-month,Yes,Bank transfer (automatic),89.15,2257.75,1,Loyal(2-4yr),4,1,90.31,17.830000000000002,1,0
Female,Yes,No,No,4,Yes,No,Fiber optic,No,Yes,Yes,No,Yes,Yes,Month-to-month,Yes,Credit card (automatic),99.8,442.85,1,New(0-12mo),5,1,110.7125,16.633333333333333,1,0
Male,No,No,No,62,Yes,Yes,Fiber optic,No,No,Yes,No,Yes,Yes,One year,Yes,Electronic check,96.75,6125.4,1,VIP(4yr+),5,1,98.79677419354839,16.125,0,1
Female,No,Yes,No,72,Yes,Yes,No,No internet service,No internet service,No internet service,No internet service,No internet service,No internet service,Two year,No,Electronic check,24.55,1750.7,0,VIP(4yr+),2,0,24.31527777777778,8.183333333333334,0,2
Male,No,No,Yes,41,Yes,No,DSL,Yes,Yes,Yes,No,Yes,No,One year,No,Mailed check,70.2,2894.55,0,Loyal(2-4yr),5,1,70.59878048780489,11.700000000000001,0,1
Female,No,No,No,72,Yes,No,No,No internet service,No internet service,No internet service,No internet service,No internet service,No internet service,Two year,No,Credit card (automatic),20.25,1566.9,0,VIP(4yr+),1,0,21.762500000000003,10.125,0,2
Male,No,Yes,No,67,Yes,Yes,No,No internet service,No internet service,No internet service,No internet service,No internet service,No internet service,Two year,No,Credit card (automatic),24.85,1583.5,0,VIP(4yr+),2,0,23.634328358208954,8.283333333333333,0,2
Female,No,Yes,Yes,38,Yes,No,DSL,Yes,Yes,No,No,No,No,Month-to-month,No,Electronic check,54.5,2076.05,0,Loyal(2-4yr),3,1,54.63289473684211,13.625,1,0
Female,No,Yes,Yes,26,Yes,No,No,No internet service,No internet service,No internet service,No internet service,No internet service,No internet service,Month-to-month,Yes,Credit card (automatic),20.25,493.95,0,Loyal(2-4yr),1,0,18.998076923076923,10.125,1,0
Female,No,No,No,67,Yes,Yes,Fiber optic,Yes,Yes,Yes,No,Yes,No,Month-to-month,Yes,Credit card (automatic),102.95,6886.25,1,VIP(4yr+),6,1,102.77985074626865,14.707142857142857,1,0
Male,No,Yes,No,1,Yes,No,Fiber optic,No,No,No,No,Yes,No,Month-to-month,Yes,Electronic check,80.55,80.55,1,New(0-12mo),2,1,80.55,26.849999999999998,1,0
Female,No,No,No,6,Yes,No,Fiber optic,No,Yes,No,No,No,Yes,Month-to-month,Yes,Mailed check,85.95,514.6,0,New(0-12mo),3,1,85.76666666666667,21.4875,1,0
Female,Yes,Yes,No,72,Yes,Yes,No,No internet service,No internet service,No internet service,No internet service,No internet service,No internet service,Two year,Yes,Credit card (automatic),25.7,1937.4,0,VIP(4yr+),2,0,26.908333333333335,8.566666666666666,0,2
Female,No,No,No,3,Yes,Yes,Fiber optic,No,No,No,No,Yes,Yes,Month-to-month,Yes,Electronic check,96.6,291.9,1,New(0-12mo),4,1,97.3,19.32,1,0
Female,No,Yes,Yes,72,Yes,Yes,Fiber optic,Yes,No,No,No,No,No,Two year,No,Bank transfer (automatic),79.05,5730.7,0,VIP(4yr+),3,1,79.59305555555555,19.7625,0,2
Male,Yes,Yes,No,69,Yes,Yes,Fiber optic,Yes,No,Yes,Yes,Yes,Yes,One year,Yes,Mailed check,110.55,7610.1,0,VIP(4yr+),7,1,110.2913043478261,13.81875,0,1
Male,No,No,No,8,No,No phone service,DSL,No,No,No,No,No,No,Month-to-month,Yes,Credit card (automatic),25.25,186.3,0,New(0-12mo),0,1,23.2875,25.25,1,0
Male,No,Yes,Yes,8,Yes,Yes,DSL,Yes,Yes,No,Yes,No,Yes,Two year,Yes,Credit card (automatic),76.15,645.8,0,New(0-12mo),6,1,80.725,10.87857142857143,0,2
Female,No,Yes,No,43,Yes,Yes,Fiber optic,Yes,Yes,No,No,No,Yes,Month-to-month,Yes,Electronic check,94.1,4107.3,0,Loyal(2-4yr),5,1,95.51860465116279,15.683333333333332,1,0
Female,No,Yes,No,58,Yes,Yes,Fiber optic,No,No,Yes,Yes,Yes,Yes,Month-to-month,Yes,Credit card (automatic),102.1,5885.4,1,VIP(4yr+),6,1,101.47241379310344,14.585714285714285,1,0
Female,Yes,Yes,No,55,Yes,Yes,DSL,No,No,No,No,No,No,Month-to-month,No,Bank transfer (automatic),51.65,2838.55,0,VIP(4yr+),2,1,51.61000000000001,17.216666666666665,1,0
Female,No,No,No,17,Yes,No,No,No internet service,No internet service,No internet service,No internet service,No internet service,No internet service,Month-to-month,No,Credit card (automatic),19.7,340.35,0,Established(1-2yr),1,0,20.02058823529412,9.85,1,0
Female,Yes,Yes,No,72,Yes,Yes,Fiber optic,Yes,Yes,Yes,No,Yes,Yes,Two year,Yes,Electronic check,112.4,8046.85,0,VIP(4yr+),7,1,111.76180555555555,14.05,0,2
Male,No,Yes,Yes,38,Yes,No,DSL,Yes,Yes,Yes,Yes,Yes,No,One year,No,Electronic check,74.05,2802.3,0,Loyal(2-4yr),6,1,73.74473684210527,10.578571428571427,0,1
Male,No,Yes,Yes,20,Yes,No,DSL,No,No,Yes,No,No,No,Month-to-month,Yes,Electronic check,49.6,939.8,0,Established(1-2yr),2,1,46.989999999999995,16.533333333333335,1,0
Male,No,No,No,63,Yes,Yes,Fiber optic,No,Yes,No,Yes,Yes,Yes,Month-to-month,No,Electronic check,105.4,6713.2,0,VIP(4yr+),6,1,106.55873015873016,15.057142857142859,1,0
Female,No,No,No,5,No,No phone service,DSL,No,Yes,No,No,Yes,Yes,Month-to-month,Yes,Credit card (automatic),50.95,229.4,0,New(0-12mo),3,1,45.88,12.7375,1,0
Male,No,Yes,No,72,Yes,Yes,DSL,Yes,Yes,Yes,Yes,Yes,Yes,Two year,Yes,Bank transfer (automatic),87.1,6230.1,0,VIP(4yr+),8,1,86.52916666666667,9.677777777777777,0,2
Female,No,No,No,38,Yes,Yes,DSL,Yes,Yes,Yes,No,Yes,Yes,One year,No,Bank transfer (automatic),84.1,3187.65,0,Loyal(2-4yr),7,1,83.88552631578948,10.5125,0,1
Female,Yes,No,No,56,Yes,Yes,Fiber optic,No,Yes,Yes,No,Yes,Yes,One year,Yes,Bank transfer (automatic),104.75,5510.65,1,VIP(4yr+),6,1,98.40446428571428,14.964285714285714,0,1
Male,No,Yes,No,24,Yes,No,DSL,Yes,No,No,Yes,No,No,Month-to-month,No,Mailed check,53.6,1315.35,0,Established(1-2yr),3,1,54.80625,13.4,1,0
Male,No,No,Yes,12,Yes,Yes,Fiber optic,No,No,No,No,No,No,Month-to-month,Yes,Credit card (automatic),73.75,871.4,1,New(0-12mo),2,1,72.61666666666666,24.583333333333332,1,0
Female,No,No,No,7,Yes,Yes,Fiber optic,No,Yes,No,No,No,No,Month-to-month,Yes,Bank transfer (automatic),78.55,522.95,0,New(0-12mo),3,1,74.70714285714287,19.6375,1,0
Female,No,Yes,No,13,Yes,Yes,DSL,Yes,Yes,No,Yes,Yes,No,Month-to-month,Yes,Electronic check,76.2,981.45,0,Established(1-2yr),6,1,75.49615384615385,10.885714285714286,1,0
Male,No,No,No,20,Yes,No,No,No internet service,No internet service,No internet service,No internet service,No internet service,No internet service,Month-to-month,Yes,Credit card (automatic),19.6,356.15,0,Established(1-2yr),1,0,17.807499999999997,9.8,1,0
Male,No,No,No,11,Yes,Yes,DSL,No,No,Yes,No,No,No,Month-to-month,No,Electronic check,53.75,608.0,1,New(0-12mo),3,1,55.27272727272727,13.4375,1,0
Female,No,No,Yes,15,Yes,No,Fiber optic,No,Yes,No,No,No,Yes,Month-to-month,Yes,Bank transfer (automatic),85.9,1269.55,1,Established(1-2yr),3,1,84.63666666666667,21.475,1,0
Male,No,No,No,39,Yes,Yes,Fiber optic,No,Yes,No,No,No,No,One year,No,Credit card (automatic),81.4,3213.75,0,Loyal(2-4yr),3,1,82.40384615384616,20.35,0,1
Male,No,Yes,Yes,5,Yes,Yes,DSL,Yes,Yes,No,Yes,No,No,Month-to-month,No,Credit card (automatic),64.4,316.9,0,New(0-12mo),5,1,63.379999999999995,10.733333333333334,1,0
Male,No,Yes,Yes,8,Yes,No,No,No internet service,No internet service,No internet service,No internet service,No internet service,No internet service,Two year,No,Mailed check,20.15,165.5,0,New(0-12mo),1,0,20.6875,10.075,0,2
Female,No,No,No,23,Yes,No,Fiber optic,No,Yes,No,Yes,No,No,Month-to-month,Yes,Mailed check,79.1,1783.75,0,Established(1-2yr),3,1,77.55434782608695,19.775,1,0
Female,No,No,No,46,Yes,No,Fiber optic,No,No,Yes,No,No,No,Month-to-month,Yes,Credit card (automatic),74.8,3548.3,0,Loyal(2-4yr),2,1,77.13695652173914,24.933333333333334,1,0
Female,No,Yes,Yes,71,Yes,No,DSL,Yes,No,Yes,Yes,Yes,Yes,Two year,Yes,Credit card (automatic),82.0,5999.85,0,VIP(4yr+),6,1,84.5049295774648,11.714285714285714,0,2
Male,No,No,No,30,Yes,No,Fiber optic,Yes,Yes,Yes,No,No,No,Month-to-month,Yes,Credit card (automatic),84.3,2438.6,0,Loyal(2-4yr),4,1,81.28666666666666,16.86,1,0
Female,No,No,No,65,Yes,Yes,Fiber optic,No,Yes,No,Yes,Yes,Yes,One year,Yes,Bank transfer (automatic),105.05,6744.25,0,VIP(4yr+),6,1,103.75769230769231,15.007142857142856,0,1
Female,No,Yes,Yes,4,Yes,No,DSL,No,Yes,No,Yes,No,No,Month-to-month,No,Mailed check,56.5,235.1,1,New(0-12mo),3,1,58.775,14.125,1,0
Female,No,Yes,Yes,3,Yes,No,Fiber optic,No,No,No,No,No,No,Month-to-month,Yes,Electronic check,69.55,200.2,0,New(0-12mo),1,1,66.73333333333333,34.775,1,0
Female,No,No,No,33,Yes,Yes,No,No internet service,No internet service,No internet service,No internet service,No internet service,No internet service,Two year,No,Credit card (automatic),25.7,826.1,0,Loyal(2-4yr),2,0,25.033333333333335,8.566666666666666,0,2
Female,No,Yes,No,42,No,No phone service,DSL,No,Yes,No,Yes,No,No,One year,No,Mailed check,33.55,1445.3,1,Loyal(2-4yr),2,1,34.41190476190476,11.183333333333332,0,1
Male,No,Yes,Yes,60,Yes,No,Fiber optic,No,Yes,Yes,No,Yes,No,One year,No,Electronic check,90.95,5453.4,1,VIP(4yr+),4,1,90.89,18.19,0,1
Female,No,No,No,61,Yes,Yes,Fiber optic,No,No,Yes,Yes,Yes,Yes,Two year,Yes,Electronic check,106.6,6428.4,1,VIP(4yr+),6,1,105.38360655737705,15.228571428571428,0,2
Male,Yes,Yes,No,3,Yes,Yes,Fiber optic,No,Yes,Yes,No,Yes,Yes,Month-to-month,Yes,Electronic check,105.9,334.65,1,New(0-12mo),6,1,111.55,15.12857142857143,1,0
Female,No,Yes,No,2,Yes,Yes,Fiber optic,No,No,Yes,Yes,Yes,Yes,Month-to-month,Yes,Electronic check,104.4,242.8,1,New(0-12mo),6,1,121.4,14.914285714285715,1,0
Female,No,No,No,23,Yes,Yes,Fiber optic,No,Yes,No,No,Yes,Yes,Month-to-month,Yes,Credit card (automatic),98.7,2249.1,0,Established(1-2yr),5,1,97.78695652173913,16.45,1,0
Female,No,Yes,Yes,6,Yes,No,DSL,No,No,No,No,No,No,Month-to-month,No,Mailed check,45.5,285.2,0,New(0-12mo),1,1,47.53333333333333,22.75,1,0
Male,No,No,No,1,Yes,Yes,Fiber optic,Yes,No,No,No,No,No,Month-to-month,Yes,Electronic check,81.7,81.7,1,New(0-12mo),3,1,81.7,20.425,1,0
Male,No,Yes,No,7,Yes,No,Fiber optic,No,No,No,No,No,No,Month-to-month,Yes,Electronic check,69.35,451.1,1,New(0-12mo),1,1,64.44285714285715,34.675,1,0
Male,No,No,No,55,Yes,Yes,Fiber optic,No,No,No,No,Yes,Yes,Month-to-month,Yes,Electronic check,96.8,5283.95,1,VIP(4yr+),4,1,96.07181818181817,19.36,1,0
Male,No,No,Yes,9,Yes,No,No,No internet service,No internet service,No internet service,No internet service,No internet service,No internet service,One year,No,Mailed check,20.1,190.25,0,New(0-12mo),1,0,21.13888888888889,10.05,0,1
Female,No,Yes,Yes,53,Yes,Yes,Fiber optic,Yes,Yes,Yes,Yes,No,Yes,Two year,Yes,Bank transfer (automatic),104.05,5566.4,0,VIP(4yr+),7,1,105.02641509433961,13.00625,0,2
Male,No,No,No,1,Yes,No,DSL,No,No,No,No,No,No,Month-to-month,Yes,Mailed check,44.15,44.15,1,New(0-12mo),1,1,44.15,22.075,1,0
Female,No,Yes,Yes,65,Yes,Yes,DSL,No,Yes,No,Yes,Yes,Yes,Two year,Yes,Bank transfer (automatic),79.4,5071.9,0,VIP(4yr+),6,1,78.02923076923076,11.342857142857143,0,2
Male,No,Yes,Yes,72,No,No phone service,DSL,Yes,No,Yes,Yes,Yes,No,Two year,No,Mailed check,48.9,3527.0,0,VIP(4yr+),4,1,48.986111111111114,9.78,0,2
Male,No,No,Yes,1,Yes,No,DSL,No,No,Yes,No,No,No,Month-to-month,No,Electronic check,48.95,48.95,1,New(0-12mo),2,1,48.95,16.316666666666666,1,0
Male,Yes,Yes,Yes,22,No,No phone service,DSL,Yes,No,No,No,No,Yes,Month-to-month,No,Mailed check,40.05,880.2,1,Established(1-2yr),2,1,40.00909090909091,13.35,1,0
Male,No,No,No,26,Yes,No,DSL,No,No,No,Yes,Yes,No,One year,No,Credit card (automatic),59.45,1507.0,0,Loyal(2-4yr),3,1,57.96153846153846,14.8625,0,1
Male,No,No,No,2,Yes,No,DSL,Yes,No,No,No,No,No,Month-to-month,Yes,Electronic check,47.8,92.45,1,New(0-12mo),2,1,46.225,15.933333333333332,1,0
Male,Yes,No,No,9,Yes,No,Fiber optic,No,No,No,No,No,Yes,Month-to-month,Yes,Electronic check,79.55,718.55,0,New(0-12mo),2,1,79.83888888888889,26.516666666666666,1,0
Female,No,No,No,23,Yes,Yes,No,No internet service,No internet service,No internet service,No internet service,No internet service,No internet service,One year,No,Credit card (automatic),24.8,615.35,0,Established(1-2yr),2,0,26.754347826086956,8.266666666666667,0,1
Male,No,Yes,Yes,69,Yes,No,No,No internet service,No internet service,No internet service,No internet service,No internet service,No internet service,One year,Yes,Credit card (automatic),20.55,1403.1,0,VIP(4yr+),1,0,20.33478260869565,10.275,0,1
Female,No,Yes,Yes,45,Yes,Yes,Fiber optic,Yes,Yes,No,No,Yes,Yes,Month-to-month,Yes,Electronic check,105.15,4730.9,0,Loyal(2-4yr),6,1,105.1311111111111,15.021428571428572,1,0
Male,No,Yes,No,71,Yes,Yes,Fiber optic,No,No,Yes,No,Yes,Yes,One year,Yes,Credit card (automatic),98.65,6962.85,0,VIP(4yr+),5,1,98.06830985915494,16.441666666666666,0,1
Female,No,No,No,46,Yes,No,Fiber optic,Yes,Yes,Yes,No,Yes,No,One year,Yes,Credit card (automatic),95.65,4664.2,0,Loyal(2-4yr),5,1,101.39565217391304,15.941666666666668,0,1
Male,No,Yes,Yes,43,Yes,Yes,No,No internet service,No internet service,No internet service,No internet service,No internet service,No internet service,Two year,No,Mailed check,24.25,1077.95,0,Loyal(2-4yr),2,0,25.06860465116279,8.083333333333334,0,2
Female,No,No,No,62,Yes,No,No,No internet service,No internet service,No internet service,No internet service,No internet service,No internet service,Two year,Yes,Credit card (automatic),19.2,1123.65,0,VIP(4yr+),1,0,18.123387096774195,9.6,0,2
Male,No,Yes,No,1,Yes,No,DSL,No,No,No,No,No,No,Month-to-month,No,Credit card (automatic),44.7,44.7,1,New(0-12mo),1,1,44.7,22.35,1,0
Male,No,Yes,Yes,67,Yes,Yes,Fiber optic,Yes,Yes,No,Yes,No,No,One year,No,Electronic check,89.55,6038.55,0,VIP(4yr+),5,1,90.12761194029851,14.924999999999999,0,1
Female,No,Yes,Yes,16,Yes,Yes,Fiber optic,Yes,No,Yes,Yes,Yes,Yes,Month-to-month,Yes,Electronic check,112.95,1882.55,0,Established(1-2yr),7,1,117.659375,14.11875,1,0
Female,No,No,No,29,Yes,Yes,No,No internet service,No internet service,No internet service,No internet service,No internet service,No internet service,Month-to-month,No,Electronic check,25.15,702.0,0,Loyal(2-4yr),2,0,24.20689655172414,8.383333333333333,1,0
Male,No,No,No,63,Yes,No,Fiber optic,Yes,Yes,Yes,Yes,Yes,Yes,Two year,No,Credit card (automatic),109.2,7049.75,0,VIP(4yr+),7,1,111.90079365079364,13.65,0,2
Male,No,No,No,1,Yes,No,Fiber optic,No,No,No,No,Yes,No,Month-to-month,Yes,Electronic check,79.05,79.05,1,New(0-12mo),2,1,79.05,26.349999999999998,1,0
Female,No,No,No,13,Yes,No,DSL,Yes,No,No,Yes,No,No,One year,No,Mailed check,55.15,742.9,0,Established(1-2yr),3,1,57.146153846153844,13.7875,0,1
Female,No,Yes,Yes,56,Yes,Yes,No,No internet service,No internet service,No internet service,No internet service,No internet service,No internet service,Two year,Yes,Credit card (automatic),24.95,1468.9,0,VIP(4yr+),2,0,26.230357142857144,8.316666666666666,0,2
Female,No,Yes,Yes,18,Yes,Yes,No,No internet service,No internet service,No internet service,No internet service,No internet service,No internet service,Two year,No,Mailed check,25.1,428.45,0,Established(1-2yr),2,0,23.802777777777777,8.366666666666667,0,2
Female,No,No,No,43,Yes,Yes,No,No internet service,No internet service,No internet service,No internet service,No internet service,No internet service,Two year,Yes,Credit card (automatic),25.7,1188.2,0,Loyal(2-4yr),2,0,27.632558139534886,8.566666666666666,0,2
Female,Yes,No,No,18,Yes,No,Fiber optic,No,No,Yes,No,No,Yes,Month-to-month,Yes,Electronic check,84.95,1443.65,0,Established(1-2yr),3,1,80.20277777777778,21.2375,1,0
Male,No,No,No,4,Yes,No,Fiber optic,No,No,No,No,No,No,Month-to-month,Yes,Electronic check,70.2,237.95,1,New(0-12mo),1,1,59.4875,35.1,1,0
Female,No,Yes,Yes,5,No,No phone service,DSL,No,No,No,No,No,No,Month-to-month,No,Mailed check,25.05,125.5,0,New(0-12mo),0,1,25.1,25.05,1,0
Male,No,No,No,15,Yes,Yes,Fiber optic,No,No,No,No,No,No,Month-to-month,Yes,Mailed check,76.0,1130.85,1,Established(1-2yr),2,1,75.39,25.333333333333332,1,0
Male,No,No,No,1,Yes,No,No,No internet service,No internet service,No internet service,No internet service,No internet service,No internet service,Month-to-month,No,Bank transfer (automatic),19.75,19.75,0,New(0-12mo),1,0,19.75,9.875,1,0
Male,No,No,No,25,Yes,No,Fiber optic,No,No,No,No,No,No,Month-to-month,No,Mailed check,70.95,1767.35,1,Loyal(2-4yr),1,1,70.694,35.475,1,0
Male,Yes,Yes,Yes,71,Yes,Yes,DSL,No,Yes,Yes,Yes,No,Yes,One year,Yes,Bank transfer (automatic),72.9,5139.65,0,VIP(4yr+),6,1,72.38943661971831,10.414285714285715,0,1
Male,No,Yes,No,71,Yes,Yes,Fiber optic,Yes,Yes,Yes,Yes,Yes,Yes,Two year,Yes,Bank transfer (automatic),116.1,8310.55,0,VIP(4yr+),8,1,117.04999999999998,12.899999999999999,0,2
Male,No,Yes,Yes,15,Yes,No,No,No internet service,No internet service,No internet service,No internet service,No internet service,No internet service,One year,Yes,Mailed check,19.5,239.75,0,Established(1-2yr),1,0,15.983333333333333,9.75,0,1
Female,No,No,No,9,Yes,Yes,Fiber optic,No,No,No,No,Yes,Yes,Month-to-month,Yes,Electronic check,94.75,889.9,1,New(0-12mo),4,1,98.87777777777778,18.95,1,0
Male,No,Yes,No,51,Yes,No,DSL,Yes,Yes,Yes,Yes,Yes,Yes,Two year,Yes,Credit card (automatic),83.85,4307.1,0,VIP(4yr+),7,1,84.45294117647059,10.48125,0,2
Male,No,Yes,Yes,38,Yes,Yes,No,No internet service,No internet service,No internet service,No internet service,No internet service,No internet service,Two year,No,Credit card (automatic),25.05,963.95,0,Loyal(2-4yr),2,0,25.367105263157896,8.35,0,2
Female,Yes,Yes,No,72,Yes,Yes,DSL,Yes,Yes,Yes,Yes,Yes,Yes,Two year,Yes,Bank transfer (automatic),89.85,6697.35,0,VIP(4yr+),8,1,93.01875000000001,9.983333333333333,0,2
Female,No,Yes,No,57,No,No phone service,DSL,Yes,No,Yes,Yes,No,Yes,Month-to-month,Yes,Bank transfer (automatic),49.9,2782.4,0,VIP(4yr+),4,1,48.8140350877193,9.98,1,0
Female,No,No,Yes,66,Yes,Yes,Fiber optic,Yes,No,Yes,Yes,No,No,Two year,Yes,Credit card (automatic),90.95,5930.05,0,VIP(4yr+),5,1,89.84924242424243,15.158333333333333,0,2
Male,No,No,Yes,3,Yes,No,No,No internet service,No internet service,No internet service,No internet service,No internet service,No internet service,Month-to-month,Yes,Mailed check,20.05,75.45,0,New(0-12mo),1,0,25.150000000000002,10.025,1,0
Female,Yes,No,No,14,No,No phone service,DSL,No,No,No,No,Yes,Yes,Month-to-month,Yes,Electronic check,46.35,672.7,0,Established(1-2yr),2,1,48.050000000000004,15.450000000000001,1,0
Female,No,No,No,55,Yes,No,DSL,No,No,No,No,No,No,One year,No,Bank transfer (automatic),45.05,2462.6,0,VIP(4yr+),1,1,44.77454545454545,22.525,0,1
Male,No,No,No,44,Yes,Yes,Fiber optic,No,No,Yes,No,No,Yes,Month-to-month,Yes,Mailed check,90.4,4063.0,0,Loyal(2-4yr),4,1,92.3409090909091,18.080000000000002,1,0
Male,No,Yes,Yes,12,No,No phone service,DSL,No,Yes,No,Yes,No,No,Month-to-month,No,Mailed check,35.5,432.25,0,New(0-12mo),2,1,36.020833333333336,11.833333333333334,1,0
Male,No,No,No,3,Yes,No,Fiber optic,No,No,No,No,Yes,No,Month-to-month,No,Electronic check,79.25,267.6,1,New(0-12mo),2,1,89.2,26.416666666666668,1,0
Female,No,Yes,No,72,Yes,Yes,No,No internet service,No internet service,No internet service,No internet service,No internet service,No internet service,Two year,Yes,Mailed check,26.0,1776.0,0,VIP(4yr+),2,0,24.666666666666668,8.666666666666666,0,2
Male,No,Yes,No,69,Yes,Yes,Fiber optic,No,No,Yes,No,Yes,Yes,One year,No,Bank transfer (automatic),99.5,6841.45,0,VIP(4yr+),5,1,99.15144927536231,16.583333333333332,0,1
Male,Yes,No,No,9,Yes,Yes,DSL,Yes,No,No,No,No,No,Month-to-month,No,Electronic check,54.55,494.05,1,New(0-12mo),3,1,54.894444444444446,13.6375,1,0
Female,No,Yes,Yes,11,Yes,Yes,No,No internet service,No internet service,No internet service,No internet service,No internet service,No internet service,Two year,No,Mailed check,25.0,300.7,0,New(0-12mo),2,0,27.336363636363636,8.333333333333334,0,2
Male,Yes,No,No,55,No,No phone service,DSL,No,No,Yes,No,Yes,Yes,One year,Yes,Bank transfer (automatic),50.05,2743.45,0,VIP(4yr+),3,1,49.880909090909086,12.5125,0,1
Female,Yes,Yes,No,54,Yes,Yes,Fiber optic,Yes,Yes,Yes,Yes,Yes,Yes,One year,Yes,Bank transfer (automatic),115.6,6431.05,0,VIP(4yr+),8,1,119.09351851851852,12.844444444444443,0,1
Male,No,Yes,Yes,55,Yes,Yes,Fiber optic,No,No,Yes,No,Yes,No,Month-to-month,Yes,Credit card (automatic),90.4,5099.15,0,VIP(4yr+),4,1,92.71181818181817,18.080000000000002,1,0
Male,No,No,No,49,Yes,No,No,No internet service,No internet service,No internet service,No internet service,No internet service,No internet service,Two year,Yes,Credit card (automatic),19.9,1022.6,0,VIP(4yr+),1,0,20.869387755102043,9.95,0,2
Female,No,Yes,Yes,53,Yes,No,No,No internet service,No internet service,No internet service,No internet service,No internet service,No internet service,Two year,No,Mailed check,20.9,1146.05,0,VIP(4yr+),1,0,21.623584905660376,10.45,0,2
Male,Yes,No,No,30,Yes,No,DSL,Yes,Yes,No,No,Yes,Yes,Month-to-month,Yes,Electronic check,74.75,2111.3,0,Loyal(2-4yr),5,1,70.37666666666668,12.458333333333334,1,0
Female,Yes,Yes,No,54,Yes,No,Fiber optic,No,No,Yes,Yes,Yes,Yes,One year,Yes,Electronic check,99.1,5437.1,0,VIP(4yr+),5,1,100.68703703703704,16.516666666666666,0,1
Female,No,Yes,Yes,1,Yes,No,Fiber optic,No,Yes,No,No,No,No,Month-to-month,Yes,Electronic check,74.7,74.7,1,New(0-12mo),2,1,74.7,24.900000000000002,1,0
Female,No,No,Yes,51,No,No phone service,DSL,Yes,No,Yes,Yes,Yes,Yes,One year,No,Bank transfer (automatic),60.15,3077.0,0,VIP(4yr+),5,1,60.333333333333336,10.025,0,1
Male,Yes,Yes,No,21,Yes,No,Fiber optic,No,No,No,No,No,No,Month-to-month,Yes,Electronic check,69.1,1474.75,1,Established(1-2yr),1,1,70.22619047619048,34.55,1,0
Male,No,No,No,52,Yes,Yes,DSL,Yes,No,No,Yes,Yes,Yes,Two year,Yes,Credit card (automatic),79.75,4217.8,0,VIP(4yr+),6,1,81.11153846153846,11.392857142857142,0,2
Male,Yes,Yes,No,18,Yes,No,Fiber optic,No,No,No,No,No,Yes,Month-to-month,No,Electronic check,78.55,1422.65,1,Established(1-2yr),2,1,79.03611111111111,26.183333333333334,1,0
Male,No,Yes,Yes,66,Yes,No,Fiber optic,Yes,Yes,Yes,No,Yes,Yes,One year,Yes,Bank transfer (automatic),103.15,7031.3,0,VIP(4yr+),6,1,106.53484848484848,14.735714285714286,0,1
Male,No,No,No,41,Yes,Yes,No,No internet service,No internet service,No internet service,No internet service,No internet service,No internet service,Month-to-month,Yes,Bank transfer (automatic),25.25,996.45,0,Loyal(2-4yr),2,0,24.303658536585367,8.416666666666666,1,0
Female,No,Yes,Yes,10,Yes,No,DSL,No,Yes,No,Yes,No,Yes,Month-to-month,Yes,Electronic check,65.5,616.9,0,New(0-12mo),4,1,61.69,13.1,1,0
Male,No,Yes,Yes,37,No,No phone service,DSL,Yes,Yes,Yes,No,No,No,Month-to-month,No,Bank transfer (automatic),40.2,1448.8,1,Loyal(2-4yr),3,1,39.15675675675676,10.05,1,0
Female,No,Yes,Yes,55,Yes,Yes,Fiber optic,Yes,Yes,No,No,No,No,Month-to-month,Yes,Electronic check,85.1,4600.95,0,VIP(4yr+),4,1,83.65363636363637,17.02,1,0
Male,No,Yes,Yes,63,Yes,Yes,Fiber optic,No,Yes,Yes,No,Yes,Yes,Two year,Yes,Bank transfer (automatic),104.8,6597.25,0,VIP(4yr+),6,1,104.71825396825396,14.971428571428572,0,2
Female,No,Yes,No,71,Yes,Yes,No,No internet service,No internet service,No internet service,No internet service,No internet service,No internet service,Two year,Yes,Credit card (automatic),25.95,1801.9,0,VIP(4yr+),2,0,25.378873239436622,8.65,0,2
Female,No,Yes,Yes,43,No,No phone service,DSL,Yes,Yes,No,Yes,Yes,No,One year,Yes,Bank transfer (automatic),51.25,2151.6,0,Loyal(2-4yr),4,1,50.03720930232558,10.25,0,1
Female,No,No,No,26,No,No phone service,DSL,No,No,Yes,No,Yes,Yes,Month-to-month,Yes,Credit card (automatic),50.35,1277.5,0,Loyal(2-4yr),3,1,49.13461538461539,12.5875,1,0
Female,Yes,Yes,Yes,72,Yes,Yes,DSL,Yes,Yes,Yes,Yes,Yes,Yes,Two year,No,Credit card (automatic),92.45,6440.25,1,VIP(4yr+),8,1,89.44791666666667,10.272222222222222,0,2
Female,No,Yes,Yes,23,Yes,Yes,DSL,Yes,Yes,Yes,Yes,Yes,Yes,Two year,Yes,Credit card (automatic),91.1,2198.3,0,Established(1-2yr),8,1,95.57826086956523,10.122222222222222,0,2
Male,No,Yes,No,62,No,No phone service,DSL,Yes,Yes,No,Yes,No,No,Two year,Yes,Credit card (automatic),38.6,2345.55,0,VIP(4yr+),3,1,37.83145161290323,9.65,0,2
Male,Yes,No,No,69,Yes,No,No,No internet service,No internet service,No internet service,No internet service,No internet service,No internet service,Two year,No,Credit card (automatic),20.3,1356.3,0,VIP(4yr+),1,0,19.656521739130433,10.15,0,2
Male,Yes,No,No,2,Yes,No,No,No internet service,No internet service,No internet service,No internet service,No internet service,No internet service,Month-to-month,No,Electronic check,19.2,37.2,0,New(0-12mo),1,0,18.6,9.6,1,0
Female,No,Yes,Yes,38,Yes,No,No,No internet service,No internet service,No internet service,No internet service,No internet service,No internet service,Two year,Yes,Mailed check,19.95,756.4,0,Loyal(2-4yr),1,0,19.905263157894737,9.975,0,2
Male,Yes,Yes,No,32,Yes,Yes,Fiber optic,No,No,Yes,Yes,Yes,Yes,Month-to-month,Yes,Electronic check,104.9,3351.55,1,Loyal(2-4yr),6,1,104.7359375,14.985714285714286,1,0
Female,Yes,Yes,No,70,Yes,Yes,Fiber optic,Yes,No,No,No,No,Yes,Month-to-month,Yes,Electronic check,90.85,6470.1,0,VIP(4yr+),4,1,92.43,18.169999999999998,1,0
Female,No,Yes,Yes,8,Yes,No,Fiber optic,No,No,Yes,No,Yes,Yes,Month-to-month,Yes,Electronic check,94.2,777.3,1,New(0-12mo),4,1,97.1625,18.84,1,0
Female,No,Yes,Yes,72,Yes,Yes,Fiber optic,Yes,Yes,Yes,Yes,Yes,Yes,Two year,Yes,Bank transfer (automatic),113.1,8248.5,0,VIP(4yr+),8,1,114.5625,12.566666666666666,0,2
Female,No,Yes,Yes,42,Yes,No,Fiber optic,No,No,Yes,No,Yes,Yes,Month-to-month,Yes,Electronic check,92.15,3875.4,0,Loyal(2-4yr),4,1,92.27142857142857,18.43,1,0
Female,No,Yes,No,1,Yes,No,DSL,Yes,Yes,No,No,No,No,Month-to-month,Yes,Mailed check,53.55,53.55,0,New(0-12mo),3,1,53.55,13.3875,1,0
Male,No,No,Yes,9,Yes,No,No,No internet service,No internet service,No internet service,No internet service,No internet service,No internet service,Month-to-month,No,Mailed check,20.4,184.1,0,New(0-12mo),1,0,20.455555555555556,10.2,1,0
Female,No,No,No,49,Yes,No,Fiber optic,No,No,Yes,Yes,Yes,Yes,Two year,No,Credit card (automatic),100.65,4917.75,0,VIP(4yr+),5,1,100.36224489795919,16.775000000000002,0,2
Male,No,No,No,52,Yes,Yes,DSL,Yes,Yes,Yes,Yes,Yes,Yes,Two year,Yes,Mailed check,89.25,4652.4,0,VIP(4yr+),8,1,89.46923076923076,9.916666666666666,0,2
Female,Yes,No,No,25,Yes,Yes,Fiber optic,No,Yes,No,No,No,Yes,Month-to-month,Yes,Electronic check,89.7,2187.55,1,Loyal(2-4yr),4,1,87.50200000000001,17.94,1,0
Female,No,Yes,No,70,Yes,No,No,No internet service,No internet service,No internet service,No internet service,No internet service,No internet service,Two year,No,Bank transfer (automatic),19.45,1303.5,0,VIP(4yr+),1,0,18.62142857142857,9.725,0,2
Male,No,Yes,Yes,42,Yes,No,DSL,Yes,Yes,No,No,No,No,Month-to-month,No,Mailed check,54.5,2301.15,0,Loyal(2-4yr),3,1,54.78928571428572,13.625,1,0
Female,No,No,No,11,Yes,No,DSL,No,No,Yes,Yes,No,No,One year,No,Bank transfer (automatic),53.8,651.55,0,New(0-12mo),3,1,59.23181818181818,13.45,0,1
Female,No,Yes,No,68,Yes,Yes,No,No internet service,No internet service,No internet service,No internet service,No internet service,No internet service,Two year,Yes,Credit card (automatic),24.95,1614.9,0,VIP(4yr+),2,0,23.748529411764707,8.316666666666666,0,2
Male,No,No,No,57,Yes,No,No,No internet service,No internet service,No internet service,No internet service,No internet service,No internet service,Two year,No,Credit card (automatic),18.8,1094.35,0,VIP(4yr+),1,0,19.19912280701754,9.4,0,2
Female,No,No,No,39,No,No phone service,DSL,No,Yes,Yes,Yes,No,No,Month-to-month,No,Bank transfer (automatic),41.1,1597.05,0,Loyal(2-4yr),3,1,40.949999999999996,10.275,1,0
Male,No,Yes,No,70,Yes,Yes,DSL,Yes,Yes,Yes,Yes,Yes,No,One year,No,Bank transfer (automatic),79.4,5528.9,0,VIP(4yr+),7,1,78.9842857142857,9.925,0,1
Female,Yes,No,No,2,Yes,No,DSL,No,No,No,No,No,No,Month-to-month,Yes,Electronic check,44.3,89.3,0,New(0-12mo),1,1,44.65,22.15,1,0
Male,No,Yes,Yes,35,Yes,No,No,No internet service,No internet service,No internet service,No internet service,No internet service,No internet service,One year,No,Bank transfer (automatic),20.05,746.75,0,Loyal(2-4yr),1,0,21.335714285714285,10.025,0,1
Male,No,No,No,51,Yes,Yes,Fiber optic,Yes,Yes,No,No,Yes,No,One year,Yes,Electronic check,94.8,4837.6,1,VIP(4yr+),5,1,94.85490196078432,15.799999999999999,0,1
Female,No,Yes,Yes,72,Yes,Yes,DSL,Yes,Yes,Yes,Yes,Yes,No,Two year,No,Bank transfer (automatic),80.2,5714.2,0,VIP(4yr+),7,1,79.36388888888888,10.025,0,2
Male,No,Yes,Yes,72,Yes,Yes,DSL,Yes,Yes,Yes,Yes,No,No,Two year,No,Bank transfer (automatic),69.85,5102.35,0,VIP(4yr+),6,1,70.86597222222223,9.978571428571428,0,2
Female,Yes,No,No,53,Yes,No,Fiber optic,No,Yes,No,No,No,No,Month-to-month,Yes,Credit card (automatic),73.8,4003.85,0,VIP(4yr+),2,1,75.5443396226415,24.599999999999998,1,0
Female,No,No,No,60,Yes,No,Fiber optic,Yes,No,Yes,Yes,Yes,Yes,Month-to-month,Yes,Bank transfer (automatic),104.95,6236.75,0,VIP(4yr+),6,1,103.94583333333334,14.992857142857144,1,0
Female,No,Yes,No,23,Yes,No,DSL,No,No,Yes,Yes,No,No,Month-to-month,No,Electronic check,54.25,1221.55,0,Established(1-2yr),3,1,53.11086956521739,13.5625,1,0
Female,No,No,No,65,No,No phone service,DSL,Yes,No,Yes,Yes,Yes,Yes,Two year,No,Credit card (automatic),59.95,3921.1,0,VIP(4yr+),5,1,60.324615384615385,9.991666666666667,0,2
Male,No,Yes,No,72,Yes,Yes,Fiber optic,Yes,Yes,Yes,Yes,Yes,Yes,Two year,Yes,Bank transfer (automatic),115.8,8424.9,0,VIP(4yr+),8,1,117.01249999999999,12.866666666666667,0,2
Female,No,No,No,58,Yes,No,Fiber optic,No,No,No,Yes,Yes,Yes,Month-to-month,Yes,Electronic check,95.3,5817.7,0,VIP(4yr+),4,1,100.3051724137931,19.06,1,0
Male,No,No,Yes,1,Yes,No,No,No internet service,No internet service,No internet service,No internet service,No internet service,No internet service,Month-to-month,No,Mailed check,19.25,19.25,1,New(0-12mo),1,0,19.25,9.625,1,0
Female,No,Yes,Yes,63,Yes,No,No,No internet service,No internet service,No internet service,No internet service,No internet service,No internet service,Two year,No,Credit card (automatic),20.0,1209.25,0,VIP(4yr+),1,0,19.194444444444443,10.0,0,2
Female,No,No,No,51,Yes,No,No,No internet service,No internet service,No internet service,No internet service,No internet service,No internet service,Two year,No,Bank transfer (automatic),20.65,1020.75,0,VIP(4yr+),1,0,20.014705882352942,10.325,0,2
Male,No,Yes,Yes,29,Yes,No,DSL,No,No,Yes,Yes,Yes,Yes,Two year,No,Mailed check,75.55,2054.4,0,Loyal(2-4yr),5,1,70.84137931034483,12.591666666666667,0,2
Male,No,No,No,13,Yes,No,No,No internet service,No internet service,No internet service,No internet service,No internet service,No internet service,One year,Yes,Mailed check,19.95,257.0,0,Established(1-2yr),1,0,19.76923076923077,9.975,0,1
Female,Yes,No,No,67,Yes,No,Fiber optic,Yes,Yes,No,Yes,Yes,No,Two year,Yes,Bank transfer (automatic),92.45,6140.85,0,VIP(4yr+),5,1,91.65447761194031,15.408333333333333,0,2
Male,No,No,No,3,No,No phone service,DSL,No,No,No,Yes,No,No,Month-to-month,No,Electronic check,30.4,82.15,0,New(0-12mo),1,1,27.383333333333336,15.2,1,0
Female,No,No,No,2,Yes,Yes,DSL,No,Yes,No,No,No,No,Month-to-month,No,Mailed check,54.15,101.65,0,New(0-12mo),3,1,50.825,13.5375,1,0
Female,No,Yes,No,68,Yes,Yes,Fiber optic,No,No,Yes,No,Yes,No,Two year,Yes,Bank transfer (automatic),89.95,5974.3,0,VIP(4yr+),4,1,87.85735294117647,17.990000000000002,0,2
Female,No,Yes,No,3,Yes,No,No,No internet service,No internet service,No internet service,No internet service,No internet service,No internet service,Month-to-month,Yes,Mailed check,19.6,55.25,0,New(0-12mo),1,0,18.416666666666668,9.8,1,0
Male,No,No,No,13,No,No phone service,DSL,Yes,No,No,Yes,Yes,No,Month-to-month,Yes,Credit card (automatic),45.55,597.0,1,Established(1-2yr),3,1,45.92307692307692,11.3875,1,0
Male,No,No,Yes,19,Yes,No,No,No internet service,No internet service,No internet service,No internet service,No internet service,No internet service,Month-to-month,Yes,Electronic check,20.0,377.55,0,Established(1-2yr),1,0,19.871052631578948,10.0,1,0
Female,No,Yes,No,15,Yes,Yes,DSL,No,No,No,No,No,No,Month-to-month,Yes,Electronic check,51.1,711.15,0,Established(1-2yr),2,1,47.41,17.033333333333335,1,0
Male,No,No,No,42,Yes,Yes,Fiber optic,No,No,Yes,No,No,No,Month-to-month,No,Electronic check,79.9,3313.4,0,Loyal(2-4yr),3,1,78.89047619047619,19.975,1,0
Male,No,Yes,No,36,Yes,No,No,No internet service,No internet service,No internet service,No internet service,No internet service,No internet service,One year,No,Bank transfer (automatic),20.85,720.05,0,Loyal(2-4yr),1,0,20.001388888888886,10.425,0,1
Female,No,Yes,Yes,61,Yes,Yes,Fiber optic,Yes,Yes,Yes,Yes,Yes,Yes,Two year,No,Credit card (automatic),115.1,7008.15,0,VIP(4yr+),8,1,114.88770491803278,12.788888888888888,0,2
Female,No,No,No,56,Yes,No,No,No internet service,No internet service,No internet service,No internet service,No internet service,No internet service,Two year,Yes,Bank transfer (automatic),19.55,1080.55,0,VIP(4yr+),1,0,19.295535714285712,9.775,0,2
Female,No,Yes,Yes,58,Yes,Yes,Fiber optic,Yes,Yes,No,No,No,Yes,Month-to-month,Yes,Bank transfer (automatic),93.4,5435.6,1,VIP(4yr+),5,1,93.71724137931035,15.566666666666668,1,0
Female,No,No,No,22,Yes,No,No,No internet service,No internet service,No internet service,No internet service,No internet service,No internet service,Month-to-month,Yes,Mailed check,20.05,470.2,0,Established(1-2yr),1,0,21.37272727272727,10.025,1,0
Female,Yes,No,No,54,Yes,Yes,DSL,No,Yes,No,Yes,Yes,No,One year,No,Mailed check,72.1,3886.05,0,VIP(4yr+),5,1,71.96388888888889,12.016666666666666,0,1
Female,No,Yes,No,24,Yes,Yes,DSL,Yes,Yes,Yes,No,No,No,Month-to-month,No,Mailed check,66.3,1559.45,0,Established(1-2yr),5,1,64.97708333333334,11.049999999999999,1,0
Male,No,Yes,No,50,Yes,Yes,Fiber optic,No,Yes,No,No,Yes,Yes,One year,Yes,Electronic check,98.25,4858.7,0,VIP(4yr+),5,1,97.17399999999999,16.375,0,1
Male,No,No,No,1,Yes,No,DSL,No,No,No,No,No,Yes,Month-to-month,Yes,Electronic check,55.0,55.0,1,New(0-12mo),2,1,55.0,18.333333333333332,1,0
Female,Yes,No,No,16,Yes,Yes,Fiber optic,No,No,No,No,Yes,Yes,Month-to-month,Yes,Electronic check,96.15,1529.2,1,Established(1-2yr),4,1,95.575,19.23,1,0
Male,No,No,Yes,57,Yes,Yes,DSL,Yes,Yes,Yes,Yes,Yes,Yes,Two year,No,Mailed check,89.55,5012.35,0,VIP(4yr+),8,1,87.93596491228071,9.95,0,2
Female,No,No,No,3,Yes,Yes,Fiber optic,No,No,No,No,No,No,Month-to-month,No,Electronic check,75.25,242.0,1,New(0-12mo),2,1,80.66666666666667,25.083333333333332,1,0
Male,No,Yes,Yes,15,Yes,No,Fiber optic,Yes,No,No,No,No,No,Month-to-month,No,Mailed check,75.1,1151.55,0,Established(1-2yr),2,1,76.77,25.03333333333333,1,0
Female,Yes,Yes,No,21,Yes,Yes,DSL,No,Yes,Yes,No,No,Yes,One year,No,Bank transfer (automatic),71.7,1497.05,0,Established(1-2yr),5,1,71.28809523809524,11.950000000000001,0,1
Male,No,Yes,Yes,50,Yes,Yes,Fiber optic,No,Yes,Yes,No,Yes,Yes,Month-to-month,Yes,Bank transfer (automatic),103.85,5017.9,1,VIP(4yr+),6,1,100.35799999999999,14.835714285714285,1,0
Female,Yes,No,No,14,Yes,Yes,Fiber optic,No,No,No,No,No,No,Month-to-month,Yes,Electronic check,74.3,1096.25,1,Established(1-2yr),2,1,78.30357142857143,24.766666666666666,1,0
Male,No,No,No,5,Yes,Yes,Fiber optic,No,Yes,Yes,No,Yes,Yes,Month-to-month,No,Electronic check,105.3,550.6,0,New(0-12mo),6,1,110.12,15.042857142857143,1,0
Male,No,Yes,No,17,Yes,Yes,Fiber optic,Yes,Yes,Yes,No,No,No,Month-to-month,No,Credit card (automatic),90.2,1454.15,1,Established(1-2yr),5,1,85.53823529411765,15.033333333333333,1,0
Female,Yes,Yes,No,5,Yes,Yes,Fiber optic,No,No,No,No,No,No,Month-to-month,Yes,Electronic check,74.35,334.8,1,New(0-12mo),2,1,66.96000000000001,24.78333333333333,1,0
Male,Yes,Yes,No,60,Yes,Yes,Fiber optic,No,Yes,Yes,No,Yes,Yes,One year,Yes,Electronic check,104.35,6339.45,0,VIP(4yr+),6,1,105.6575,14.907142857142857,0,1
Male,No,No,No,21,Yes,No,No,No internet service,No internet service,No internet service,No internet service,No internet service,No internet service,Two year,No,Mailed check,19.6,390.4,0,Established(1-2yr),1,0,18.59047619047619,9.8,0,2
Female,No,Yes,Yes,54,Yes,Yes,Fiber optic,Yes,Yes,No,No,Yes,Yes,Month-to-month,Yes,Bank transfer (automatic),104.1,5645.8,0,VIP(4yr+),6,1,104.55185185185185,14.87142857142857,1,0
Male,No,Yes,No,18,Yes,Yes,Fiber optic,No,No,No,No,Yes,Yes,Month-to-month,Yes,Electronic check,94.75,1691.9,0,Established(1-2yr),4,1,93.99444444444445,18.95,1,0
Male,Yes,Yes,No,25,Yes,Yes,Fiber optic,Yes,No,No,No,No,Yes,One year,Yes,Electronic check,89.05,2177.45,1,Loyal(2-4yr),4,1,87.098,17.81,0,1
Female,No,Yes,Yes,15,Yes,No,No,No internet service,No internet service,No internet service,No internet service,No internet service,No internet service,One year,No,Mailed check,20.55,295.95,0,Established(1-2yr),1,0,19.73,10.275,0,1
Male,No,Yes,No,72,Yes,Yes,No,No internet service,No internet service,No internet service,No internet service,No internet service,No internet service,Two year,No,Mailed check,25.4,1797.1,0,VIP(4yr+),2,0,24.959722222222222,8.466666666666667,0,2
Male,No,Yes,Yes,49,No,No phone service,DSL,No,Yes,No,No,Yes,Yes,One year,Yes,Bank transfer (automatic),51.8,2541.25,1,VIP(4yr+),3,1,51.86224489795919,12.95,0,1
Female,No,Yes,Yes,49,Yes,No,DSL,Yes,No,Yes,Yes,No,No,Month-to-month,No,Bank transfer (automatic),61.75,3024.15,0,VIP(4yr+),4,1,61.71734693877551,12.35,1,0
Male,No,Yes,Yes,59,Yes,Yes,Fiber optic,Yes,Yes,No,Yes,Yes,Yes,Two year,Yes,Mailed check,111.1,6555.2,0,VIP(4yr+),7,1,111.10508474576271,13.8875,0,2
Male,No,No,No,35,Yes,Yes,No,No internet service,No internet service,No internet service,No internet service,No internet service,No internet service,Month-to-month,Yes,Electronic check,25.6,901.25,0,Loyal(2-4yr),2,0,25.75,8.533333333333333,1,0
Male,No,Yes,Yes,34,No,No phone service,DSL,No,No,Yes,Yes,Yes,No,Month-to-month,Yes,Electronic check,44.85,1442.6,0,Loyal(2-4yr),3,1,42.42941176470588,11.2125,1,0
Female,No,No,No,5,Yes,No,DSL,No,Yes,No,No,No,No,Month-to-month,No,Bank transfer (automatic),50.55,244.75,0,New(0-12mo),2,1,48.95,16.849999999999998,1,0
Female,No,Yes,Yes,4,Yes,Yes,Fiber optic,No,No,No,No,No,Yes,Month-to-month,Yes,Electronic check,85.95,381.3,1,New(0-12mo),3,1,95.325,21.4875,1,0
Male,Yes,No,No,37,No,No phone service,DSL,No,Yes,Yes,No,No,No,Month-to-month,No,Electronic check,36.65,1315.0,0,Loyal(2-4yr),2,1,35.54054054054054,12.216666666666667,1,0
Female,No,Yes,Yes,23,Yes,No,No,No internet service,No internet service,No internet service,No internet service,No internet service,No internet service,Two year,Yes,Mailed check,19.65,451.55,0,Established(1-2yr),1,0,19.632608695652173,9.825,0,2
Female,No,No,No,52,Yes,Yes,DSL,Yes,No,Yes,Yes,Yes,No,One year,No,Credit card (automatic),74.0,3877.65,0,VIP(4yr+),6,1,74.57019230769231,10.571428571428571,0,1
Male,No,No,No,27,Yes,No,No,No internet service,No internet service,No internet service,No internet service,No internet service,No internet service,Month-to-month,Yes,Electronic check,19.4,529.8,0,Loyal(2-4yr),1,0,19.62222222222222,9.7,1,0
Female,No,No,No,67,Yes,Yes,No,No internet service,No internet service,No internet service,No internet service,No internet service,No internet service,Two year,Yes,Bank transfer (automatic),25.6,1790.35,0,VIP(4yr+),2,0,26.721641791044775,8.533333333333333,0,2
Female,No,No,No,7,Yes,No,Fiber optic,No,No,Yes,No,Yes,Yes,Month-to-month,Yes,Electronic check,95.35,660.9,1,New(0-12mo),4,1,94.41428571428571,19.07,1,0
Male,No,No,Yes,1,Yes,No,Fiber optic,No,No,No,No,No,No,Month-to-month,No,Bank transfer (automatic),69.75,69.75,1,New(0-12mo),1,1,69.75,34.875,1,0
Male,Yes,Yes,No,1,No,No phone service,DSL,No,No,No,No,No,No,Month-to-month,No,Electronic check,25.05,25.05,1,New(0-12mo),0,1,25.05,25.05,1,0
Female,No,Yes,Yes,1,Yes,No,No,No internet service,No internet service,No internet service,No internet service,No internet service,No internet service,Month-to-month,No,Electronic check,19.25,19.25,0,New(0-12mo),1,0,19.25,9.625,1,0
Male,No,Yes,Yes,60,Yes,No,No,No internet service,No internet service,No internet service,No internet service,No internet service,No internet service,Two year,No,Mailed check,20.55,1205.05,0,VIP(4yr+),1,0,20.084166666666665,10.275,0,2
Female,No,Yes,Yes,43,Yes,Yes,Fiber optic,No,No,Yes,No,No,Yes,Month-to-month,Yes,Bank transfer (automatic),92.55,4039.0,0,Loyal(2-4yr),4,1,93.93023255813954,18.509999999999998,1,0
Male,No,No,No,57,Yes,No,No,No internet service,No internet service,No internet service,No internet service,No internet service,No internet service,Two year,No,Mailed check,20.75,1118.8,0,VIP(4yr+),1,0,19.628070175438594,10.375,0,2
Male,No,Yes,No,67,Yes,Yes,Fiber optic,No,Yes,Yes,No,No,Yes,Two year,Yes,Electronic check,93.15,6368.2,0,VIP(4yr+),5,1,95.04776119402985,15.525,0,2
Female,No,Yes,Yes,59,Yes,Yes,DSL,Yes,Yes,No,Yes,No,No,One year,No,Mailed check,65.5,3801.3,0,VIP(4yr+),5,1,64.42881355932204,10.916666666666666,0,1
Female,No,No,No,6,No,No phone service,DSL,No,No,No,Yes,Yes,Yes,One year,Yes,Mailed check,49.25,255.6,0,New(0-12mo),3,1,42.6,12.3125,0,1
Male,Yes,No,No,53,No,No phone service,DSL,No,Yes,Yes,No,Yes,Yes,Month-to-month,Yes,Electronic check,54.45,2854.55,1,VIP(4yr+),4,1,53.859433962264156,10.89,1,0
Male,Yes,Yes,No,7,Yes,No,Fiber optic,No,No,No,No,No,No,Month-to-month,Yes,Mailed check,70.1,467.55,1,New(0-12mo),1,1,66.79285714285714,35.05,1,0
Male,No,Yes,Yes,43,Yes,No,No,No internet service,No internet service,No internet service,No internet service,No internet service,No internet service,One year,Yes,Mailed check,19.2,776.25,0,Loyal(2-4yr),1,0,18.052325581395348,9.6,0,1
Female,No,Yes,No,32,Yes,No,Fiber optic,No,Yes,No,No,No,Yes,Month-to-month,No,Bank transfer (automatic),84.15,2585.95,1,Loyal(2-4yr),3,1,80.8109375,21.0375,1,0
Female,Yes,No,No,2,Yes,No,Fiber optic,No,No,No,No,No,No,Month-to-month,Yes,Electronic check,70.65,142.35,1,New(0-12mo),1,1,71.175,35.325,1,0
Male,Yes,No,No,1,Yes,No,Fiber optic,No,No,No,Yes,No,No,Month-to-month,No,Electronic check,74.7,74.7,0,New(0-12mo),2,1,74.7,24.900000000000002,1,0
Female,Yes,No,No,4,Yes,Yes,Fiber optic,No,No,No,No,No,No,Month-to-month,Yes,Electronic check,74.45,294.45,0,New(0-12mo),2,1,73.6125,24.816666666666666,1,0
Male,No,Yes,Yes,69,No,No phone service,DSL,Yes,No,Yes,Yes,No,No,Two year,No,Mailed check,39.1,2779.5,0,VIP(4yr+),3,1,40.28260869565217,9.775,0,2
Female,No,No,No,4,Yes,No,DSL,Yes,Yes,No,No,No,No,Month-to-month,No,Electronic check,55.2,220.65,0,New(0-12mo),3,1,55.1625,13.8,1,0
Male,No,No,Yes,39,Yes,No,No,No internet service,No internet service,No internet service,No internet service,No internet service,No internet service,One year,No,Bank transfer (automatic),19.35,779.2,0,Loyal(2-4yr),1,0,19.97948717948718,9.675,0,1
Female,No,Yes,Yes,59,Yes,No,No,No internet service,No internet service,No internet service,No internet service,No internet service,No internet service,Two year,No,Credit card (automatic),19.5,1222.65,0,VIP(4yr+),1,0,20.722881355932206,9.75,0,2
Male,No,No,No,1,Yes,No,DSL,No,Yes,No,No,No,No,Month-to-month,Yes,Mailed check,50.15,50.15,0,New(0-12mo),2,1,50.15,16.716666666666665,1,0
Male,No,No,No,20,Yes,Yes,Fiber optic,No,No,No,Yes,Yes,Yes,Month-to-month,Yes,Mailed check,98.55,2031.95,0,Established(1-2yr),5,1,101.5975,16.425,1,0
Male,Yes,Yes,No,1,Yes,Yes,Fiber optic,No,No,No,No,No,No,Month-to-month,Yes,Electronic check,73.55,73.55,1,New(0-12mo),2,1,73.55,24.516666666666666,1,0
Male,No,No,No,58,Yes,Yes,Fiber optic,No,No,Yes,Yes,Yes,Yes,One year,Yes,Electronic check,104.65,6219.6,1,VIP(4yr+),6,1,107.2344827586207,14.950000000000001,0,1
Female,No,Yes,Yes,68,Yes,Yes,DSL,Yes,Yes,Yes,Yes,Yes,Yes,Two year,Yes,Bank transfer (automatic),89.05,6185.8,0,VIP(4yr+),8,1,90.96764705882353,9.894444444444444,0,2
Female,No,No,No,47,Yes,No,No,No internet service,No internet service,No internet service,No internet service,No internet service,No internet service,Two year,Yes,Mailed check,20.55,945.7,0,Loyal(2-4yr),1,0,20.121276595744682,10.275,0,2
Male,No,Yes,Yes,8,Yes,No,No,No internet service,No internet service,No internet service,No internet service,No internet service,No internet service,Two year,No,Mailed check,19.7,130.25,0,New(0-12mo),1,0,16.28125,9.85,0,2
Male,No,No,No,1,Yes,Yes,Fiber optic,No,No,No,No,Yes,No,Month-to-month,No,Electronic check,84.5,84.5,1,New(0-12mo),3,1,84.5,21.125,1,0
Female,No,Yes,Yes,48,Yes,Yes,Fiber optic,No,No,No,No,No,Yes,One year,Yes,Mailed check,82.05,4029.95,1,Loyal(2-4yr),3,1,83.95729166666666,20.5125,0,1
Male,No,Yes,No,8,Yes,No,Fiber optic,Yes,No,No,No,No,No,Month-to-month,No,Electronic check,75.0,632.95,1,New(0-12mo),2,1,79.11875,25.0,1,0
Female,No,Yes,No,39,No,No phone service,DSL,Yes,No,Yes,No,Yes,Yes,Month-to-month,No,Electronic check,55.9,2184.35,1,Loyal(2-4yr),4,1,56.008974358974356,11.18,1,0
Male,No,Yes,No,10,Yes,Yes,Fiber optic,No,No,No,No,No,Yes,Month-to-month,Yes,Electronic check,85.25,855.3,1,New(0-12mo),3,1,85.53,21.3125,1,0
Female,No,No,No,1,Yes,No,No,No internet service,No internet service,No internet service,No internet service,No internet service,No internet service,Month-to-month,No,Electronic check,19.75,19.75,0,New(0-12mo),1,0,19.75,9.875,1,0
Female,Yes,No,No,54,Yes,Yes,DSL,Yes,Yes,No,Yes,Yes,Yes,One year,No,Bank transfer (automatic),82.45,4350.1,1,VIP(4yr+),7,1,80.55740740740741,10.30625,0,1
Female,No,No,No,17,Yes,No,Fiber optic,No,Yes,No,No,Yes,No,Month-to-month,Yes,Electronic check,83.55,1329.15,0,Established(1-2yr),3,1,78.18529411764706,20.8875,1,0
Male,No,Yes,No,72,Yes,Yes,DSL,Yes,No,Yes,Yes,Yes,Yes,Two year,No,Credit card (automatic),86.65,6094.25,0,VIP(4yr+),7,1,84.64236111111111,10.83125,0,2
Male,No,Yes,Yes,70,Yes,No,No,No internet service,No internet service,No internet service,No internet service,No internet service,No internet service,Two year,No,Credit card (automatic),20.35,1458.1,0,VIP(4yr+),1,0,20.83,10.175,0,2
Female,Yes,No,No,16,Yes,Yes,Fiber optic,No,No,No,No,Yes,Yes,Month-to-month,Yes,Electronic check,96.4,1581.2,1,Established(1-2yr),4,1,98.825,19.28,1,0
Male,No,No,No,3,No,No phone service,DSL,No,Yes,No,Yes,No,No,Month-to-month,Yes,Mailed check,36.85,108.7,1,New(0-12mo),2,1,36.233333333333334,12.283333333333333,1,0
Female,No,No,No,67,No,No phone service,DSL,No,No,Yes,Yes,Yes,Yes,Month-to-month,Yes,Credit card (automatic),53.4,3579.15,0,VIP(4yr+),4,1,53.420149253731346,10.68,1,0
Male,No,No,No,9,Yes,Yes,Fiber optic,No,No,No,No,Yes,No,Month-to-month,Yes,Electronic check,85.5,791.7,0,New(0-12mo),3,1,87.96666666666667,21.375,1,0
Female,No,No,No,2,Yes,No,DSL,No,No,Yes,No,No,Yes,Month-to-month,No,Electronic check,60.85,111.4,0,New(0-12mo),3,1,55.7,15.2125,1,0
Female,No,No,No,6,Yes,Yes,Fiber optic,No,Yes,No,No,Yes,No,Month-to-month,Yes,Electronic check,89.75,552.65,0,New(0-12mo),4,1,92.10833333333333,17.95,1,0
Male,No,Yes,Yes,46,Yes,No,No,No internet service,No internet service,No internet service,No internet service,No internet service,No internet service,Two year,Yes,Mailed check,20.2,917.45,0,Loyal(2-4yr),1,0,19.944565217391304,10.1,0,2
Male,Yes,Yes,No,40,Yes,No,DSL,No,No,No,No,No,Yes,One year,No,Electronic check,55.8,2283.3,0,Loyal(2-4yr),2,1,57.0825,18.599999999999998,0,1
Male,No,No,No,1,Yes,No,No,No internet service,No internet service,No internet service,No internet service,No internet service,No internet service,Month-to-month,No,Electronic check,20.65,20.65,0,New(0-12mo),1,0,20.65,10.325,1,0
Female,No,Yes,No,58,Yes,No,DSL,Yes,Yes,No,No,Yes,No,Month-to-month,Yes,Credit card (automatic),65.25,3791.6,0,VIP(4yr+),4,1,65.37241379310345,13.05,1,0
Female,No,Yes,Yes,22,Yes,No,DSL,Yes,Yes,Yes,No,No,No,Month-to-month,No,Mailed check,61.15,1422.05,1,Established(1-2yr),4,1,64.63863636363637,12.23,1,0
Male,Yes,Yes,No,36,Yes,Yes,Fiber optic,No,Yes,No,No,Yes,Yes,Month-to-month,Yes,Electronic check,96.5,3436.1,1,Loyal(2-4yr),5,1,95.44722222222222,16.083333333333332,1,0
Female,No,No,No,4,Yes,Yes,Fiber optic,No,No,No,Yes,Yes,Yes,Month-to-month,Yes,Mailed check,100.85,399.25,0,New(0-12mo),5,1,99.8125,16.808333333333334,1,0
Female,No,No,No,28,Yes,Yes,DSL,No,No,No,Yes,No,No,Month-to-month,Yes,Credit card (automatic),54.9,1505.15,0,Loyal(2-4yr),3,1,53.75535714285714,13.725,1,0
Male,No,Yes,No,14,Yes,Yes,Fiber optic,No,No,No,No,No,Yes,Month-to-month,Yes,Electronic check,85.15,1139.2,1,Established(1-2yr),3,1,81.37142857142858,21.2875,1,0
Male,No,No,No,62,Yes,No,No,No internet service,No internet service,No internet service,No internet service,No internet service,No internet service,Two year,No,Bank transfer (automatic),19.85,1253.65,0,VIP(4yr+),1,0,20.220161290322583,9.925,0,2
Female,No,Yes,No,72,Yes,No,DSL,Yes,Yes,Yes,Yes,Yes,Yes,Two year,No,Mailed check,85.1,6155.4,0,VIP(4yr+),7,1,85.49166666666666,10.6375,0,2
Male,No,Yes,Yes,19,Yes,No,No,No internet service,No internet service,No internet service,No internet service,No internet service,No internet service,Two year,No,Mailed check,20.2,387.4,0,Established(1-2yr),1,0,20.389473684210525,10.1,0,2
Male,No,No,Yes,54,Yes,Yes,DSL,No,Yes,No,No,No,No,Month-to-month,Yes,Credit card (automatic),55.0,3092.65,1,VIP(4yr+),3,1,57.2712962962963,13.75,1,0
Female,No,No,No,22,Yes,No,No,No internet service,No internet service,No internet service,No internet service,No internet service,No internet service,One year,No,Bank transfer (automatic),20.85,450.65,0,Established(1-2yr),1,0,20.48409090909091,10.425,0,1
Female,Yes,No,No,2,Yes,Yes,Fiber optic,No,No,Yes,No,No,Yes,Month-to-month,Yes,Electronic check,88.55,179.25,1,New(0-12mo),4,1,89.625,17.71,1,0
Male,No,No,No,51,Yes,Yes,Fiber optic,No,Yes,Yes,Yes,No,No,Month-to-month,Yes,Electronic check,87.35,4473.0,0,VIP(4yr+),5,1,87.70588235294117,14.558333333333332,1,0
Male,No,Yes,No,59,No,No phone service,DSL,No,Yes,No,No,No,Yes,Month-to-month,Yes,Bank transfer (automatic),41.05,2452.7,1,VIP(4yr+),2,1,41.57118644067796,13.683333333333332,1,0
Female,No,Yes,Yes,58,Yes,No,Fiber optic,No,Yes,Yes,No,Yes,No,Month-to-month,Yes,Electronic check,91.55,5511.65,0,VIP(4yr+),4,1,95.02844827586206,18.31,1,0
Male,No,No,No,6,Yes,No,DSL,Yes,No,No,No,No,Yes,Month-to-month,Yes,Bank transfer (automatic),59.15,336.7,0,New(0-12mo),3,1,56.11666666666667,14.7875,1,0
Female,No,Yes,Yes,28,Yes,No,Fiber optic,Yes,No,No,No,No,Yes,One year,Yes,Bank transfer (automatic),82.85,2320.8,0,Loyal(2-4yr),3,1,82.88571428571429,20.7125,0,1
Male,Yes,Yes,Yes,68,Yes,Yes,Fiber optic,No,No,Yes,Yes,Yes,Yes,One year,Yes,Credit card (automatic),107.15,7379.8,0,VIP(4yr+),6,1,108.5264705882353,15.307142857142859,0,1
Female,No,Yes,Yes,7,No,No phone service,DSL,No,No,No,No,No,No,Month-to-month,Yes,Electronic check,24.7,149.05,0,New(0-12mo),0,1,21.292857142857144,24.7,1,0
Male,No,No,No,22,Yes,No,Fiber optic,No,No,No,No,No,No,Month-to-month,Yes,Mailed check,69.7,1490.4,0,Established(1-2yr),1,1,67.74545454545455,34.85,1,0
Female,No,Yes,Yes,6,Yes,Yes,Fiber optic,No,Yes,Yes,No,Yes,No,Month-to-month,Yes,Mailed check,94.05,518.75,0,New(0-12mo),5,1,86.45833333333333,15.674999999999999,1,0
Male,No,No,No,20,Yes,Yes,Fiber optic,No,No,No,No,Yes,No,Month-to-month,Yes,Electronic check,85.25,1734.5,1,Established(1-2yr),3,1,86.725,21.3125,1,0
Male,No,Yes,Yes,18,No,No phone service,DSL,No,No,No,No,No,No,Month-to-month,No,Credit card (automatic),25.55,467.85,0,Established(1-2yr),0,1,25.991666666666667,25.55,1,0
Male,No,Yes,No,33,Yes,Yes,DSL,Yes,Yes,Yes,No,Yes,No,Month-to-month,Yes,Bank transfer (automatic),72.75,2447.45,0,Loyal(2-4yr),6,1,74.1651515151515,10.392857142857142,1,0
Female,No,Yes,Yes,5,Yes,No,Fiber optic,No,No,No,No,No,No,Month-to-month,No,Credit card (automatic),69.95,320.4,0,New(0-12mo),1,1,64.08,34.975,1,0
Male,No,No,No,1,Yes,No,Fiber optic,No,No,No,No,No,No,Month-to-month,No,Mailed check,70.6,70.6,1,New(0-12mo),1,1,70.6,35.3,1,0
Male,No,No,No,48,Yes,Yes,DSL,Yes,No,No,Yes,No,Yes,One year,Yes,Bank transfer (automatic),70.95,3629.2,0,Loyal(2-4yr),5,1,75.60833333333333,11.825000000000001,0,1
Female,No,Yes,Yes,60,Yes,Yes,Fiber optic,Yes,Yes,Yes,Yes,Yes,Yes,Two year,No,Credit card (automatic),115.25,6758.45,0,VIP(4yr+),8,1,112.64083333333333,12.805555555555555,0,2
Male,No,No,No,69,Yes,Yes,DSL,Yes,Yes,Yes,Yes,No,Yes,Two year,Yes,Credit card (automatic),81.5,5553.25,0,VIP(4yr+),7,1,80.48188405797102,10.1875,0,2
Female,No,No,No,5,Yes,Yes,Fiber optic,No,No,No,No,No,No,Month-to-month,No,Electronic check,75.6,402.5,0,New(0-12mo),2,1,80.5,25.2,1,0
Male,No,Yes,Yes,24,Yes,Yes,DSL,Yes,No,Yes,Yes,Yes,Yes,One year,Yes,Mailed check,84.8,1990.5,0,Established(1-2yr),7,1,82.9375,10.6,0,1
Female,No,Yes,No,2,Yes,No,DSL,No,No,No,No,No,No,Month-to-month,Yes,Credit card (automatic),44.6,80.55,1,New(0-12mo),1,1,40.275,22.3,1,0
Male,Yes,Yes,No,16,Yes,No,Fiber optic,No,No,No,No,No,No,Month-to-month,Yes,Bank transfer (automatic),71.8,1167.8,1,Established(1-2yr),1,1,72.9875,35.9,1,0
Female,No,Yes,Yes,49,Yes,Yes,DSL,No,Yes,No,Yes,Yes,Yes,Two year,No,Bank transfer (automatic),79.3,3902.45,0,VIP(4yr+),6,1,79.64183673469387,11.328571428571427,0,2
Female,Yes,Yes,Yes,65,Yes,Yes,Fiber optic,No,Yes,Yes,No,Yes,Yes,One year,Yes,Electronic check,107.45,7047.5,0,VIP(4yr+),6,1,108.42307692307692,15.35,0,1
Male,No,No,No,5,Yes,No,No,No internet service,No internet service,No internet service,No internet service,No internet service,No internet service,Month-to-month,No,Mailed check,20.35,92.75,0,New(0-12mo),1,0,18.55,10.175,1,0
Female,No,Yes,Yes,50,Yes,No,No,No internet service,No internet service,No internet service,No internet service,No internet service,No internet service,Two year,No,Bank transfer (automatic),20.15,930.9,0,VIP(4yr+),1,0,18.618,10.075,0,2
Female,No,Yes,Yes,18,Yes,No,DSL,No,No,Yes,Yes,No,No,One year,Yes,Credit card (automatic),54.4,957.1,0,Established(1-2yr),3,1,53.172222222222224,13.6,0,1
Male,Yes,No,No,8,Yes,No,Fiber optic,No,No,No,No,No,No,Month-to-month,Yes,Credit card (automatic),69.95,562.7,0,New(0-12mo),1,1,70.3375,34.975,1,0
Female,No,Yes,No,13,Yes,Yes,Fiber optic,No,Yes,Yes,No,Yes,No,Month-to-month,No,Electronic check,94.1,1215.6,1,Established(1-2yr),5,1,93.5076923076923,15.683333333333332,1,0
Female,Yes,No,No,46,Yes,No,Fiber optic,No,Yes,Yes,No,Yes,No,One year,Yes,Bank transfer (automatic),91.3,4126.35,0,Loyal(2-4yr),4,1,89.70326086956523,18.259999999999998,0,1
Female,No,No,No,35,Yes,No,Fiber optic,No,No,Yes,Yes,Yes,Yes,One year,Yes,Electronic check,99.25,3532.0,0,Loyal(2-4yr),5,1,100.91428571428571,16.541666666666668,0,1
Female,No,Yes,No,60,Yes,Yes,Fiber optic,Yes,Yes,No,No,No,Yes,Month-to-month,Yes,Credit card (automatic),94.1,5475.9,0,VIP(4yr+),5,1,91.265,15.683333333333332,1,0
Female,No,Yes,No,42,Yes,Yes,DSL,Yes,No,Yes,Yes,Yes,Yes,Two year,No,Credit card (automatic),84.35,3571.6,0,Loyal(2-4yr),7,1,85.03809523809524,10.54375,0,2
Female,No,No,No,4,Yes,No,DSL,No,No,No,No,No,No,Month-to-month,Yes,Mailed check,45.3,196.95,1,New(0-12mo),1,1,49.2375,22.65,1,0
Female,No,No,No,8,No,No phone service,DSL,No,Yes,No,No,No,No,Month-to-month,Yes,Mailed check,29.25,226.95,0,New(0-12mo),1,1,28.36875,14.625,1,0
Male,No,No,No,5,Yes,No,Fiber optic,No,No,No,No,Yes,No,Month-to-month,Yes,Mailed check,80.1,398.55,0,New(0-12mo),2,1,79.71000000000001,26.7,1,0
Female,No,No,No,41,No,No phone service,DSL,No,Yes,No,No,No,Yes,Month-to-month,Yes,Electronic check,40.35,1677.85,0,Loyal(2-4yr),2,1,40.923170731707316,13.450000000000001,1,0
Female,No,No,No,1,Yes,Yes,Fiber optic,No,No,Yes,No,No,No,Month-to-month,Yes,Mailed check,79.55,79.55,1,New(0-12mo),3,1,79.55,19.8875,1,0
Male,No,No,No,60,Yes,No,DSL,Yes,No,Yes,Yes,Yes,Yes,One year,No,Mailed check,79.0,4801.1,0,VIP(4yr+),6,1,80.01833333333335,11.285714285714286,0,1
Male,No,Yes,No,68,No,No phone service,DSL,Yes,No,Yes,No,Yes,Yes,Two year,Yes,Bank transfer (automatic),54.1,3794.5,0,VIP(4yr+),4,1,55.8014705882353,10.82,0,2
Female,Yes,Yes,No,70,Yes,Yes,Fiber optic,Yes,Yes,Yes,Yes,Yes,Yes,Two year,Yes,Electronic check,113.65,7714.65,0,VIP(4yr+),8,1,110.20928571428571,12.627777777777778,0,2
Female,No,Yes,No,63,Yes,Yes,Fiber optic,No,Yes,No,No,No,No,Month-to-month,Yes,Bank transfer (automatic),81.55,5029.05,0,VIP(4yr+),3,1,79.82619047619048,20.3875,1,0
Female,Yes,No,No,45,Yes,No,Fiber optic,Yes,Yes,No,Yes,No,No,Month-to-month,Yes,Bank transfer (automatic),85.7,3778.1,0,Loyal(2-4yr),4,1,83.95777777777778,17.14,1,0
Male,No,No,No,72,Yes,Yes,Fiber optic,No,Yes,Yes,No,Yes,Yes,Two year,Yes,Electronic check,103.65,7634.8,0,VIP(4yr+),6,1,106.03888888888889,14.807142857142859,0,2
Male,Yes,Yes,No,33,No,No phone service,DSL,No,Yes,Yes,Yes,Yes,No,Month-to-month,Yes,Electronic check,50.0,1750.85,0,Loyal(2-4yr),4,1,53.056060606060605,10.0,1,0
Female,Yes,No,No,2,Yes,Yes,DSL,No,Yes,No,No,No,No,Month-to-month,Yes,Credit card (automatic),56.55,118.25,0,New(0-12mo),3,1,59.125,14.1375,1,0
Female,Yes,No,No,12,Yes,Yes,Fiber optic,No,Yes,No,No,Yes,No,Month-to-month,Yes,Electronic check,91.3,1094.5,1,New(0-12mo),4,1,91.20833333333333,18.259999999999998,1,0
Male,No,Yes,No,66,Yes,Yes,Fiber optic,Yes,No,Yes,No,Yes,Yes,Two year,Yes,Credit card (automatic),106.05,6981.35,1,VIP(4yr+),6,1,105.7780303030303,15.15,0,2
Male,No,No,No,4,No,No phone service,DSL,No,No,No,No,Yes,Yes,Month-to-month,Yes,Electronic check,44.55,174.3,1,New(0-12mo),2,1,43.575,14.85,1,0
Male,No,Yes,Yes,40,Yes,Yes,Fiber optic,No,No,Yes,No,No,No,Month-to-month,Yes,Electronic check,81.2,3292.3,0,Loyal(2-4yr),3,1,82.3075,20.3,1,0
Female,No,No,No,1,Yes,Yes,Fiber optic,No,No,No,No,Yes,Yes,Month-to-month,Yes,Electronic check,93.85,93.85,1,New(0-12mo),4,1,93.85,18.77,1,0
Female,No,Yes,Yes,64,Yes,No,No,No internet service,No internet service,No internet service,No internet service,No internet service,No internet service,Two year,No,Mailed check,20.2,1277.75,0,VIP(4yr+),1,0,19.96484375,10.1,0,2
Female,No,No,No,47,No,No phone service,DSL,Yes,Yes,No,Yes,No,No,One year,No,Credit card (automatic),39.65,1798.65,0,Loyal(2-4yr),3,1,38.26914893617022,9.9125,0,1
Male,Yes,Yes,No,65,Yes,Yes,Fiber optic,No,Yes,Yes,No,Yes,Yes,Month-to-month,Yes,Electronic check,104.35,6578.55,0,VIP(4yr+),6,1,101.20846153846153,14.907142857142857,1,0
Female,No,No,No,13,Yes,Yes,Fiber optic,Yes,Yes,No,No,Yes,No,Month-to-month,Yes,Electronic check,96.65,1244.5,1,Established(1-2yr),5,1,95.73076923076923,16.108333333333334,1,0
Female,No,Yes,No,3,Yes,Yes,Fiber optic,No,No,No,No,Yes,Yes,Month-to-month,No,Electronic check,94.9,273.2,0,New(0-12mo),4,1,91.06666666666666,18.98,1,0
Female,No,No,No,1,Yes,Yes,Fiber optic,No,No,No,No,No,Yes,Month-to-month,No,Mailed check,85.8,85.8,1,New(0-12mo),3,1,85.8,21.45,1,0
Female,Yes,No,No,18,Yes,Yes,Fiber optic,No,Yes,No,Yes,Yes,Yes,Month-to-month,Yes,Credit card (automatic),103.6,1806.35,0,Established(1-2yr),6,1,100.35277777777777,14.799999999999999,1,0
Male,No,No,No,32,Yes,No,DSL,No,No,No,No,Yes,Yes,One year,Yes,Bank transfer (automatic),64.85,2010.95,0,Loyal(2-4yr),3,1,62.8421875,16.2125,0,1
Male,No,No,No,13,Yes,No,No,No internet service,No internet service,No internet service,No internet service,No internet service,No internet service,One year,No,Credit card (automatic),19.3,259.65,0,Established(1-2yr),1,0,19.97307692307692,9.65,0,1
Female,No,Yes,Yes,17,Yes,No,DSL,Yes,No,No,Yes,No,No,Month-to-month,Yes,Credit card (automatic),55.35,920.5,0,Established(1-2yr),3,1,54.14705882352941,13.8375,1,0
Male,No,Yes,Yes,50,Yes,Yes,DSL,No,No,Yes,No,No,No,One year,No,Bank transfer (automatic),54.9,2614.1,0,VIP(4yr+),3,1,52.282,13.725,0,1
Female,No,No,No,1,Yes,No,Fiber optic,No,No,No,No,Yes,No,Month-to-month,No,Electronic check,79.55,79.55,1,New(0-12mo),2,1,79.55,26.516666666666666,1,0
Male,Yes,Yes,No,34,Yes,Yes,Fiber optic,No,No,No,No,No,No,Month-to-month,Yes,Electronic check,75.55,2425.4,0,Loyal(2-4yr),2,1,71.33529411764707,25.183333333333334,1,0
Male,Yes,Yes,No,46,No,No phone service,DSL,No,Yes,Yes,Yes,Yes,Yes,One year,Yes,Bank transfer (automatic),59.9,2816.65,1,Loyal(2-4yr),5,1,61.231521739130436,9.983333333333333,0,1
Female,No,No,No,13,Yes,No,No,No internet service,No internet service,No internet service,No internet service,No internet service,No internet service,One year,No,Electronic check,19.65,244.8,0,Established(1-2yr),1,0,18.83076923076923,9.825,0,1
Female,No,Yes,Yes,47,Yes,No,No,No internet service,No internet service,No internet service,No internet service,No internet service,No internet service,Two year,No,Mailed check,19.75,948.9,0,Loyal(2-4yr),1,0,20.18936170212766,9.875,0,2
Male,No,Yes,Yes,0,Yes,Yes,No,No internet service,No internet service,No internet service,No internet service,No internet service,No internet service,Two year,No,Mailed check,25.35,0.0,0,New(0-12mo),2,0,0.0,8.450000000000001,0,2
Female,No,Yes,No,68,Yes,Yes,DSL,Yes,Yes,Yes,Yes,No,No,Two year,No,Credit card (automatic),70.9,4911.35,0,VIP(4yr+),6,1,72.22573529411765,10.12857142857143,0,2
Male,No,Yes,Yes,49,Yes,Yes,Fiber optic,No,Yes,Yes,No,Yes,No,One year,Yes,Electronic check,93.65,4520.15,0,VIP(4yr+),5,1,92.24795918367346,15.608333333333334,0,1
Male,No,Yes,No,49,Yes,Yes,DSL,Yes,No,No,No,No,No,One year,Yes,Electronic check,55.35,2633.95,0,VIP(4yr+),3,1,53.754081632653055,13.8375,0,1
Male,No,Yes,No,72,Yes,Yes,Fiber optic,Yes,Yes,Yes,No,No,Yes,Two year,Yes,Electronic check,99.15,7422.1,0,VIP(4yr+),6,1,103.08472222222223,14.164285714285715,0,2
Female,No,Yes,No,39,Yes,No,Fiber optic,Yes,No,Yes,Yes,Yes,Yes,One year,Yes,Credit card (automatic),104.7,4134.85,1,Loyal(2-4yr),6,1,106.02179487179488,14.957142857142857,0,1
Female,No,Yes,No,70,No,No phone service,DSL,No,Yes,Yes,Yes,Yes,Yes,Two year,No,Bank transfer (automatic),57.8,4039.3,0,VIP(4yr+),5,1,57.70428571428572,9.633333333333333,0,2
Female,No,Yes,No,69,Yes,Yes,No,No internet service,No internet service,No internet service,No internet service,No internet service,No internet service,One year,Yes,Electronic check,26.3,1763.55,0,VIP(4yr+),2,0,25.558695652173913,8.766666666666667,0,1
Female,No,Yes,No,2,Yes,No,Fiber optic,No,Yes,Yes,No,No,No,Month-to-month,No,Bank transfer (automatic),79.7,165.0,1,New(0-12mo),3,1,82.5,19.925,1,0
Male,No,Yes,No,1,Yes,Yes,Fiber optic,No,No,No,No,No,No,Month-to-month,Yes,Bank transfer (automatic),74.6,74.6,1,New(0-12mo),2,1,74.6,24.866666666666664,1,0
Male,No,No,No,9,Yes,No,No,No internet service,No internet service,No internet service,No internet service,No internet service,No internet service,One year,Yes,Electronic check,19.9,164.6,0,New(0-12mo),1,0,18.288888888888888,9.95,0,1
Male,No,No,No,1,Yes,No,No,No internet service,No internet service,No internet service,No internet service,No internet service,No internet service,Month-to-month,No,Mailed check,20.6,20.6,0,New(0-12mo),1,0,20.6,10.3,1,0
Male,No,No,No,15,Yes,No,No,No internet service,No internet service,No internet service,No internet service,No internet service,No internet service,One year,No,Mailed check,19.8,304.6,0,Established(1-2yr),1,0,20.30666666666667,9.9,0,1
Female,No,No,No,54,Yes,No,No,No internet service,No internet service,No internet service,No internet service,No internet service,No internet service,Two year,No,Mailed check,20.1,1079.45,0,VIP(4yr+),1,0,19.989814814814817,10.05,0,2
Female,No,Yes,No,31,Yes,No,DSL,Yes,No,No,Yes,No,Yes,One year,Yes,Electronic check,64.0,1910.75,0,Loyal(2-4yr),4,1,61.63709677419355,12.8,0,1
Female,No,Yes,Yes,72,Yes,Yes,Fiber optic,Yes,Yes,Yes,Yes,Yes,Yes,Two year,Yes,Bank transfer (automatic),116.85,8477.7,0,VIP(4yr+),8,1,117.74583333333334,12.983333333333333,0,2
Female,No,Yes,Yes,38,Yes,No,DSL,Yes,Yes,No,Yes,Yes,Yes,One year,No,Credit card (automatic),80.3,3058.65,1,Loyal(2-4yr),6,1,80.49078947368422,11.471428571428572,0,1
Male,No,No,No,6,Yes,No,DSL,Yes,No,Yes,Yes,Yes,Yes,Two year,Yes,Mailed check,80.25,493.4,0,New(0-12mo),6,1,82.23333333333333,11.464285714285714,0,2
Male,No,No,No,16,No,No phone service,DSL,Yes,Yes,Yes,Yes,Yes,No,Two year,No,Mailed check,54.85,916.15,0,Established(1-2yr),5,1,57.259375,9.141666666666667,0,2
Female,No,Yes,Yes,38,Yes,No,No,No internet service,No internet service,No internet service,No internet service,No internet service,No internet service,One year,No,Credit card (automatic),19.6,763.1,0,Loyal(2-4yr),1,0,20.08157894736842,9.8,0,1
Male,No,No,No,56,Yes,Yes,DSL,Yes,Yes,No,Yes,No,No,One year,Yes,Bank transfer (automatic),64.65,3665.55,0,VIP(4yr+),5,1,65.45625,10.775,0,1
Female,Yes,No,No,45,Yes,Yes,Fiber optic,No,No,Yes,No,Yes,Yes,One year,Yes,Bank transfer (automatic),102.15,4735.35,0,Loyal(2-4yr),5,1,105.23,17.025000000000002,0,1
Female,No,No,No,1,Yes,No,DSL,No,No,No,No,No,No,Month-to-month,No,Mailed check,45.35,45.35,0,New(0-12mo),1,1,45.35,22.675,1,0
Female,No,Yes,Yes,1,Yes,No,No,No internet service,No internet service,No internet service,No internet service,No internet service,No internet service,Month-to-month,No,Electronic check,20.0,20.0,0,New(0-12mo),1,0,20.0,10.0,1,0
Female,No,Yes,No,72,Yes,Yes,Fiber optic,No,Yes,Yes,No,Yes,Yes,One year,Yes,Electronic check,101.35,7323.15,0,VIP(4yr+),6,1,101.71041666666666,14.478571428571428,0,1
Male,No,Yes,No,63,Yes,Yes,DSL,Yes,Yes,Yes,Yes,No,Yes,One year,No,Credit card (automatic),80.0,5040.2,0,VIP(4yr+),7,1,80.0031746031746,10.0,0,1
Female,No,Yes,No,59,Yes,No,Fiber optic,No,Yes,No,Yes,Yes,Yes,Two year,Yes,Mailed check,100.05,6034.85,0,VIP(4yr+),5,1,102.285593220339,16.675,0,2
Male,No,Yes,No,43,Yes,No,Fiber optic,Yes,Yes,Yes,No,No,No,Month-to-month,Yes,Credit card (automatic),86.1,3551.65,0,Loyal(2-4yr),4,1,82.59651162790698,17.22,1,0
Male,No,No,No,15,Yes,No,No,No internet service,No internet service,No internet service,No internet service,No internet service,No internet service,Month-to-month,No,Mailed check,19.75,311.6,0,Established(1-2yr),1,0,20.773333333333333,9.875,1,0
Male,No,Yes,No,3,No,No phone service,DSL,No,No,No,No,No,No,Month-to-month,No,Mailed check,25.0,78.25,0,New(0-12mo),0,1,26.083333333333332,25.0,1,0
Female,No,No,No,8,Yes,No,DSL,No,No,No,No,No,No,Month-to-month,No,Mailed check,44.45,369.3,0,New(0-12mo),1,1,46.1625,22.225,1,0
Male,No,No,No,4,Yes,No,DSL,No,No,No,No,No,No,Month-to-month,Yes,Electronic check,45.9,199.75,0,New(0-12mo),1,1,49.9375,22.95,1,0
Male,No,No,No,50,Yes,No,Fiber optic,Yes,Yes,No,Yes,No,Yes,Month-to-month,Yes,Credit card (automatic),93.5,4747.5,0,VIP(4yr+),5,1,94.95,15.583333333333334,1,0
Male,No,Yes,Yes,1,Yes,No,No,No internet service,No internet service,No internet service,No internet service,No internet service,No internet service,Month-to-month,No,Mailed check,19.2,19.2,0,New(0-12mo),1,0,19.2,9.6,1,0
Male,No,Yes,Yes,72,Yes,No,No,No internet service,No internet service,No internet service,No internet service,No internet service,No internet service,Two year,No,Credit card (automatic),19.4,1363.25,0,VIP(4yr+),1,0,18.93402777777778,9.7,0,2
Female,No,No,No,26,Yes,No,DSL,No,Yes,Yes,No,No,No,Month-to-month,Yes,Credit card (automatic),54.75,1406.9,0,Loyal(2-4yr),3,1,54.111538461538466,13.6875,1,0
Female,No,No,No,8,Yes,Yes,Fiber optic,No,No,No,No,No,No,Month-to-month,Yes,Electronic check,75.25,576.7,0,New(0-12mo),2,1,72.0875,25.083333333333332,1,0
Male,No,No,Yes,8,Yes,No,No,No internet service,No internet service,No internet service,No internet service,No internet service,No internet service,Month-to-month,No,Bank transfer (automatic),19.45,159.2,0,New(0-12mo),1,0,19.9,9.725,1,0
Female,No,Yes,Yes,71,Yes,No,No,No internet service,No internet service,No internet service,No internet service,No internet service,No internet service,Two year,No,Credit card (automatic),19.7,1415.85,0,VIP(4yr+),1,0,19.941549295774646,9.85,0,2
Female,No,Yes,Yes,71,Yes,Yes,DSL,Yes,Yes,Yes,Yes,Yes,Yes,Two year,No,Bank transfer (automatic),89.9,6342.7,0,VIP(4yr+),8,1,89.33380281690141,9.988888888888889,0,2
Male,No,No,No,1,No,No phone service,DSL,No,No,No,No,No,Yes,Month-to-month,No,Electronic check,35.9,35.9,1,New(0-12mo),1,1,35.9,17.95,1,0
Female,No,Yes,Yes,6,Yes,No,No,No internet service,No internet service,No internet service,No internet service,No internet service,No internet service,One year,No,Credit card (automatic),19.0,105.5,0,New(0-12mo),1,0,17.583333333333332,9.5,0,1
Male,No,Yes,Yes,8,Yes,Yes,No,No internet service,No internet service,No internet service,No internet service,No internet service,No internet service,One year,No,Mailed check,24.4,203.95,0,New(0-12mo),2,0,25.49375,8.133333333333333,0,1
Male,No,Yes,Yes,17,Yes,No,Fiber optic,Yes,No,Yes,No,Yes,No,Month-to-month,Yes,Electronic check,89.4,1539.45,1,Established(1-2yr),4,1,90.55588235294118,17.880000000000003,1,0
Female,No,Yes,No,61,Yes,Yes,Fiber optic,No,Yes,No,Yes,No,Yes,Two year,Yes,Bank transfer (automatic),94.35,5703.0,0,VIP(4yr+),5,1,93.49180327868852,15.725,0,2
Female,No,Yes,No,26,Yes,No,Fiber optic,No,No,No,Yes,No,Yes,Month-to-month,No,Credit card (automatic),85.9,2196.45,0,Loyal(2-4yr),3,1,84.47884615384615,21.475,1,0
Female,No,No,No,1,No,No phone service,DSL,No,No,No,No,No,No,Month-to-month,Yes,Mailed check,25.15,25.15,0,New(0-12mo),0,1,25.15,25.15,1,0
Female,No,No,No,10,No,No phone service,DSL,No,Yes,No,Yes,No,No,Month-to-month,No,Electronic check,36.25,374.0,0,New(0-12mo),2,1,37.4,12.083333333333334,1,0
Female,No,No,No,2,Yes,No,DSL,Yes,No,No,No,No,No,Month-to-month,No,Mailed check,50.95,123.05,0,New(0-12mo),2,1,61.525,16.983333333333334,1,0
Male,No,Yes,Yes,41,Yes,Yes,DSL,No,Yes,Yes,No,Yes,No,One year,No,Bank transfer (automatic),68.5,2839.95,0,Loyal(2-4yr),5,1,69.2670731707317,11.416666666666666,0,1
Male,No,No,Yes,5,Yes,No,No,No internet service,No internet service,No internet service,No internet service,No internet service,No internet service,Month-to-month,No,Credit card (automatic),20.35,122.0,0,New(0-12mo),1,0,24.4,10.175,1,0
Female,No,No,No,18,Yes,No,DSL,No,No,Yes,No,No,No,Month-to-month,Yes,Mailed check,50.0,892.7,0,Established(1-2yr),2,1,49.59444444444445,16.666666666666668,1,0
Female,No,No,No,22,Yes,No,Fiber optic,No,Yes,No,No,No,Yes,Month-to-month,Yes,Mailed check,84.3,1855.65,1,Established(1-2yr),3,1,84.34772727272728,21.075,1,0
Female,No,Yes,No,58,Yes,Yes,DSL,No,Yes,No,Yes,No,No,Two year,Yes,Credit card (automatic),59.9,3505.1,0,VIP(4yr+),4,1,60.432758620689654,11.98,0,2
Female,No,No,No,15,Yes,No,No,No internet service,No internet service,No internet service,No internet service,No internet service,No internet service,Two year,No,Mailed check,19.6,331.6,0,Established(1-2yr),1,0,22.10666666666667,9.8,0,2
Female,Yes,No,No,4,Yes,Yes,Fiber optic,No,No,No,No,Yes,Yes,Month-to-month,Yes,Electronic check,94.3,424.45,1,New(0-12mo),4,1,106.1125,18.86,1,0
Male,No,No,No,37,Yes,No,Fiber optic,No,No,No,No,No,No,Month-to-month,Yes,Mailed check,70.35,2552.9,0,Loyal(2-4yr),1,1,68.9972972972973,35.175,1,0
Female,No,No,No,48,Yes,Yes,No,No internet service,No internet service,No internet service,No internet service,No internet service,No internet service,One year,No,Credit card (automatic),25.05,1171.5,0,Loyal(2-4yr),2,0,24.40625,8.35,0,1
Female,Yes,No,No,1,Yes,No,Fiber optic,No,No,No,No,No,No,Month-to-month,Yes,Electronic check,70.2,70.2,0,New(0-12mo),1,1,70.2,35.1,1,0
Female,No,No,No,1,Yes,No,DSL,No,Yes,No,No,No,No,Month-to-month,No,Electronic check,49.5,49.5,0,New(0-12mo),2,1,49.5,16.5,1,0
Female,No,No,No,7,Yes,Yes,Fiber optic,No,No,No,No,No,No,Month-to-month,Yes,Electronic check,73.85,511.25,1,New(0-12mo),2,1,73.03571428571429,24.616666666666664,1,0
Male,No,Yes,No,5,Yes,Yes,Fiber optic,No,Yes,No,No,No,No,Month-to-month,Yes,Electronic check,81.3,416.3,1,New(0-12mo),3,1,83.26,20.325,1,0
Male,No,No,No,3,Yes,No,DSL,No,No,No,Yes,No,No,Month-to-month,Yes,Mailed check,50.25,152.3,0,New(0-12mo),2,1,50.76666666666667,16.75,1,0
Male,Yes,Yes,No,69,No,No phone service,DSL,Yes,Yes,No,No,Yes,Yes,Two year,No,Credit card (automatic),56.55,3952.65,0,VIP(4yr+),4,1,57.28478260869565,11.309999999999999,0,2
Female,Yes,No,No,6,Yes,No,Fiber optic,No,No,No,No,Yes,Yes,Month-to-month,Yes,Electronic check,89.35,567.8,0,New(0-12mo),3,1,94.63333333333333,22.3375,1,0
Female,No,Yes,No,62,Yes,No,Fiber optic,Yes,No,Yes,Yes,Yes,Yes,One year,Yes,Electronic check,104.3,6613.65,0,VIP(4yr+),6,1,106.67177419354839,14.9,0,1
Male,Yes,Yes,No,70,Yes,Yes,DSL,Yes,Yes,Yes,Yes,Yes,Yes,Two year,Yes,Credit card (automatic),88.55,6306.5,0,VIP(4yr+),8,1,90.09285714285714,9.838888888888889,0,2
Female,No,Yes,Yes,56,Yes,No,No,No internet service,No internet service,No internet service,No internet service,No internet service,No internet service,Two year,No,Mailed check,20.05,1090.1,0,VIP(4yr+),1,0,19.46607142857143,10.025,0,2
Female,No,No,No,37,Yes,Yes,Fiber optic,No,No,Yes,No,Yes,Yes,Month-to-month,Yes,Electronic check,100.05,3810.55,0,Loyal(2-4yr),5,1,102.98783783783784,16.675,1,0
Female,No,No,No,14,Yes,No,DSL,No,Yes,No,No,No,No,One year,No,Credit card (automatic),51.45,727.85,0,Established(1-2yr),2,1,51.989285714285714,17.150000000000002,0,1
Female,No,No,No,19,Yes,No,No,No internet service,No internet service,No internet service,No internet service,No internet service,No internet service,Month-to-month,No,Mailed check,19.9,367.55,0,Established(1-2yr),1,0,19.344736842105263,9.95,1,0
Female,No,No,No,9,Yes,No,No,No internet service,No internet service,No internet service,No internet service,No internet service,No internet service,Month-to-month,No,Mailed check,20.25,186.15,0,New(0-12mo),1,0,20.683333333333334,10.125,1,0
Female,No,No,No,2,Yes,No,Fiber optic,No,No,No,No,Yes,No,Month-to-month,Yes,Electronic check,79.75,164.5,1,New(0-12mo),2,1,82.25,26.583333333333332,1,0
Male,No,No,No,5,Yes,No,DSL,No,No,No,Yes,No,No,Month-to-month,Yes,Electronic check,49.2,216.9,1,New(0-12mo),2,1,43.38,16.400000000000002,1,0
Male,No,No,No,9,Yes,No,No,No internet service,No internet service,No internet service,No internet service,No internet service,No internet service,Month-to-month,No,Credit card (automatic),19.7,180.7,0,New(0-12mo),1,0,20.077777777777776,9.85,1,0
Male,Yes,No,No,71,Yes,Yes,Fiber optic,No,Yes,No,Yes,Yes,Yes,One year,No,Bank transfer (automatic),105.75,7382.85,0,VIP(4yr+),6,1,103.98380281690142,15.107142857142858,0,1
Male,No,No,No,20,Yes,No,No,No internet service,No internet service,No internet service,No internet service,No internet service,No internet service,Month-to-month,No,Mailed check,19.4,415.4,0,Established(1-2yr),1,0,20.77,9.7,1,0
Female,No,No,No,72,Yes,Yes,DSL,No,Yes,Yes,Yes,Yes,Yes,Two year,No,Bank transfer (automatic),86.6,6350.5,0,VIP(4yr+),7,1,88.20138888888889,10.825,0,2
Female,No,Yes,Yes,37,Yes,Yes,Fiber optic,No,Yes,Yes,No,No,Yes,Month-to-month,Yes,Electronic check,95.15,3532.85,0,Loyal(2-4yr),5,1,95.48243243243243,15.858333333333334,1,0
Female,No,Yes,No,10,Yes,No,No,No internet service,No internet service,No internet service,No internet service,No internet service,No internet service,Month-to-month,Yes,Bank transfer (automatic),19.95,187.75,0,New(0-12mo),1,0,18.775,9.975,1,0
Female,No,No,No,54,Yes,Yes,Fiber optic,No,No,Yes,Yes,No,Yes,Two year,Yes,Bank transfer (automatic),95.1,5064.85,0,VIP(4yr+),5,1,93.79351851851852,15.85,0,2
Male,No,Yes,Yes,27,Yes,No,Fiber optic,Yes,Yes,No,No,No,No,One year,Yes,Credit card (automatic),80.65,2209.75,0,Loyal(2-4yr),3,1,81.8425925925926,20.1625,0,1
Female,No,Yes,No,2,Yes,No,No,No internet service,No internet service,No internet service,No internet service,No internet service,No internet service,Month-to-month,No,Mailed check,20.35,41.85,0,New(0-12mo),1,0,20.925,10.175,1,0
Female,No,No,Yes,1,Yes,Yes,No,No internet service,No internet service,No internet service,No internet service,No internet service,No internet service,Month-to-month,No,Mailed check,24.0,24.0,0,New(0-12mo),2,0,24.0,8.0,1,0
Female,No,No,No,9,Yes,No,Fiber optic,No,No,Yes,No,No,Yes,Month-to-month,Yes,Credit card (automatic),85.3,781.4,0,New(0-12mo),3,1,86.82222222222222,21.325,1,0
Female,No,No,No,7,Yes,No,Fiber optic,No,No,No,No,Yes,No,Month-to-month,Yes,Mailed check,80.3,526.7,1,New(0-12mo),2,1,75.24285714285715,26.766666666666666,1,0
Female,No,No,No,11,Yes,Yes,Fiber optic,Yes,No,No,No,No,No,Month-to-month,Yes,Bank transfer (automatic),79.0,929.3,0,New(0-12mo),3,1,84.48181818181818,19.75,1,0
Male,No,Yes,No,61,Yes,No,No,No internet service,No internet service,No internet service,No internet service,No internet service,No internet service,One year,Yes,Credit card (automatic),20.55,1252.0,0,VIP(4yr+),1,0,20.524590163934427,10.275,0,1
Male,No,No,No,17,Yes,No,Fiber optic,No,No,Yes,No,No,No,Month-to-month,Yes,Electronic check,76.65,1313.55,1,Established(1-2yr),2,1,77.26764705882353,25.55,1,0
Male,No,No,No,65,Yes,No,No,No internet service,No internet service,No internet service,No internet service,No internet service,No internet service,Two year,Yes,Credit card (automatic),19.55,1218.65,0,VIP(4yr+),1,0,18.74846153846154,9.775,0,2
Female,Yes,No,No,1,Yes,No,Fiber optic,No,No,No,No,No,No,Month-to-month,Yes,Electronic check,69.25,69.25,1,New(0-12mo),1,1,69.25,34.625,1,0
Male,No,No,Yes,32,Yes,Yes,DSL,No,Yes,Yes,Yes,Yes,Yes,One year,No,Credit card (automatic),83.7,2633.3,0,Loyal(2-4yr),7,1,82.290625,10.4625,0,1
Male,No,Yes,No,29,Yes,Yes,Fiber optic,No,Yes,Yes,No,No,No,Month-to-month,Yes,Electronic check,85.8,2440.25,0,Loyal(2-4yr),4,1,84.14655172413794,17.16,1,0
Female,No,No,No,32,Yes,No,No,No internet service,No internet service,No internet service,No internet service,No internet service,No internet service,One year,No,Bank transfer (automatic),20.55,654.55,0,Loyal(2-4yr),1,0,20.4546875,10.275,0,1
Male,No,No,No,11,Yes,No,Fiber optic,No,No,Yes,No,No,Yes,Month-to-month,No,Electronic check,84.8,888.75,0,New(0-12mo),3,1,80.79545454545455,21.2,1,0
Female,No,No,Yes,63,Yes,No,No,No internet service,No internet service,No internet service,No internet service,No internet service,No internet service,Two year,No,Credit card (automatic),19.5,1215.1,0,VIP(4yr+),1,0,19.287301587301585,9.75,0,2
Female,No,Yes,No,72,Yes,Yes,Fiber optic,Yes,Yes,Yes,Yes,Yes,Yes,Two year,Yes,Credit card (automatic),113.65,8124.2,0,VIP(4yr+),8,1,112.83611111111111,12.627777777777778,0,2
Male,No,Yes,No,54,Yes,No,DSL,Yes,Yes,No,No,Yes,Yes,Two year,Yes,Bank transfer (automatic),74.55,4191.45,0,VIP(4yr+),5,1,77.61944444444444,12.424999999999999,0,2
Female,No,No,No,27,Yes,No,No,No internet service,No internet service,No internet service,No internet service,No internet service,No internet service,Two year,Yes,Bank transfer (automatic),20.25,538.2,0,Loyal(2-4yr),1,0,19.933333333333334,10.125,0,2
Male,No,Yes,No,54,No,No phone service,DSL,No,Yes,No,No,No,No,Month-to-month,No,Electronic check,30.4,1621.35,0,VIP(4yr+),1,1,30.025,15.2,1,0
Male,No,No,No,1,Yes,Yes,DSL,No,No,No,No,No,No,Month-to-month,No,Mailed check,50.75,50.75,0,New(0-12mo),2,1,50.75,16.916666666666668,1,0
Male,No,No,No,56,Yes,Yes,Fiber optic,No,Yes,No,Yes,No,Yes,Month-to-month,Yes,Electronic check,94.45,5124.6,1,VIP(4yr+),5,1,91.51071428571429,15.741666666666667,1,0
Male,No,Yes,No,71,Yes,Yes,DSL,Yes,Yes,Yes,Yes,No,Yes,Two year,No,Credit card (automatic),80.4,5727.15,0,VIP(4yr+),7,1,80.66408450704225,10.05,0,2
Male,No,No,No,65,Yes,Yes,No,No internet service,No internet service,No internet service,No internet service,No internet service,No internet service,Two year,Yes,Bank transfer (automatic),25.1,1725.0,0,VIP(4yr+),2,0,26.53846153846154,8.366666666666667,0,2
Male,No,No,No,1,Yes,No,DSL,No,No,No,Yes,No,No,Month-to-month,No,Mailed check,49.05,49.05,0,New(0-12mo),2,1,49.05,16.349999999999998,1,0
Male,No,Yes,Yes,34,Yes,Yes,DSL,No,No,Yes,No,Yes,Yes,One year,No,Bank transfer (automatic),77.2,2753.8,0,Loyal(2-4yr),5,1,80.99411764705883,12.866666666666667,0,1
Female,No,Yes,No,20,Yes,No,No,No internet service,No internet service,No internet service,No internet service,No internet service,No internet service,One year,No,Mailed check,20.35,393.15,0,Established(1-2yr),1,0,19.6575,10.175,0,1
Female,No,No,No,8,Yes,No,No,No internet service,No internet service,No internet service,No internet service,No internet service,No internet service,One year,Yes,Mailed check,19.2,161.95,0,New(0-12mo),1,0,20.24375,9.6,0,1
Male,No,No,Yes,2,Yes,No,No,No internet service,No internet service,No internet service,No internet service,No internet service,No internet service,Month-to-month,No,Mailed check,20.4,42.9,0,New(0-12mo),1,0,21.45,10.2,1,0
Male,No,Yes,Yes,44,Yes,Yes,No,No internet service,No internet service,No internet service,No internet service,No internet service,No internet service,One year,No,Electronic check,24.85,1013.6,0,Loyal(2-4yr),2,0,23.036363636363635,8.283333333333333,0,1
Female,No,Yes,Yes,17,Yes,No,No,No internet service,No internet service,No internet service,No internet service,No internet service,No internet service,One year,No,Mailed check,20.75,418.25,0,Established(1-2yr),1,0,24.602941176470587,10.375,0,1
Female,No,No,No,26,Yes,No,Fiber optic,No,No,No,No,Yes,Yes,Month-to-month,Yes,Bank transfer (automatic),88.8,2274.35,1,Loyal(2-4yr),3,1,87.475,22.2,1,0
Female,No,No,No,1,Yes,No,DSL,No,No,No,No,No,No,Month-to-month,No,Mailed check,45.95,45.95,1,New(0-12mo),1,1,45.95,22.975,1,0
Female,No,No,Yes,37,Yes,No,No,No internet service,No internet service,No internet service,No internet service,No internet service,No internet service,One year,No,Bank transfer (automatic),20.3,755.4,0,Loyal(2-4yr),1,0,20.416216216216217,10.15,0,1
Male,No,No,No,5,No,No phone service,DSL,Yes,Yes,Yes,Yes,No,No,Month-to-month,Yes,Mailed check,43.25,219.0,1,New(0-12mo),4,1,43.8,8.65,1,0
Male,No,Yes,No,13,Yes,Yes,DSL,No,No,Yes,No,Yes,Yes,One year,Yes,Mailed check,75.3,989.45,1,Established(1-2yr),5,1,76.11153846153846,12.549999999999999,0,1
Female,No,Yes,No,43,Yes,Yes,DSL,Yes,Yes,No,Yes,Yes,Yes,Two year,No,Credit card (automatic),86.45,3574.5,0,Loyal(2-4yr),7,1,83.12790697674419,10.80625,0,2
Male,No,Yes,Yes,40,Yes,Yes,DSL,No,No,Yes,No,Yes,Yes,Month-to-month,Yes,Electronic check,74.55,3015.75,0,Loyal(2-4yr),5,1,75.39375,12.424999999999999,1,0
Female,No,Yes,No,55,Yes,No,DSL,Yes,Yes,No,Yes,No,No,Two year,No,Mailed check,56.8,3112.05,0,VIP(4yr+),4,1,56.582727272727276,11.36,0,2
Male,Yes,Yes,Yes,71,Yes,No,Fiber optic,Yes,Yes,Yes,No,No,No,One year,Yes,Bank transfer (automatic),86.7,6179.35,0,VIP(4yr+),4,1,87.0330985915493,17.34,0,1
Male,Yes,Yes,No,44,Yes,Yes,Fiber optic,No,No,Yes,No,Yes,No,Month-to-month,Yes,Electronic check,89.2,4040.2,0,Loyal(2-4yr),4,1,91.82272727272726,17.84,1,0
Female,No,No,No,3,Yes,No,Fiber optic,No,Yes,No,No,Yes,No,Month-to-month,No,Electronic check,83.75,247.25,1,New(0-12mo),3,1,82.41666666666667,20.9375,1,0
Male,Yes,Yes,No,72,Yes,Yes,Fiber optic,Yes,Yes,Yes,No,No,Yes,Two year,Yes,Credit card (automatic),102.65,7550.3,0,VIP(4yr+),6,1,104.86527777777778,14.664285714285715,0,2
Male,No,No,No,50,Yes,Yes,Fiber optic,Yes,Yes,Yes,Yes,Yes,Yes,One year,No,Credit card (automatic),114.35,5791.1,0,VIP(4yr+),8,1,115.822,12.705555555555556,0,1
Male,No,No,No,38,Yes,Yes,Fiber optic,Yes,Yes,No,No,Yes,Yes,One year,Yes,Electronic check,104.85,3887.25,0,Loyal(2-4yr),6,1,102.29605263157895,14.978571428571428,0,1
Male,No,Yes,No,60,Yes,No,No,No internet service,No internet service,No internet service,No internet service,No internet service,No internet service,Two year,No,Mailed check,19.95,1258.15,0,VIP(4yr+),1,0,20.96916666666667,9.975,0,2
Female,No,No,No,1,Yes,No,Fiber optic,No,No,No,No,No,Yes,Month-to-month,Yes,Electronic check,81.95,81.95,1,New(0-12mo),2,1,81.95,27.316666666666666,1,0
Male,Yes,Yes,No,69,Yes,Yes,Fiber optic,No,Yes,No,No,Yes,No,Month-to-month,Yes,Electronic check,89.95,6143.15,1,VIP(4yr+),4,1,89.03115942028985,17.990000000000002,1,0
Male,No,Yes,Yes,6,Yes,No,DSL,Yes,No,No,No,No,No,Month-to-month,Yes,Electronic check,49.15,295.65,0,New(0-12mo),2,1,49.275,16.383333333333333,1,0
Female,No,No,No,3,Yes,Yes,Fiber optic,No,No,No,No,No,No,Month-to-month,Yes,Credit card (automatic),75.1,270.7,1,New(0-12mo),2,1,90.23333333333333,25.03333333333333,1,0
Male,No,Yes,No,67,Yes,Yes,Fiber optic,Yes,Yes,Yes,No,Yes,Yes,One year,No,Credit card (automatic),109.9,7332.4,0,VIP(4yr+),7,1,109.43880597014925,13.7375,0,1
Male,No,No,No,1,Yes,No,DSL,No,No,No,No,No,Yes,Month-to-month,Yes,Mailed check,55.7,55.7,1,New(0-12mo),2,1,55.7,18.566666666666666,1,0
Female,No,Yes,Yes,16,Yes,No,Fiber optic,No,Yes,No,No,No,No,Month-to-month,No,Bank transfer (automatic),73.25,1195.75,0,Established(1-2yr),2,1,74.734375,24.416666666666668,1,0
Female,No,No,No,1,Yes,No,Fiber optic,No,No,No,No,No,No,Month-to-month,Yes,Electronic check,70.25,70.25,1,New(0-12mo),1,1,70.25,35.125,1,0
Male,No,Yes,No,29,Yes,No,Fiber optic,No,No,Yes,No,No,No,Month-to-month,Yes,Credit card (automatic),75.3,2263.4,0,Loyal(2-4yr),2,1,78.04827586206896,25.099999999999998,1,0
Female,No,No,No,3,Yes,No,Fiber optic,No,Yes,No,No,Yes,Yes,Month-to-month,Yes,Electronic check,95.1,307.4,1,New(0-12mo),4,1,102.46666666666665,19.02,1,0
Male,No,Yes,No,29,No,No phone service,DSL,No,No,No,No,Yes,No,Month-to-month,No,Mailed check,33.75,1009.25,0,Loyal(2-4yr),1,1,34.80172413793103,16.875,1,0
Male,No,Yes,Yes,41,Yes,No,No,No internet service,No internet service,No internet service,No internet service,No internet service,No internet service,Two year,Yes,Mailed check,20.0,879.8,0,Loyal(2-4yr),1,0,21.458536585365852,10.0,0,2
Female,No,Yes,Yes,71,Yes,Yes,DSL,Yes,Yes,Yes,Yes,No,No,Two year,No,Mailed check,71.1,5224.95,0,VIP(4yr+),6,1,73.59084507042253,10.157142857142857,0,2
Female,No,Yes,No,33,Yes,Yes,Fiber optic,No,Yes,Yes,No,Yes,Yes,Month-to-month,Yes,Electronic check,104.4,3409.6,1,Loyal(2-4yr),6,1,103.32121212121211,14.914285714285715,1,0
Male,No,No,No,24,Yes,No,DSL,Yes,No,No,Yes,No,No,Month-to-month,No,Electronic check,54.95,1348.5,0,Established(1-2yr),3,1,56.1875,13.7375,1,0
Male,No,Yes,No,59,Yes,Yes,Fiber optic,No,No,Yes,No,Yes,Yes,One year,Yes,Bank transfer (automatic),99.5,5961.1,1,VIP(4yr+),5,1,101.035593220339,16.583333333333332,0,1
Male,No,No,No,56,Yes,Yes,Fiber optic,Yes,Yes,No,No,No,No,Month-to-month,Yes,Electronic check,86.4,4922.4,0,VIP(4yr+),4,1,87.89999999999999,17.28,1,0
Female,No,No,No,24,Yes,Yes,Fiber optic,No,No,Yes,No,Yes,Yes,Month-to-month,Yes,Electronic check,98.75,2407.3,1,Established(1-2yr),5,1,100.30416666666667,16.458333333333332,1,0
Male,No,No,No,51,Yes,Yes,DSL,Yes,Yes,Yes,Yes,Yes,No,One year,Yes,Credit card (automatic),81.15,4126.2,0,VIP(4yr+),7,1,80.90588235294118,10.14375,0,1
Male,No,Yes,No,38,No,No phone service,DSL,Yes,Yes,No,Yes,Yes,Yes,Two year,Yes,Bank transfer (automatic),60.0,2193.2,0,Loyal(2-4yr),5,1,57.715789473684204,10.0,0,2
Male,No,No,No,14,Yes,Yes,Fiber optic,No,Yes,No,No,Yes,Yes,Month-to-month,Yes,Electronic check,100.55,1415.55,1,Established(1-2yr),5,1,101.11071428571428,16.758333333333333,1,0
Male,Yes,Yes,No,38,No,No phone service,DSL,No,No,No,No,No,No,Month-to-month,Yes,Electronic check,24.85,955.75,0,Loyal(2-4yr),0,1,25.151315789473685,24.85,1,0
Female,No,No,No,54,Yes,Yes,Fiber optic,Yes,No,Yes,No,Yes,Yes,One year,Yes,Bank transfer (automatic),103.95,5639.05,1,VIP(4yr+),6,1,104.42685185185185,14.85,0,1
Male,Yes,No,No,72,Yes,Yes,No,No internet service,No internet service,No internet service,No internet service,No internet service,No internet service,Two year,Yes,Credit card (automatic),25.1,1789.9,0,VIP(4yr+),2,0,24.859722222222224,8.366666666666667,0,2
Male,No,No,No,72,Yes,Yes,DSL,Yes,Yes,Yes,Yes,Yes,Yes,Two year,No,Credit card (automatic),88.55,6362.35,0,VIP(4yr+),8,1,88.36597222222223,9.838888888888889,0,2
Female,Yes,Yes,Yes,28,No,No phone service,DSL,No,No,No,No,Yes,No,Month-to-month,Yes,Electronic check,35.9,973.65,0,Loyal(2-4yr),1,1,34.77321428571428,17.95,1,0
Female,No,No,No,54,Yes,No,Fiber optic,No,No,Yes,No,Yes,Yes,One year,Yes,Credit card (automatic),94.1,5060.9,0,VIP(4yr+),4,1,93.72037037037036,18.82,0,1
Female,Yes,No,No,1,No,No phone service,DSL,No,No,No,No,No,No,Month-to-month,Yes,Electronic check,25.2,25.2,1,New(0-12mo),0,1,25.2,25.2,1,0
Male,No,Yes,Yes,17,Yes,Yes,DSL,Yes,No,No,Yes,No,No,One year,Yes,Mailed check,62.1,1096.65,0,Established(1-2yr),4,1,64.50882352941177,12.42,0,1
Male,No,No,No,51,No,No phone service,DSL,Yes,No,No,Yes,No,Yes,Month-to-month,Yes,Credit card (automatic),44.45,2181.55,0,VIP(4yr+),3,1,42.77549019607844,11.1125,1,0
Female,No,Yes,No,2,Yes,No,Fiber optic,Yes,Yes,No,No,Yes,No,Month-to-month,No,Electronic check,90.35,190.5,0,New(0-12mo),4,1,95.25,18.07,1,0
Female,Yes,No,No,71,Yes,Yes,Fiber optic,No,Yes,Yes,No,Yes,Yes,One year,Yes,Electronic check,105.9,7521.95,0,VIP(4yr+),6,1,105.94295774647887,15.12857142857143,0,1
Male,No,No,No,18,Yes,Yes,Fiber optic,No,No,No,No,Yes,No,Month-to-month,No,Bank transfer (automatic),84.3,1537.9,0,Established(1-2yr),3,1,85.4388888888889,21.075,1,0
Female,No,Yes,No,22,Yes,No,Fiber optic,No,No,No,No,No,No,Month-to-month,Yes,Electronic check,69.25,1554.0,1,Established(1-2yr),1,1,70.63636363636364,34.625,1,0
Male,No,No,No,43,Yes,No,DSL,No,Yes,No,No,No,Yes,Two year,Yes,Electronic check,60.0,2548.55,0,Loyal(2-4yr),3,1,59.268604651162796,15.0,0,2
Male,No,No,No,3,Yes,No,DSL,Yes,No,No,No,No,No,Month-to-month,Yes,Mailed check,50.15,160.85,0,New(0-12mo),2,1,53.61666666666667,16.716666666666665,1,0
Male,No,Yes,No,70,Yes,Yes,Fiber optic,Yes,Yes,Yes,Yes,Yes,Yes,One year,No,Credit card (automatic),115.65,7968.85,1,VIP(4yr+),8,1,113.84071428571428,12.850000000000001,0,1
Male,No,Yes,Yes,72,Yes,Yes,Fiber optic,No,Yes,Yes,Yes,No,No,Two year,No,Bank transfer (automatic),90.45,6565.85,0,VIP(4yr+),5,1,91.19236111111111,15.075000000000001,0,2
Female,No,Yes,No,71,Yes,Yes,No,No internet service,No internet service,No internet service,No internet service,No internet service,No internet service,Two year,Yes,Credit card (automatic),24.45,1681.6,0,VIP(4yr+),2,0,23.68450704225352,8.15,0,2
Male,No,Yes,Yes,27,Yes,Yes,Fiber optic,Yes,Yes,No,Yes,Yes,No,Month-to-month,No,Electronic check,100.75,2793.55,0,Loyal(2-4yr),6,1,103.46481481481482,14.392857142857142,1,0
Male,No,No,Yes,11,Yes,Yes,Fiber optic,No,No,No,No,No,Yes,Month-to-month,No,Electronic check,86.2,893.2,0,New(0-12mo),3,1,81.2,21.55,1,0
Male,No,Yes,No,11,Yes,No,DSL,No,No,No,No,No,No,Month-to-month,Yes,Bank transfer (automatic),45.9,521.9,0,New(0-12mo),1,1,47.445454545454545,22.95,1,0
Female,Yes,No,No,21,No,No phone service,DSL,Yes,No,No,No,Yes,No,Month-to-month,Yes,Electronic check,41.9,840.1,1,Established(1-2yr),2,1,40.00476190476191,13.966666666666667,1,0
Male,Yes,No,No,21,Yes,No,Fiber optic,No,No,Yes,No,Yes,Yes,Month-to-month,Yes,Bank transfer (automatic),96.8,2030.3,1,Established(1-2yr),4,1,96.68095238095238,19.36,1,0
Male,No,No,No,29,Yes,Yes,Fiber optic,No,No,No,No,No,Yes,Month-to-month,Yes,Electronic check,84.9,2516.2,0,Loyal(2-4yr),3,1,86.7655172413793,21.225,1,0
Male,No,No,No,1,Yes,No,No,No internet service,No internet service,No internet service,No internet service,No internet service,No internet service,Month-to-month,No,Mailed check,20.35,20.35,0,New(0-12mo),1,0,20.35,10.175,1,0
Male,No,No,No,21,Yes,No,No,No internet service,No internet service,No internet service,No internet service,No internet service,No internet service,Month-to-month,No,Mailed check,20.0,417.7,0,Established(1-2yr),1,0,19.89047619047619,10.0,1,0
Female,No,No,No,2,Yes,No,DSL,No,No,No,No,No,No,Month-to-month,Yes,Electronic check,45.4,80.95,0,New(0-12mo),1,1,40.475,22.7,1,0
Female,No,Yes,Yes,2,Yes,No,Fiber optic,No,No,No,No,No,No,Month-to-month,No,Electronic check,70.4,147.15,1,New(0-12mo),1,1,73.575,35.2,1,0
Female,Yes,No,No,13,Yes,Yes,Fiber optic,No,No,No,No,No,Yes,Month-to-month,Yes,Electronic check,82.0,1127.2,1,Established(1-2yr),3,1,86.70769230769231,20.5,1,0
Female,No,No,No,2,Yes,Yes,Fiber optic,No,No,Yes,No,Yes,No,Month-to-month,Yes,Electronic check,91.4,193.6,1,New(0-12mo),4,1,96.8,18.28,1,0
Female,No,No,No,1,Yes,Yes,Fiber optic,No,No,No,No,Yes,No,Month-to-month,Yes,Electronic check,84.6,84.6,0,New(0-12mo),3,1,84.6,21.15,1,0
Male,No,Yes,No,72,Yes,Yes,Fiber optic,Yes,Yes,No,Yes,Yes,Yes,Two year,Yes,Credit card (automatic),109.95,7852.4,0,VIP(4yr+),7,1,109.0611111111111,13.74375,0,2
Male,No,Yes,Yes,45,Yes,Yes,Fiber optic,No,Yes,Yes,Yes,Yes,Yes,Two year,Yes,Bank transfer (automatic),109.75,4900.65,0,Loyal(2-4yr),7,1,108.90333333333332,13.71875,0,2
Male,No,Yes,Yes,1,Yes,No,Fiber optic,No,No,No,No,No,No,Month-to-month,Yes,Mailed check,69.9,69.9,1,New(0-12mo),1,1,69.9,34.95,1,0
Male,Yes,Yes,No,58,Yes,Yes,Fiber optic,No,No,Yes,No,Yes,Yes,Month-to-month,Yes,Electronic check,98.7,5812.6,1,VIP(4yr+),5,1,100.21724137931035,16.45,1,0
Female,No,Yes,No,64,No,No phone service,DSL,Yes,No,Yes,Yes,No,Yes,Two year,No,Electronic check,47.85,3147.5,1,VIP(4yr+),4,1,49.1796875,9.57,0,2
Male,No,No,No,4,Yes,Yes,Fiber optic,No,No,No,No,No,No,Month-to-month,Yes,Bank transfer (automatic),72.2,305.55,1,New(0-12mo),2,1,76.3875,24.066666666666666,1,0
Female,No,Yes,Yes,57,Yes,No,No,No internet service,No internet service,No internet service,No internet service,No internet service,No internet service,Two year,Yes,Bank transfer (automatic),20.1,1087.7,0,VIP(4yr+),1,0,19.082456140350878,10.05,0,2
Female,No,No,No,1,Yes,No,Fiber optic,No,No,Yes,No,No,No,Month-to-month,No,Bank transfer (automatic),73.5,73.5,1,New(0-12mo),2,1,73.5,24.5,1,0
Male,No,Yes,Yes,65,Yes,Yes,DSL,No,Yes,Yes,Yes,Yes,Yes,Two year,Yes,Bank transfer (automatic),84.2,5324.5,0,VIP(4yr+),7,1,81.91538461538461,10.525,0,2
Female,No,Yes,Yes,9,Yes,No,DSL,Yes,No,No,No,No,No,One year,No,Mailed check,48.6,422.3,0,New(0-12mo),2,1,46.922222222222224,16.2,0,1
Female,Yes,No,No,10,No,No phone service,DSL,No,No,No,Yes,No,No,Month-to-month,Yes,Electronic check,29.65,291.4,1,New(0-12mo),1,1,29.139999999999997,14.825,1,0
Male,Yes,Yes,No,71,No,No phone service,DSL,No,Yes,Yes,No,Yes,Yes,Month-to-month,Yes,Bank transfer (automatic),52.3,3765.05,0,VIP(4yr+),4,1,53.02887323943662,10.459999999999999,1,0
Male,No,No,Yes,6,Yes,No,No,No internet service,No internet service,No internet service,No internet service,No internet service,No internet service,Month-to-month,Yes,Mailed check,20.2,98.35,0,New(0-12mo),1,0,16.391666666666666,10.1,1,0
Female,No,Yes,No,7,Yes,No,Fiber optic,No,No,Yes,No,No,No,Month-to-month,Yes,Bank transfer (automatic),75.15,496.9,1,New(0-12mo),2,1,70.98571428571428,25.05,1,0
Female,No,Yes,No,64,Yes,Yes,Fiber optic,Yes,No,Yes,No,Yes,No,Two year,Yes,Credit card (automatic),94.6,5948.7,0,VIP(4yr+),5,1,92.9484375,15.766666666666666,0,2
Male,No,Yes,Yes,38,Yes,Yes,Fiber optic,No,Yes,Yes,No,Yes,No,Month-to-month,Yes,Electronic check,94.65,3624.3,1,Loyal(2-4yr),5,1,95.3763157894737,15.775,1,0
Male,No,Yes,No,22,Yes,No,Fiber optic,Yes,Yes,No,Yes,Yes,Yes,Month-to-month,Yes,Electronic check,104.6,2180.55,0,Established(1-2yr),6,1,99.1159090909091,14.942857142857141,1,0
Male,No,No,No,47,Yes,Yes,Fiber optic,Yes,Yes,No,Yes,Yes,No,Month-to-month,No,Mailed check,100.75,4669.2,0,Loyal(2-4yr),6,1,99.34468085106383,14.392857142857142,1,0
Female,Yes,No,No,1,Yes,No,Fiber optic,No,No,No,No,No,No,Month-to-month,Yes,Electronic check,70.15,70.15,1,New(0-12mo),1,1,70.15,35.075,1,0
Male,No,Yes,Yes,18,Yes,No,Fiber optic,No,No,No,Yes,No,Yes,Month-to-month,Yes,Electronic check,85.6,1601.5,0,Established(1-2yr),3,1,88.97222222222223,21.4,1,0
Male,No,Yes,No,63,Yes,Yes,Fiber optic,No,No,Yes,No,Yes,Yes,Two year,No,Electronic check,102.6,6296.75,0,VIP(4yr+),5,1,99.9484126984127,17.099999999999998,0,2
Male,No,Yes,Yes,43,Yes,Yes,DSL,Yes,No,No,Yes,No,Yes,One year,Yes,Credit card (automatic),71.9,3173.35,0,Loyal(2-4yr),5,1,73.79883720930232,11.983333333333334,0,1
Male,No,No,No,2,Yes,No,DSL,No,No,No,No,No,No,Month-to-month,No,Mailed check,45.85,81.0,1,New(0-12mo),1,1,40.5,22.925,1,0
Female,Yes,Yes,No,47,Yes,Yes,DSL,Yes,Yes,Yes,No,No,No,Month-to-month,Yes,Credit card (automatic),67.45,3252.0,0,Loyal(2-4yr),5,1,69.19148936170212,11.241666666666667,1,0
Female,No,Yes,No,58,No,No phone service,DSL,Yes,Yes,No,No,Yes,No,One year,Yes,Electronic check,45.35,2540.1,0,VIP(4yr+),3,1,43.79482758620689,11.3375,0,1
Male,No,No,No,42,Yes,No,No,No internet service,No internet service,No internet service,No internet service,No internet service,No internet service,One year,No,Bank transfer (automatic),19.8,849.9,0,Loyal(2-4yr),1,0,20.235714285714284,9.9,0,1
Female,No,No,No,12,Yes,No,Fiber optic,Yes,No,No,No,Yes,No,One year,Yes,Credit card (automatic),85.15,979.05,0,New(0-12mo),3,1,81.58749999999999,21.2875,0,1
Male,No,Yes,Yes,32,No,No phone service,DSL,No,No,Yes,Yes,No,No,One year,Yes,Mailed check,36.25,1151.05,0,Loyal(2-4yr),2,1,35.9703125,12.083333333333334,0,1
Female,No,No,No,3,Yes,Yes,Fiber optic,No,No,No,No,No,No,Month-to-month,Yes,Electronic check,75.8,246.3,1,New(0-12mo),2,1,82.10000000000001,25.266666666666666,1,0
Female,No,No,No,47,Yes,Yes,DSL,Yes,Yes,No,Yes,No,Yes,Two year,No,Mailed check,74.05,3496.3,0,Loyal(2-4yr),6,1,74.38936170212766,10.578571428571427,0,2
Female,No,Yes,Yes,64,Yes,Yes,Fiber optic,Yes,Yes,Yes,Yes,Yes,Yes,One year,No,Electronic check,113.35,7222.75,0,VIP(4yr+),8,1,112.85546875,12.594444444444443,0,1
Male,No,No,Yes,53,Yes,No,Fiber optic,Yes,Yes,Yes,No,No,Yes,One year,No,Electronic check,95.95,5036.9,0,VIP(4yr+),5,1,95.03584905660377,15.991666666666667,0,1
Female,Yes,Yes,Yes,24,Yes,No,Fiber optic,No,No,Yes,No,Yes,Yes,Two year,Yes,Electronic check,96.55,2263.45,0,Established(1-2yr),4,1,94.31041666666665,19.31,0,2
Male,Yes,No,No,9,Yes,Yes,Fiber optic,No,No,No,No,No,Yes,Month-to-month,Yes,Credit card (automatic),84.4,732.5,1,New(0-12mo),3,1,81.38888888888889,21.1,1,0
Male,No,Yes,Yes,31,Yes,Yes,Fiber optic,Yes,No,Yes,No,Yes,No,One year,No,Bank transfer (automatic),98.05,3082.1,0,Loyal(2-4yr),5,1,99.42258064516129,16.341666666666665,0,1
Female,No,Yes,Yes,4,Yes,No,Fiber optic,No,No,Yes,No,No,No,Month-to-month,Yes,Electronic check,73.75,325.45,1,New(0-12mo),2,1,81.3625,24.583333333333332,1,0
Female,No,No,No,3,Yes,No,Fiber optic,No,No,Yes,No,No,No,Month-to-month,Yes,Mailed check,74.75,238.1,0,New(0-12mo),2,1,79.36666666666666,24.916666666666668,1,0
Male,No,Yes,No,48,Yes,No,No,No internet service,No internet service,No internet service,No internet service,No internet service,No internet service,Two year,No,Mailed check,19.25,855.1,0,Loyal(2-4yr),1,0,17.814583333333335,9.625,0,2
Female,No,No,No,39,Yes,No,DSL,No,No,No,Yes,No,Yes,One year,No,Electronic check,59.3,2209.15,0,Loyal(2-4yr),3,1,56.6448717948718,14.825,0,1
Female,No,Yes,No,28,Yes,No,No,No internet service,No internet service,No internet service,No internet service,No internet service,No internet service,Month-to-month,No,Mailed check,20.5,563.05,0,Loyal(2-4yr),1,0,20.10892857142857,10.25,1,0
Male,No,No,No,1,Yes,No,Fiber optic,No,No,No,Yes,No,No,Month-to-month,Yes,Mailed check,74.3,74.3,0,New(0-12mo),2,1,74.3,24.766666666666666,1,0
Female,No,No,No,7,Yes,Yes,DSL,No,No,No,Yes,Yes,Yes,Month-to-month,Yes,Electronic check,74.65,521.1,1,New(0-12mo),5,1,74.44285714285715,12.441666666666668,1,0
Male,No,No,No,14,Yes,Yes,DSL,No,Yes,No,No,No,No,Month-to-month,Yes,Credit card (automatic),55.5,767.55,0,Established(1-2yr),3,1,54.824999999999996,13.875,1,0
Female,No,Yes,No,20,Yes,No,Fiber optic,No,No,Yes,Yes,No,No,Month-to-month,Yes,Mailed check,81.0,1683.7,0,Established(1-2yr),3,1,84.185,20.25,1,0
Male,No,No,No,32,Yes,No,No,No internet service,No internet service,No internet service,No internet service,No internet service,No internet service,Two year,Yes,Bank transfer (automatic),20.05,614.45,0,Loyal(2-4yr),1,0,19.2015625,10.025,0,2
Male,No,No,No,27,Yes,No,No,No internet service,No internet service,No internet service,No internet service,No internet service,No internet service,Two year,No,Credit card (automatic),20.35,531.6,0,Loyal(2-4yr),1,0,19.68888888888889,10.175,0,2
Male,Yes,No,No,36,Yes,Yes,Fiber optic,Yes,No,No,No,Yes,No,Month-to-month,Yes,Electronic check,90.85,3186.7,1,Loyal(2-4yr),4,1,88.51944444444445,18.169999999999998,1,0
Male,No,No,No,9,Yes,No,No,No internet service,No internet service,No internet service,No internet service,No internet service,No internet service,Month-to-month,No,Mailed check,20.25,178.5,1,New(0-12mo),1,0,19.833333333333332,10.125,1,0
Male,No,Yes,No,42,Yes,Yes,Fiber optic,No,No,Yes,Yes,Yes,Yes,Month-to-month,Yes,Bank transfer (automatic),106.15,4512.7,1,Loyal(2-4yr),6,1,107.4452380952381,15.164285714285715,1,0
Male,No,No,No,14,Yes,No,Fiber optic,No,No,No,No,Yes,Yes,Month-to-month,Yes,Electronic check,92.9,1337.45,0,Established(1-2yr),3,1,95.53214285714286,23.225,1,0
Male,No,No,No,1,Yes,No,DSL,Yes,No,No,No,No,No,Month-to-month,No,Mailed check,51.25,51.25,0,New(0-12mo),2,1,51.25,17.083333333333332,1,0
Female,No,Yes,Yes,67,Yes,Yes,Fiber optic,No,Yes,No,Yes,Yes,No,Two year,No,Credit card (automatic),94.1,6302.8,0,VIP(4yr+),5,1,94.07164179104478,15.683333333333332,0,2
Male,No,No,Yes,71,Yes,No,DSL,Yes,Yes,Yes,Yes,Yes,No,Two year,Yes,Credit card (automatic),76.9,5522.7,0,VIP(4yr+),6,1,77.78450704225352,10.985714285714286,0,2
Female,No,Yes,No,15,Yes,Yes,No,No internet service,No internet service,No internet service,No internet service,No internet service,No internet service,Two year,No,Mailed check,25.2,387.9,0,Established(1-2yr),2,0,25.86,8.4,0,2
Male,No,Yes,Yes,64,Yes,Yes,Fiber optic,No,No,Yes,No,No,Yes,One year,No,Credit card (automatic),90.25,5629.15,0,VIP(4yr+),4,1,87.95546875,18.05,0,1
Male,Yes,Yes,Yes,28,Yes,Yes,DSL,No,No,No,No,No,No,One year,Yes,Electronic check,51.0,1381.8,0,Loyal(2-4yr),2,1,49.35,17.0,0,1
Male,No,No,No,16,Yes,No,DSL,No,No,No,Yes,No,No,Month-to-month,Yes,Mailed check,49.45,799.0,0,Established(1-2yr),2,1,49.9375,16.483333333333334,1,0
Male,No,Yes,Yes,70,Yes,No,Fiber optic,Yes,Yes,Yes,Yes,Yes,No,Two year,Yes,Credit card (automatic),101.1,6994.8,0,VIP(4yr+),6,1,99.92571428571429,14.442857142857141,0,2
Female,No,Yes,Yes,53,Yes,No,No,No internet service,No internet service,No internet service,No internet service,No internet service,No internet service,One year,Yes,Bank transfer (automatic),19.85,1039.45,0,VIP(4yr+),1,0,19.612264150943396,9.925,0,1
Male,No,Yes,Yes,67,Yes,Yes,Fiber optic,No,Yes,Yes,No,Yes,Yes,One year,Yes,Electronic check,105.4,6989.45,0,VIP(4yr+),6,1,104.32014925373134,15.057142857142859,0,1
Female,No,No,No,46,Yes,Yes,Fiber optic,No,No,Yes,No,Yes,Yes,One year,Yes,Electronic check,101.1,4674.4,0,Loyal(2-4yr),5,1,101.61739130434782,16.849999999999998,0,1
Male,No,No,No,72,Yes,Yes,DSL,Yes,Yes,Yes,Yes,Yes,Yes,Two year,No,Bank transfer (automatic),86.65,6224.8,0,VIP(4yr+),8,1,86.45555555555556,9.627777777777778,0,2
Female,No,No,No,2,Yes,Yes,Fiber optic,No,No,No,No,No,No,Month-to-month,Yes,Mailed check,74.9,136.05,0,New(0-12mo),2,1,68.025,24.96666666666667,1,0
Male,No,Yes,No,20,Yes,No,DSL,Yes,No,No,Yes,No,Yes,One year,Yes,Mailed check,64.15,1274.45,0,Established(1-2yr),4,1,63.722500000000004,12.830000000000002,0,1
Female,No,Yes,No,33,Yes,No,No,No internet service,No internet service,No internet service,No internet service,No internet service,No internet service,Month-to-month,No,Mailed check,20.05,669.45,0,Loyal(2-4yr),1,0,20.28636363636364,10.025,1,0
Female,No,Yes,Yes,23,Yes,Yes,No,No internet service,No internet service,No internet service,No internet service,No internet service,No internet service,Two year,No,Mailed check,25.1,611.45,0,Established(1-2yr),2,0,26.584782608695654,8.366666666666667,0,2
Female,No,No,No,10,Yes,No,Fiber optic,No,No,No,No,No,Yes,Month-to-month,Yes,Bank transfer (automatic),80.25,846.0,1,New(0-12mo),2,1,84.6,26.75,1,0
Male,No,Yes,No,8,Yes,No,DSL,No,Yes,Yes,No,No,No,Month-to-month,Yes,Mailed check,54.75,445.85,0,New(0-12mo),3,1,55.73125,13.6875,1,0
Male,No,No,No,5,Yes,No,Fiber optic,No,No,No,No,No,Yes,Month-to-month,No,Mailed check,78.75,426.35,0,New(0-12mo),2,1,85.27000000000001,26.25,1,0
Male,No,No,No,1,Yes,No,DSL,Yes,No,No,No,No,No,Month-to-month,No,Electronic check,47.95,47.95,0,New(0-12mo),2,1,47.95,15.983333333333334,1,0
Male,No,No,Yes,10,Yes,Yes,No,No internet service,No internet service,No internet service,No internet service,No internet service,No internet service,Month-to-month,No,Credit card (automatic),24.8,223.9,0,New(0-12mo),2,0,22.39,8.266666666666667,1,0
Male,Yes,No,No,1,Yes,Yes,Fiber optic,No,No,No,No,No,No,Month-to-month,Yes,Electronic check,75.75,75.75,1,New(0-12mo),2,1,75.75,25.25,1,0
Male,No,Yes,Yes,72,Yes,No,Fiber optic,Yes,Yes,Yes,Yes,Yes,Yes,Two year,No,Bank transfer (automatic),111.95,8033.1,0,VIP(4yr+),7,1,111.57083333333334,13.99375,0,2
Female,Yes,No,No,21,Yes,Yes,Fiber optic,No,No,No,No,Yes,Yes,Month-to-month,Yes,Bank transfer (automatic),95.4,2025.1,0,Established(1-2yr),4,1,96.43333333333332,19.080000000000002,1,0
Female,No,Yes,Yes,67,Yes,No,Fiber optic,Yes,Yes,Yes,No,No,No,One year,No,Bank transfer (automatic),84.8,5598.3,0,VIP(4yr+),4,1,83.55671641791045,16.96,0,1
Male,No,No,No,2,No,No phone service,DSL,No,No,No,No,No,No,Month-to-month,Yes,Electronic check,25.05,56.35,1,New(0-12mo),0,1,28.175,25.05,1,0
Male,Yes,No,No,16,Yes,No,Fiber optic,No,No,No,No,No,No,Month-to-month,No,Electronic check,69.65,1043.3,0,Established(1-2yr),1,1,65.20625,34.825,1,0
Female,No,Yes,Yes,70,Yes,Yes,DSL,Yes,Yes,Yes,Yes,Yes,Yes,Two year,Yes,Bank transfer (automatic),89.0,6293.2,0,VIP(4yr+),8,1,89.90285714285714,9.88888888888889,0,2
Male,No,No,No,68,Yes,Yes,No,No internet service,No internet service,No internet service,No internet service,No internet service,No internet service,Two year,No,Mailed check,24.55,1657.4,0,VIP(4yr+),2,0,24.373529411764707,8.183333333333334,0,2
Male,No,No,No,3,Yes,Yes,Fiber optic,No,No,No,No,No,No,Month-to-month,No,Electronic check,74.5,217.45,0,New(0-12mo),2,1,72.48333333333333,24.833333333333332,1,0
Male,Yes,Yes,No,72,No,No phone service,DSL,Yes,Yes,Yes,Yes,Yes,Yes,Two year,Yes,Bank transfer (automatic),63.1,4685.55,0,VIP(4yr+),6,1,65.07708333333333,9.014285714285714,0,2
Male,No,Yes,Yes,46,Yes,No,No,No internet service,No internet service,No internet service,No internet service,No internet service,No internet service,Two year,No,Credit card (automatic),19.75,856.5,0,Loyal(2-4yr),1,0,18.619565217391305,9.875,0,2
Female,No,No,No,2,Yes,No,No,No internet service,No internet service,No internet service,No internet service,No internet service,No internet service,Month-to-month,Yes,Mailed check,20.45,42.45,0,New(0-12mo),1,0,21.225,10.225,1,0
Female,Yes,Yes,No,67,Yes,Yes,Fiber optic,Yes,Yes,Yes,Yes,No,Yes,One year,Yes,Credit card (automatic),105.4,7035.6,0,VIP(4yr+),7,1,105.0089552238806,13.175,0,1
Female,No,No,No,15,Yes,Yes,DSL,No,No,No,No,No,No,Month-to-month,No,Mailed check,48.85,631.4,0,Established(1-2yr),2,1,42.093333333333334,16.283333333333335,1,0
Female,No,No,No,70,Yes,No,DSL,Yes,No,Yes,Yes,Yes,Yes,Two year,No,Bank transfer (automatic),79.6,5589.45,0,VIP(4yr+),6,1,79.84928571428571,11.37142857142857,0,2
Female,No,No,No,3,Yes,No,DSL,No,Yes,No,Yes,Yes,Yes,Month-to-month,Yes,Electronic check,75.3,244.1,0,New(0-12mo),5,1,81.36666666666666,12.549999999999999,1,0
Female,No,Yes,Yes,24,Yes,No,No,No internet service,No internet service,No internet service,No internet service,No internet service,No internet service,Two year,Yes,Mailed check,19.7,494.05,0,Established(1-2yr),1,0,20.585416666666667,9.85,0,2
Female,No,No,No,7,Yes,Yes,Fiber optic,Yes,No,No,No,No,No,Month-to-month,Yes,Mailed check,79.65,604.7,1,New(0-12mo),3,1,86.38571428571429,19.9125,1,0
Female,No,Yes,Yes,60,No,No phone service,DSL,Yes,No,Yes,Yes,Yes,Yes,Two year,No,Credit card (automatic),59.85,3590.2,0,VIP(4yr+),5,1,59.836666666666666,9.975,0,2
Female,No,No,Yes,41,Yes,No,DSL,No,No,No,No,No,No,Month-to-month,No,Bank transfer (automatic),45.2,1841.9,0,Loyal(2-4yr),1,1,44.924390243902444,22.6,1,0
Female,No,No,No,7,Yes,No,No,No internet service,No internet service,No internet service,No internet service,No internet service,No internet service,One year,No,Mailed check,19.9,173.15,0,New(0-12mo),1,0,24.735714285714288,9.95,0,1
Female,Yes,No,No,42,Yes,Yes,Fiber optic,No,Yes,Yes,No,Yes,Yes,Month-to-month,Yes,Bank transfer (automatic),104.75,4323.45,1,Loyal(2-4yr),6,1,102.93928571428572,14.964285714285714,1,0
Female,Yes,No,No,63,Yes,Yes,DSL,Yes,Yes,Yes,Yes,Yes,No,One year,No,Bank transfer (automatic),83.0,5243.05,0,VIP(4yr+),7,1,83.22301587301588,10.375,0,1
Male,No,Yes,Yes,3,Yes,No,DSL,No,Yes,Yes,No,No,No,Month-to-month,Yes,Mailed check,56.15,168.15,1,New(0-12mo),3,1,56.050000000000004,14.0375,1,0
Male,Yes,Yes,No,5,Yes,Yes,Fiber optic,No,No,Yes,No,No,No,Month-to-month,Yes,Bank transfer (automatic),79.9,343.95,1,New(0-12mo),3,1,68.78999999999999,19.975,1,0
Male,No,Yes,Yes,36,No,No phone service,DSL,Yes,No,Yes,Yes,Yes,Yes,One year,No,Credit card (automatic),60.7,2234.55,0,Loyal(2-4yr),5,1,62.07083333333334,10.116666666666667,0,1
Female,No,Yes,No,67,Yes,Yes,Fiber optic,No,Yes,Yes,No,Yes,Yes,One year,Yes,Bank transfer (automatic),105.7,6816.95,0,VIP(4yr+),6,1,101.7455223880597,15.1,0,1
Male,No,No,No,9,Yes,Yes,Fiber optic,Yes,No,No,No,No,No,Month-to-month,Yes,Electronic check,81.15,784.45,0,New(0-12mo),3,1,87.16111111111111,20.2875,1,0
Female,No,Yes,No,1,Yes,No,Fiber optic,No,No,No,No,Yes,No,Month-to-month,No,Electronic check,78.8,78.8,1,New(0-12mo),2,1,78.8,26.266666666666666,1,0
Female,No,Yes,Yes,72,Yes,Yes,No,No internet service,No internet service,No internet service,No internet service,No internet service,No internet service,Two year,No,Bank transfer (automatic),25.1,1857.85,0,VIP(4yr+),2,0,25.803472222222222,8.366666666666667,0,2
Male,No,No,No,56,Yes,Yes,No,No internet service,No internet service,No internet service,No internet service,No internet service,No internet service,Two year,Yes,Bank transfer (automatic),25.95,1444.05,0,VIP(4yr+),2,0,25.786607142857143,8.65,0,2
Female,Yes,No,No,34,No,No phone service,DSL,No,Yes,Yes,No,Yes,Yes,Month-to-month,Yes,Electronic check,56.25,1765.95,0,Loyal(2-4yr),4,1,51.93970588235294,11.25,1,0
Female,No,No,Yes,13,Yes,Yes,Fiber optic,No,Yes,Yes,No,Yes,Yes,One year,Yes,Credit card (automatic),104.15,1299.1,0,Established(1-2yr),6,1,99.93076923076923,14.87857142857143,0,1
Male,Yes,Yes,No,16,Yes,Yes,Fiber optic,No,No,No,No,Yes,No,Month-to-month,Yes,Credit card (automatic),85.05,1391.15,0,Established(1-2yr),3,1,86.946875,21.2625,1,0
Male,No,Yes,Yes,58,Yes,No,No,No internet service,No internet service,No internet service,No internet service,No internet service,No internet service,One year,Yes,Electronic check,19.55,1108.8,0,VIP(4yr+),1,0,19.117241379310343,9.775,0,1
Male,Yes,No,No,49,Yes,Yes,DSL,Yes,Yes,Yes,Yes,No,Yes,Two year,No,Credit card (automatic),81.35,4060.9,0,VIP(4yr+),7,1,82.87551020408164,10.16875,0,2
Female,No,No,No,25,Yes,Yes,Fiber optic,No,No,No,No,Yes,No,Month-to-month,Yes,Mailed check,84.6,2088.05,0,Loyal(2-4yr),3,1,83.522,21.15,1,0
Male,No,No,No,1,Yes,No,No,No internet service,No internet service,No internet service,No internet service,No internet service,No internet service,Two year,No,Mailed check,20.45,20.45,0,New(0-12mo),1,0,20.45,10.225,0,2
Female,No,No,No,51,Yes,Yes,Fiber optic,Yes,Yes,Yes,No,Yes,Yes,One year,No,Bank transfer (automatic),107.45,5680.9,0,VIP(4yr+),7,1,111.39019607843136,13.43125,0,1
Female,No,No,No,5,Yes,No,DSL,Yes,No,No,Yes,Yes,No,Month-to-month,Yes,Electronic check,64.35,352.65,0,New(0-12mo),4,1,70.53,12.87,1,0
Female,No,No,No,20,Yes,No,No,No internet service,No internet service,No internet service,No internet service,No internet service,No internet service,Two year,No,Mailed check,19.7,406.95,0,Established(1-2yr),1,0,20.3475,9.85,0,2
Male,No,No,No,1,Yes,Yes,Fiber optic,No,No,No,No,No,No,Month-to-month,Yes,Mailed check,74.25,74.25,1,New(0-12mo),2,1,74.25,24.75,1,0
Female,No,Yes,No,52,Yes,Yes,Fiber optic,No,Yes,Yes,No,Yes,Yes,Month-to-month,Yes,Electronic check,105.05,5624.85,1,VIP(4yr+),6,1,108.17019230769232,15.007142857142856,1,0
Female,No,No,Yes,2,Yes,No,DSL,No,Yes,No,No,No,No,Month-to-month,No,Mailed check,51.55,106.2,0,New(0-12mo),2,1,53.1,17.183333333333334,1,0
Male,No,Yes,No,63,Yes,No,Fiber optic,Yes,No,Yes,No,Yes,Yes,Two year,No,Credit card (automatic),99.7,6330.4,0,VIP(4yr+),5,1,100.48253968253968,16.616666666666667,0,2
Male,Yes,No,No,30,Yes,Yes,Fiber optic,Yes,No,No,No,No,Yes,Month-to-month,Yes,Credit card (automatic),90.5,2595.85,0,Loyal(2-4yr),4,1,86.52833333333334,18.1,1,0
Male,No,Yes,No,50,Yes,Yes,Fiber optic,Yes,No,Yes,No,Yes,Yes,One year,Yes,Electronic check,103.95,5231.3,0,VIP(4yr+),6,1,104.626,14.85,0,1
Male,No,Yes,Yes,11,Yes,Yes,DSL,Yes,No,No,No,Yes,No,Month-to-month,Yes,Bank transfer (automatic),65.15,723.35,0,New(0-12mo),4,1,65.75909090909092,13.030000000000001,1,0
Female,Yes,No,No,14,Yes,Yes,Fiber optic,No,Yes,No,No,No,No,Month-to-month,Yes,Electronic check,78.95,1101.85,1,Established(1-2yr),3,1,78.70357142857142,19.7375,1,0
Male,No,No,No,57,No,No phone service,DSL,No,Yes,No,No,Yes,No,Month-to-month,Yes,Electronic check,39.3,2111.45,1,VIP(4yr+),2,1,37.04298245614035,13.1,1,0
Male,Yes,Yes,No,72,Yes,Yes,Fiber optic,No,Yes,Yes,Yes,Yes,Yes,Two year,No,Credit card (automatic),109.7,7898.45,0,VIP(4yr+),7,1,109.70069444444444,13.7125,0,2
Male,No,Yes,Yes,51,Yes,No,No,No internet service,No internet service,No internet service,No internet service,No internet service,No internet service,Two year,No,Credit card (automatic),19.55,1086.75,0,VIP(4yr+),1,0,21.308823529411764,9.775,0,2
Male,No,Yes,No,15,Yes,No,Fiber optic,No,No,No,No,No,No,Month-to-month,Yes,Bank transfer (automatic),68.6,1108.6,0,Established(1-2yr),1,1,73.90666666666667,34.3,1,0
Female,No,No,No,3,Yes,No,Fiber optic,No,No,No,No,Yes,Yes,Month-to-month,Yes,Electronic check,89.45,240.45,1,New(0-12mo),3,1,80.14999999999999,22.3625,1,0
Male,Yes,Yes,No,15,Yes,Yes,Fiber optic,No,No,No,No,No,Yes,Month-to-month,Yes,Bank transfer (automatic),85.6,1345.55,1,Established(1-2yr),3,1,89.70333333333333,21.4,1,0
Male,No,No,No,9,Yes,No,No,No internet service,No internet service,No internet service,No internet service,No internet service,No internet service,One year,Yes,Mailed check,20.15,163.7,0,New(0-12mo),1,0,18.188888888888886,10.075,0,1
Male,No,Yes,Yes,61,Yes,No,DSL,Yes,Yes,Yes,Yes,No,No,Two year,Yes,Bank transfer (automatic),68.05,4158.25,0,VIP(4yr+),5,1,68.16803278688525,11.341666666666667,0,2
Female,No,No,No,2,Yes,No,Fiber optic,No,No,No,No,No,No,Month-to-month,Yes,Electronic check,70.95,137.95,1,New(0-12mo),1,1,68.975,35.475,1,0
Female,No,Yes,Yes,41,No,No phone service,DSL,Yes,No,Yes,No,No,No,One year,No,Credit card (automatic),35.4,1412.4,0,Loyal(2-4yr),2,1,34.44878048780488,11.799999999999999,0,1
Female,No,Yes,Yes,34,Yes,Yes,No,No internet service,No internet service,No internet service,No internet service,No internet service,No internet service,Two year,No,Credit card (automatic),24.95,894.3,0,Loyal(2-4yr),2,0,26.302941176470586,8.316666666666666,0,2
Male,No,Yes,No,54,Yes,No,Fiber optic,Yes,Yes,Yes,Yes,Yes,Yes,Two year,No,Bank transfer (automatic),109.75,6110.2,1,VIP(4yr+),7,1,113.15185185185184,13.71875,0,2
Female,No,Yes,Yes,72,No,No phone service,DSL,Yes,Yes,Yes,Yes,Yes,Yes,Two year,No,Bank transfer (automatic),64.45,4528.0,0,VIP(4yr+),6,1,62.888888888888886,9.207142857142857,0,2
Male,No,No,No,69,Yes,Yes,Fiber optic,No,Yes,No,Yes,Yes,Yes,One year,Yes,Bank transfer (automatic),105.2,7386.05,0,VIP(4yr+),6,1,107.04420289855072,15.028571428571428,0,1
Female,No,Yes,No,71,Yes,Yes,No,No internet service,No internet service,No internet service,No internet service,No internet service,No internet service,Two year,No,Bank transfer (automatic),24.75,1836.9,0,VIP(4yr+),2,0,25.871830985915494,8.25,0,2
Female,No,Yes,Yes,61,No,No phone service,DSL,Yes,Yes,No,Yes,No,Yes,One year,Yes,Bank transfer (automatic),50.7,3088.75,0,VIP(4yr+),4,1,50.635245901639344,10.14,0,1
Male,No,Yes,Yes,71,Yes,No,No,No internet service,No internet service,No internet service,No internet service,No internet service,No internet service,Two year,No,Mailed check,19.45,1378.45,0,VIP(4yr+),1,0,19.414788732394367,9.725,0,2
Male,No,Yes,Yes,66,Yes,No,No,No internet service,No internet service,No internet service,No internet service,No internet service,No internet service,One year,Yes,Electronic check,20.35,1359.5,0,VIP(4yr+),1,0,20.598484848484848,10.175,0,1
Male,No,No,No,26,Yes,Yes,Fiber optic,No,No,No,No,No,Yes,Month-to-month,Yes,Electronic check,83.95,2254.2,1,Loyal(2-4yr),3,1,86.69999999999999,20.9875,1,0
Female,Yes,No,No,52,Yes,Yes,DSL,Yes,No,Yes,No,No,No,Two year,No,Bank transfer (automatic),59.85,3103.25,0,VIP(4yr+),4,1,59.67788461538461,11.97,0,2
Female,Yes,No,No,44,Yes,No,DSL,No,No,Yes,Yes,Yes,Yes,One year,No,Bank transfer (automatic),74.85,3268.05,0,Loyal(2-4yr),5,1,74.27386363636364,12.475,0,1
Female,No,Yes,No,60,No,No phone service,DSL,No,Yes,Yes,Yes,Yes,Yes,Two year,No,Credit card (automatic),60.8,3603.45,0,VIP(4yr+),5,1,60.0575,10.133333333333333,0,2
Male,No,No,No,40,Yes,Yes,Fiber optic,No,No,Yes,Yes,Yes,Yes,Month-to-month,No,Bank transfer (automatic),104.8,4131.95,1,Loyal(2-4yr),6,1,103.29875,14.971428571428572,1,0
Female,Yes,No,No,30,No,No phone service,DSL,No,No,Yes,No,Yes,No,Month-to-month,Yes,Electronic check,40.3,1172.95,1,Loyal(2-4yr),2,1,39.098333333333336,13.433333333333332,1,0
Male,No,Yes,No,43,Yes,Yes,DSL,Yes,Yes,No,Yes,No,No,Month-to-month,No,Bank transfer (automatic),66.25,2907.35,0,Loyal(2-4yr),5,1,67.61279069767441,11.041666666666666,1,0
Male,Yes,No,No,2,Yes,No,DSL,No,No,Yes,No,No,No,Month-to-month,No,Mailed check,49.95,107.1,0,New(0-12mo),2,1,53.55,16.650000000000002,1,0
Male,No,Yes,Yes,69,Yes,No,DSL,Yes,Yes,No,Yes,Yes,Yes,Two year,No,Bank transfer (automatic),80.65,5542.55,0,VIP(4yr+),6,1,80.3268115942029,11.521428571428572,0,2
Female,No,No,Yes,4,Yes,Yes,Fiber optic,No,Yes,Yes,No,No,No,Month-to-month,No,Bank transfer (automatic),84.05,333.55,1,New(0-12mo),4,1,83.3875,16.81,1,0
Female,No,No,No,1,Yes,No,Fiber optic,Yes,No,No,No,Yes,Yes,Month-to-month,Yes,Electronic check,95.6,95.6,1,New(0-12mo),4,1,95.6,19.119999999999997,1,0
Female,No,No,No,23,Yes,No,Fiber optic,Yes,No,No,No,No,No,Month-to-month,Yes,Bank transfer (automatic),75.0,1778.5,0,Established(1-2yr),2,1,77.32608695652173,25.0,1,0
Male,No,Yes,No,71,Yes,Yes,DSL,Yes,Yes,No,Yes,Yes,No,Two year,No,Credit card (automatic),73.5,5357.75,0,VIP(4yr+),6,1,75.46126760563381,10.5,0,2
Female,No,Yes,No,12,Yes,No,DSL,No,No,No,No,No,No,Month-to-month,No,Bank transfer (automatic),45.9,505.95,0,New(0-12mo),1,1,42.1625,22.95,1,0
Female,No,Yes,Yes,8,Yes,No,No,No internet service,No internet service,No internet service,No internet service,No internet service,No internet service,Two year,No,Mailed check,19.05,201.7,0,New(0-12mo),1,0,25.2125,9.525,0,2
Female,No,No,No,52,Yes,No,No,No internet service,No internet service,No internet service,No internet service,No internet service,No internet service,One year,No,Mailed check,20.65,1022.95,0,VIP(4yr+),1,0,19.672115384615385,10.325,0,1
Male,No,No,No,51,Yes,Yes,Fiber optic,No,No,No,No,No,Yes,Month-to-month,No,Bank transfer (automatic),83.4,4149.45,0,VIP(4yr+),3,1,81.36176470588235,20.85,1,0
Male,Yes,No,No,55,No,No phone service,DSL,Yes,Yes,No,No,Yes,No,Month-to-month,Yes,Electronic check,44.85,2479.05,0,VIP(4yr+),3,1,45.07363636363637,11.2125,1,0
Female,No,Yes,No,8,Yes,Yes,Fiber optic,No,No,No,No,No,Yes,Month-to-month,Yes,Credit card (automatic),85.2,627.4,1,New(0-12mo),3,1,78.425,21.3,1,0
Male,No,No,No,29,Yes,No,No,No internet service,No internet service,No internet service,No internet service,No internet service,No internet service,One year,No,Mailed check,19.1,529.5,0,Loyal(2-4yr),1,0,18.25862068965517,9.55,0,1
Female,No,Yes,No,15,Yes,No,No,No internet service,No internet service,No internet service,No internet service,No internet service,No internet service,Month-to-month,No,Credit card (automatic),20.45,330.8,0,Established(1-2yr),1,0,22.053333333333335,10.225,1,0
Female,No,No,No,65,Yes,No,DSL,Yes,Yes,No,Yes,No,No,Two year,Yes,Mailed check,59.6,3739.8,0,VIP(4yr+),4,1,57.535384615384615,11.92,0,2
Female,No,No,No,22,Yes,Yes,Fiber optic,No,No,No,No,No,No,One year,Yes,Credit card (automatic),76.0,1783.6,0,Established(1-2yr),2,1,81.07272727272726,25.333333333333332,0,1
Female,Yes,No,No,7,Yes,No,DSL,Yes,No,No,No,No,No,Month-to-month,Yes,Electronic check,48.2,340.35,0,New(0-12mo),2,1,48.621428571428574,16.066666666666666,1,0
Male,No,No,No,3,Yes,No,Fiber optic,No,No,Yes,No,No,No,Month-to-month,Yes,Credit card (automatic),73.6,232.5,0,New(0-12mo),2,1,77.5,24.53333333333333,1,0
Female,No,No,No,72,Yes,Yes,DSL,Yes,Yes,No,No,No,No,Two year,No,Bank transfer (automatic),59.75,4265.0,0,VIP(4yr+),4,1,59.236111111111114,11.95,0,2
Male,No,Yes,Yes,47,Yes,Yes,DSL,No,Yes,No,No,No,No,Month-to-month,No,Electronic check,54.25,2538.2,0,Loyal(2-4yr),3,1,54.00425531914893,13.5625,1,0
Male,No,Yes,No,67,Yes,No,Fiber optic,Yes,Yes,No,No,No,Yes,One year,Yes,Credit card (automatic),90.6,6056.15,1,VIP(4yr+),4,1,90.39029850746267,18.119999999999997,0,1
Female,No,Yes,Yes,72,Yes,Yes,DSL,Yes,Yes,Yes,Yes,No,No,Two year,Yes,Bank transfer (automatic),70.45,5165.7,0,VIP(4yr+),6,1,71.74583333333334,10.064285714285715,0,2
Male,No,No,No,10,Yes,Yes,Fiber optic,No,No,No,No,Yes,No,Month-to-month,Yes,Bank transfer (automatic),86.05,834.1,1,New(0-12mo),3,1,83.41,21.5125,1,0
Female,No,Yes,Yes,17,Yes,Yes,Fiber optic,Yes,No,Yes,No,Yes,Yes,Month-to-month,Yes,Electronic check,104.2,1743.5,1,Established(1-2yr),6,1,102.55882352941177,14.885714285714286,1,0
Male,No,Yes,No,47,Yes,No,No,No internet service,No internet service,No internet service,No internet service,No internet service,No internet service,Two year,No,Mailed check,19.65,973.1,0,Loyal(2-4yr),1,0,20.70425531914894,9.825,0,2
Male,No,Yes,Yes,17,Yes,Yes,No,No internet service,No internet service,No internet service,No internet service,No internet service,No internet service,Two year,Yes,Mailed check,25.15,412.6,0,Established(1-2yr),2,0,24.27058823529412,8.383333333333333,0,2
Male,Yes,No,No,11,Yes,No,Fiber optic,No,No,No,No,No,Yes,Month-to-month,Yes,Electronic check,78.5,874.2,0,New(0-12mo),2,1,79.47272727272728,26.166666666666668,1,0
Female,No,No,No,1,Yes,No,Fiber optic,No,No,No,No,No,No,Month-to-month,No,Mailed check,71.1,71.1,0,New(0-12mo),1,1,71.1,35.55,1,0
Male,No,No,Yes,3,Yes,No,DSL,No,No,No,Yes,Yes,Yes,Month-to-month,No,Mailed check,70.7,225.65,0,New(0-12mo),4,1,75.21666666666667,14.14,1,0
Female,No,No,No,1,Yes,No,No,No internet service,No internet service,No internet service,No internet service,No internet service,No internet service,Month-to-month,No,Credit card (automatic),19.95,19.95,0,New(0-12mo),1,0,19.95,9.975,1,0
Male,Yes,Yes,No,53,Yes,Yes,DSL,Yes,No,No,Yes,No,No,One year,Yes,Electronic check,60.05,3229.65,1,VIP(4yr+),4,1,60.93679245283019,12.01,0,1
Male,No,No,No,2,Yes,No,DSL,No,Yes,No,No,No,No,Month-to-month,No,Mailed check,49.25,97.0,0,New(0-12mo),2,1,48.5,16.416666666666668,1,0
Male,No,No,No,1,No,No phone service,DSL,No,No,No,No,No,No,Month-to-month,Yes,Electronic check,24.4,24.4,0,New(0-12mo),0,1,24.4,24.4,1,0
Female,No,Yes,Yes,69,Yes,Yes,Fiber optic,No,Yes,Yes,Yes,Yes,Yes,One year,Yes,Bank transfer (automatic),108.75,7493.05,0,VIP(4yr+),7,1,108.59492753623189,13.59375,0,1
Male,No,No,No,18,Yes,No,No,No internet service,No internet service,No internet service,No internet service,No internet service,No internet service,Month-to-month,No,Mailed check,19.25,331.35,0,Established(1-2yr),1,0,18.408333333333335,9.625,1,0
Male,No,No,No,7,Yes,Yes,Fiber optic,No,No,Yes,No,Yes,No,Month-to-month,Yes,Electronic check,90.45,593.45,1,New(0-12mo),4,1,84.77857142857144,18.09,1,0
Female,No,Yes,Yes,45,Yes,Yes,No,No internet service,No internet service,No internet service,No internet service,No internet service,No internet service,One year,Yes,Credit card (automatic),25.9,1216.6,0,Loyal(2-4yr),2,0,27.035555555555554,8.633333333333333,0,1
Female,No,No,No,1,Yes,No,DSL,No,No,No,No,No,Yes,Month-to-month,Yes,Electronic check,56.25,56.25,1,New(0-12mo),2,1,56.25,18.75,1,0
Female,No,Yes,Yes,63,Yes,No,DSL,Yes,Yes,Yes,Yes,Yes,No,Two year,No,Credit card (automatic),75.55,4707.85,0,VIP(4yr+),6,1,74.72777777777779,10.792857142857143,0,2
Female,No,No,No,1,Yes,No,No,No internet service,No internet service,No internet service,No internet service,No internet service,No internet service,Month-to-month,No,Mailed check,19.65,19.65,1,New(0-12mo),1,0,19.65,9.825,1,0
Male,No,Yes,Yes,1,Yes,Yes,Fiber optic,No,No,No,No,No,No,Month-to-month,Yes,Electronic check,74.5,74.5,1,New(0-12mo),2,1,74.5,24.833333333333332,1,0
Male,No,Yes,Yes,65,Yes,Yes,Fiber optic,Yes,No,Yes,Yes,Yes,Yes,Two year,No,Bank transfer (automatic),108.65,6937.95,1,VIP(4yr+),7,1,106.7376923076923,13.58125,0,2
Male,Yes,Yes,No,29,Yes,Yes,DSL,No,No,No,No,No,No,Month-to-month,Yes,Electronic check,51.6,1442.0,0,Loyal(2-4yr),2,1,49.724137931034484,17.2,1,0
Male,No,Yes,No,4,Yes,No,Fiber optic,No,No,Yes,Yes,No,No,Month-to-month,Yes,Mailed check,80.6,319.15,1,New(0-12mo),3,1,79.7875,20.15,1,0
Male,No,No,No,37,Yes,Yes,Fiber optic,Yes,No,No,No,Yes,No,Month-to-month,Yes,Electronic check,91.15,3369.25,0,Loyal(2-4yr),4,1,91.0608108108108,18.23,1,0
Female,No,No,No,44,Yes,Yes,DSL,No,No,No,No,No,No,Month-to-month,Yes,Mailed check,50.15,2139.1,0,Loyal(2-4yr),2,1,48.61590909090909,16.716666666666665,1,0
Male,No,No,No,51,Yes,Yes,No,No internet service,No internet service,No internet service,No internet service,No internet service,No internet service,Two year,No,Mailed check,24.75,1234.6,0,VIP(4yr+),2,0,24.2078431372549,8.25,0,2
Female,No,No,Yes,34,Yes,No,Fiber optic,Yes,Yes,Yes,No,Yes,Yes,Month-to-month,Yes,Bank transfer (automatic),105.35,3688.6,0,Loyal(2-4yr),6,1,108.48823529411764,15.049999999999999,1,0
Female,No,Yes,Yes,45,Yes,Yes,DSL,Yes,Yes,Yes,Yes,Yes,No,Month-to-month,No,Mailed check,81.3,3541.1,0,Loyal(2-4yr),7,1,78.69111111111111,10.1625,1,0
Female,Yes,No,No,27,Yes,Yes,Fiber optic,No,No,No,No,No,Yes,Month-to-month,Yes,Electronic check,85.25,2287.25,1,Loyal(2-4yr),3,1,84.71296296296296,21.3125,1,0
Female,No,Yes,No,71,Yes,No,No,No internet service,No internet service,No internet service,No internet service,No internet service,No internet service,Two year,No,Credit card (automatic),19.1,1372.45,0,VIP(4yr+),1,0,19.330281690140847,9.55,0,2
Male,No,No,No,2,Yes,No,No,No internet service,No internet service,No internet service,No internet service,No internet service,No internet service,Month-to-month,No,Mailed check,19.35,46.35,0,New(0-12mo),1,0,23.175,9.675,1,0
Male,No,Yes,No,72,Yes,Yes,No,No internet service,No internet service,No internet service,No internet service,No internet service,No internet service,Two year,No,Credit card (automatic),24.8,1874.3,0,VIP(4yr+),2,0,26.031944444444445,8.266666666666667,0,2
Female,Yes,No,No,30,Yes,Yes,Fiber optic,No,Yes,No,No,Yes,Yes,Month-to-month,Yes,Electronic check,99.7,2967.35,1,Loyal(2-4yr),5,1,98.91166666666666,16.616666666666667,1,0
Male,No,No,No,4,Yes,No,No,No internet service,No internet service,No internet service,No internet service,No internet service,No internet service,One year,No,Mailed check,19.95,68.2,0,New(0-12mo),1,0,17.05,9.975,0,1
Male,No,No,No,17,Yes,No,No,No internet service,No internet service,No internet service,No internet service,No internet service,No internet service,One year,Yes,Mailed check,20.5,365.8,0,Established(1-2yr),1,0,21.51764705882353,10.25,0,1
Male,No,No,No,43,No,No phone service,DSL,Yes,No,Yes,No,No,No,One year,Yes,Credit card (automatic),35.2,1463.7,0,Loyal(2-4yr),2,1,34.03953488372093,11.733333333333334,0,1
Male,No,Yes,Yes,72,No,No phone service,DSL,Yes,No,Yes,Yes,Yes,Yes,Two year,No,Bank transfer (automatic),60.95,4549.05,0,VIP(4yr+),5,1,63.181250000000006,10.158333333333333,0,2
Male,No,No,No,57,Yes,Yes,Fiber optic,No,No,No,No,Yes,No,One year,Yes,Electronic check,86.9,4939.25,0,VIP(4yr+),3,1,86.65350877192982,21.725,0,1
Female,No,Yes,No,59,Yes,Yes,Fiber optic,No,Yes,No,No,Yes,Yes,Month-to-month,No,Electronic check,101.1,6039.9,1,VIP(4yr+),5,1,102.37118644067796,16.849999999999998,1,0
Male,No,Yes,Yes,58,No,No phone service,DSL,Yes,Yes,Yes,No,Yes,No,One year,No,Mailed check,50.0,2919.85,0,VIP(4yr+),4,1,50.342241379310344,10.0,0,1
Female,No,Yes,No,72,Yes,Yes,Fiber optic,Yes,Yes,Yes,No,Yes,Yes,Two year,Yes,Electronic check,110.75,7751.7,0,VIP(4yr+),7,1,107.6625,13.84375,0,2
Female,Yes,No,No,64,Yes,Yes,Fiber optic,Yes,No,Yes,Yes,Yes,Yes,Month-to-month,Yes,Bank transfer (automatic),108.95,7111.3,0,VIP(4yr+),7,1,111.1140625,13.61875,1,0
Male,No,Yes,No,70,Yes,Yes,Fiber optic,No,Yes,Yes,Yes,No,Yes,Two year,Yes,Bank transfer (automatic),98.7,6858.9,0,VIP(4yr+),6,1,97.9842857142857,14.1,0,2
Male,No,No,No,15,Yes,Yes,DSL,No,No,No,No,No,No,Month-to-month,Yes,Electronic check,49.0,749.25,0,Established(1-2yr),2,1,49.95,16.333333333333332,1,0
Male,No,Yes,No,72,Yes,Yes,DSL,Yes,Yes,Yes,No,Yes,Yes,Two year,Yes,Electronic check,85.25,6083.1,0,VIP(4yr+),7,1,84.48750000000001,10.65625,0,2
Male,No,No,No,2,Yes,No,No,No internet service,No internet service,No internet service,No internet service,No internet service,No internet service,Month-to-month,No,Mailed check,19.4,50.6,0,New(0-12mo),1,0,25.3,9.7,1,0
Male,No,Yes,Yes,65,Yes,Yes,Fiber optic,Yes,Yes,Yes,Yes,No,No,Two year,No,Credit card (automatic),94.55,6078.75,0,VIP(4yr+),6,1,93.51923076923077,13.507142857142856,0,2
Female,Yes,Yes,No,39,Yes,Yes,Fiber optic,No,No,No,Yes,Yes,Yes,Month-to-month,Yes,Electronic check,101.25,3949.15,0,Loyal(2-4yr),5,1,101.26025641025642,16.875,1,0
Male,No,Yes,No,72,Yes,Yes,DSL,No,Yes,Yes,No,Yes,Yes,Two year,No,Bank transfer (automatic),82.15,5784.3,0,VIP(4yr+),6,1,80.3375,11.735714285714286,0,2
Female,Yes,Yes,Yes,3,Yes,No,Fiber optic,Yes,No,No,Yes,Yes,No,Month-to-month,Yes,Mailed check,88.3,273.75,1,New(0-12mo),4,1,91.25,17.66,1,0
Female,No,Yes,No,64,Yes,No,DSL,No,Yes,Yes,Yes,No,Yes,Two year,Yes,Mailed check,68.3,4378.8,0,VIP(4yr+),5,1,68.41875,11.383333333333333,0,2
Female,No,Yes,No,2,Yes,No,No,No internet service,No internet service,No internet service,No internet service,No internet service,No internet service,Month-to-month,No,Bank transfer (automatic),19.85,52.0,0,New(0-12mo),1,0,26.0,9.925,1,0
Male,No,No,No,25,Yes,Yes,Fiber optic,No,No,No,No,Yes,Yes,Month-to-month,Yes,Bank transfer (automatic),94.7,2362.1,1,Loyal(2-4yr),4,1,94.484,18.94,1,0
Female,Yes,Yes,No,11,Yes,Yes,Fiber optic,No,No,Yes,Yes,Yes,Yes,Month-to-month,Yes,Bank transfer (automatic),104.05,1133.65,1,New(0-12mo),6,1,103.05909090909091,14.864285714285714,1,0
Female,No,Yes,No,37,Yes,Yes,Fiber optic,No,No,Yes,No,No,No,Month-to-month,Yes,Credit card (automatic),78.95,2839.65,1,Loyal(2-4yr),3,1,76.7472972972973,19.7375,1,0
Male,No,No,No,62,Yes,Yes,Fiber optic,Yes,Yes,Yes,No,No,No,Month-to-month,No,Bank transfer (automatic),90.7,5586.45,0,VIP(4yr+),5,1,90.1040322580645,15.116666666666667,1,0
Male,No,No,No,1,No,No phone service,DSL,No,Yes,No,Yes,No,Yes,Month-to-month,Yes,Mailed check,44.65,44.65,1,New(0-12mo),3,1,44.65,11.1625,1,0
Female,No,Yes,Yes,41,Yes,No,No,No internet service,No internet service,No internet service,No internet service,No internet service,No internet service,Two year,No,Bank transfer (automatic),19.7,804.25,0,Loyal(2-4yr),1,0,19.615853658536587,9.85,0,2
Male,No,Yes,Yes,60,Yes,No,DSL,Yes,Yes,Yes,No,No,No,Two year,No,Bank transfer (automatic),60.5,3694.45,0,VIP(4yr+),4,1,61.57416666666666,12.1,0,2
Male,No,No,No,2,No,No phone service,DSL,No,No,No,No,No,No,Month-to-month,No,Mailed check,24.3,38.45,0,New(0-12mo),0,1,19.225,24.3,1,0
Male,No,No,No,3,Yes,No,Fiber optic,Yes,No,No,No,No,Yes,Month-to-month,Yes,Mailed check,86.05,244.85,0,New(0-12mo),3,1,81.61666666666666,21.5125,1,0
Female,No,No,No,3,Yes,No,Fiber optic,No,No,No,No,Yes,No,Month-to-month,Yes,Electronic check,79.4,244.65,1,New(0-12mo),2,1,81.55,26.46666666666667,1,0
Male,No,No,No,36,Yes,No,No,No internet service,No internet service,No internet service,No internet service,No internet service,No internet service,One year,Yes,Credit card (automatic),20.35,695.85,0,Loyal(2-4yr),1,0,19.329166666666666,10.175,0,1
Female,No,No,No,28,No,No phone service,DSL,No,No,Yes,No,No,No,Month-to-month,Yes,Mailed check,29.75,790.7,0,Loyal(2-4yr),1,1,28.239285714285717,14.875,1,0
Male,No,Yes,Yes,63,Yes,Yes,DSL,Yes,Yes,Yes,Yes,Yes,Yes,Two year,Yes,Credit card (automatic),89.4,5597.65,0,VIP(4yr+),8,1,88.8515873015873,9.933333333333334,0,2
Female,No,No,No,9,Yes,No,No,No internet service,No internet service,No internet service,No internet service,No internet service,No internet service,Month-to-month,No,Mailed check,19.05,157.65,0,New(0-12mo),1,0,17.516666666666666,9.525,1,0
Male,No,No,No,27,Yes,Yes,Fiber optic,No,No,Yes,No,No,No,Month-to-month,Yes,Electronic check,81.3,2272.8,0,Loyal(2-4yr),3,1,84.17777777777779,20.325,1,0
Male,No,Yes,No,72,Yes,Yes,DSL,Yes,Yes,Yes,Yes,No,Yes,Two year,No,Credit card (automatic),79.55,5810.9,0,VIP(4yr+),7,1,80.70694444444445,9.94375,0,2
Female,No,No,No,16,Yes,No,No,No internet service,No internet service,No internet service,No internet service,No internet service,No internet service,One year,No,Bank transfer (automatic),20.1,318.6,0,Established(1-2yr),1,0,19.9125,10.05,0,1
Female,No,No,No,1,Yes,No,Fiber optic,No,No,No,No,Yes,No,Month-to-month,Yes,Electronic check,79.65,79.65,1,New(0-12mo),2,1,79.65,26.55,1,0
Female,Yes,Yes,Yes,56,Yes,No,DSL,Yes,No,No,Yes,Yes,Yes,Two year,Yes,Credit card (automatic),72.6,4084.35,0,VIP(4yr+),5,1,72.93482142857142,12.1,0,2
Male,No,No,Yes,48,Yes,Yes,DSL,Yes,Yes,Yes,No,No,No,One year,Yes,Bank transfer (automatic),64.4,3035.35,0,Loyal(2-4yr),5,1,63.23645833333333,10.733333333333334,0,1
Male,No,Yes,No,5,Yes,Yes,Fiber optic,Yes,No,No,No,No,Yes,Month-to-month,Yes,Electronic check,89.15,413.25,0,New(0-12mo),4,1,82.65,17.830000000000002,1,0
Male,Yes,Yes,No,71,Yes,No,Fiber optic,No,Yes,Yes,Yes,No,Yes,Two year,Yes,Credit card (automatic),95.5,6707.15,0,VIP(4yr+),5,1,94.4669014084507,15.916666666666666,0,2
Female,No,Yes,Yes,61,Yes,Yes,DSL,Yes,Yes,Yes,Yes,No,Yes,One year,Yes,Electronic check,79.4,4820.55,0,VIP(4yr+),7,1,79.02540983606558,9.925,0,1
Female,Yes,No,No,20,Yes,Yes,Fiber optic,Yes,No,No,No,No,No,Month-to-month,Yes,Electronic check,79.15,1520.9,1,Established(1-2yr),3,1,76.045,19.7875,1,0
Male,Yes,Yes,No,67,Yes,Yes,Fiber optic,Yes,Yes,No,No,No,No,Month-to-month,No,Bank transfer (automatic),83.85,5588.8,0,VIP(4yr+),4,1,83.41492537313434,16.77,1,0
Male,Yes,Yes,No,29,Yes,Yes,Fiber optic,No,No,No,No,No,Yes,Month-to-month,Yes,Electronic check,84.3,2357.75,0,Loyal(2-4yr),3,1,81.30172413793103,21.075,1,0
Female,No,No,No,14,Yes,No,Fiber optic,No,Yes,No,Yes,No,No,Month-to-month,Yes,Credit card (automatic),80.05,1112.3,0,Established(1-2yr),3,1,79.45,20.0125,1,0
Male,No,No,No,4,Yes,No,No,No internet service,No internet service,No internet service,No internet service,No internet service,No internet service,Month-to-month,Yes,Electronic check,20.2,55.7,0,New(0-12mo),1,0,13.925,10.1,1,0
Female,No,No,No,10,Yes,Yes,Fiber optic,No,No,No,Yes,Yes,Yes,Month-to-month,Yes,Electronic check,98.5,1058.25,1,New(0-12mo),5,1,105.825,16.416666666666668,1,0
Female,No,No,No,1,Yes,No,DSL,No,No,No,Yes,No,No,Month-to-month,Yes,Electronic check,50.8,50.8,1,New(0-12mo),2,1,50.8,16.933333333333334,1,0
Male,No,Yes,No,71,Yes,Yes,Fiber optic,No,Yes,No,Yes,Yes,Yes,Two year,Yes,Credit card (automatic),104.15,7365.3,0,VIP(4yr+),6,1,103.73661971830987,14.87857142857143,0,2
Female,No,No,No,5,Yes,Yes,Fiber optic,No,Yes,No,No,Yes,No,Month-to-month,Yes,Electronic check,90.8,455.5,1,New(0-12mo),4,1,91.1,18.16,1,0
Female,No,Yes,Yes,1,Yes,No,No,No internet service,No internet service,No internet service,No internet service,No internet service,No internet service,Month-to-month,Yes,Mailed check,19.4,19.4,0,New(0-12mo),1,0,19.4,9.7,1,0
Male,No,No,No,1,Yes,No,Fiber optic,No,No,No,No,Yes,No,Month-to-month,Yes,Electronic check,79.55,79.55,1,New(0-12mo),2,1,79.55,26.516666666666666,1,0
Female,No,No,Yes,5,Yes,No,DSL,No,No,No,Yes,No,No,Month-to-month,Yes,Mailed check,51.0,286.8,0,New(0-12mo),2,1,57.36,17.0,1,0
Female,No,Yes,No,64,Yes,Yes,No,No internet service,No internet service,No internet service,No internet service,No internet service,No internet service,Two year,No,Mailed check,25.55,1714.95,0,VIP(4yr+),2,0,26.79609375,8.516666666666667,0,2
Male,No,No,No,34,No,No phone service,DSL,No,No,No,No,No,No,Month-to-month,Yes,Bank transfer (automatic),25.05,852.7,0,Loyal(2-4yr),0,1,25.079411764705885,25.05,1,0
Female,No,Yes,No,47,Yes,Yes,Fiber optic,No,No,Yes,No,Yes,Yes,Month-to-month,Yes,Electronic check,100.5,4707.1,0,Loyal(2-4yr),5,1,100.15106382978725,16.75,1,0
Female,No,No,No,2,Yes,No,No,No internet service,No internet service,No internet service,No internet service,No internet service,No internet service,Month-to-month,No,Mailed check,20.3,41.2,0,New(0-12mo),1,0,20.6,10.15,1,0
Male,No,Yes,Yes,1,Yes,No,Fiber optic,No,No,No,No,No,No,Month-to-month,Yes,Credit card (automatic),69.95,69.95,0,New(0-12mo),1,1,69.95,34.975,1,0
Female,No,No,No,5,Yes,No,Fiber optic,No,Yes,No,No,Yes,No,Month-to-month,Yes,Mailed check,85.3,420.45,0,New(0-12mo),3,1,84.09,21.325,1,0
Male,No,No,Yes,1,Yes,No,Fiber optic,No,Yes,No,No,No,No,Month-to-month,Yes,Electronic check,75.35,75.35,1,New(0-12mo),2,1,75.35,25.116666666666664,1,0
Female,No,No,Yes,48,Yes,No,No,No internet service,No internet service,No internet service,No internet service,No internet service,No internet service,One year,No,Mailed check,19.95,936.7,0,Loyal(2-4yr),1,0,19.514583333333334,9.975,0,1
Male,Yes,No,No,2,Yes,No,Fiber optic,No,Yes,Yes,Yes,No,Yes,Month-to-month,Yes,Credit card (automatic),95.1,180.25,1,New(0-12mo),5,1,90.125,15.85,1,0
Female,No,Yes,Yes,12,No,No phone service,DSL,Yes,No,No,Yes,No,No,One year,No,Credit card (automatic),33.15,444.75,0,New(0-12mo),2,1,37.0625,11.049999999999999,0,1
Male,No,No,No,29,No,No phone service,DSL,No,Yes,No,Yes,No,No,Month-to-month,No,Electronic check,34.3,1004.75,0,Loyal(2-4yr),2,1,34.64655172413793,11.433333333333332,1,0
Female,No,No,No,8,Yes,Yes,Fiber optic,Yes,No,No,Yes,Yes,Yes,Month-to-month,Yes,Bank transfer (automatic),103.35,847.3,1,New(0-12mo),6,1,105.9125,14.764285714285714,1,0
Male,No,Yes,No,72,Yes,Yes,Fiber optic,Yes,Yes,Yes,Yes,Yes,Yes,Two year,No,Credit card (automatic),115.8,8332.15,0,VIP(4yr+),8,1,115.72430555555555,12.866666666666667,0,2
Male,No,No,No,57,Yes,No,DSL,Yes,No,Yes,No,Yes,Yes,Two year,Yes,Bank transfer (automatic),74.35,4317.35,0,VIP(4yr+),5,1,75.74298245614035,12.391666666666666,0,2
Male,No,No,No,37,Yes,Yes,Fiber optic,No,Yes,No,Yes,Yes,Yes,One year,Yes,Credit card (automatic),104.5,3778.0,0,Loyal(2-4yr),6,1,102.10810810810811,14.928571428571429,0,1
Male,No,Yes,No,4,Yes,Yes,DSL,No,No,Yes,No,Yes,No,Month-to-month,No,Electronic check,65.6,250.1,0,New(0-12mo),4,1,62.525,13.12,1,0
Male,No,No,No,7,Yes,Yes,Fiber optic,No,No,No,No,No,No,Month-to-month,No,Electronic check,73.6,520.0,1,New(0-12mo),2,1,74.28571428571429,24.53333333333333,1,0
Male,No,Yes,No,22,Yes,No,No,No internet service,No internet service,No internet service,No internet service,No internet service,No internet service,Month-to-month,Yes,Bank transfer (automatic),20.45,471.55,0,Established(1-2yr),1,0,21.43409090909091,10.225,1,0
Female,No,Yes,No,72,Yes,Yes,Fiber optic,Yes,Yes,No,No,No,No,Two year,Yes,Bank transfer (automatic),84.05,6052.25,0,VIP(4yr+),4,1,84.05902777777777,16.81,0,2
Male,No,Yes,Yes,37,Yes,No,No,No internet service,No internet service,No internet service,No internet service,No internet service,No internet service,One year,No,Credit card (automatic),19.8,677.05,0,Loyal(2-4yr),1,0,18.298648648648648,9.9,0,1
Female,No,Yes,Yes,2,No,No phone service,DSL,No,No,No,No,No,No,Month-to-month,Yes,Mailed check,24.4,36.55,1,New(0-12mo),0,1,18.275,24.4,1,0
Female,No,Yes,No,61,Yes,Yes,Fiber optic,No,No,Yes,Yes,Yes,Yes,Month-to-month,Yes,Electronic check,106.35,6751.35,0,VIP(4yr+),6,1,110.67786885245903,15.192857142857141,1,0
Female,No,Yes,No,59,Yes,Yes,Fiber optic,Yes,Yes,Yes,Yes,No,Yes,One year,Yes,Credit card (automatic),107.0,6152.3,0,VIP(4yr+),7,1,104.27627118644068,13.375,0,1
Female,No,No,No,3,Yes,No,No,No internet service,No internet service,No internet service,No internet service,No internet service,No internet service,Month-to-month,Yes,Mailed check,19.6,59.75,1,New(0-12mo),1,0,19.916666666666668,9.8,1,0
Male,Yes,No,No,1,Yes,No,Fiber optic,No,No,No,No,No,No,Month-to-month,Yes,Electronic check,69.75,69.75,1,New(0-12mo),1,1,69.75,34.875,1,0
Female,Yes,No,No,3,Yes,Yes,Fiber optic,No,No,No,No,No,No,Month-to-month,Yes,Credit card (automatic),75.05,256.25,1,New(0-12mo),2,1,85.41666666666667,25.016666666666666,1,0
Female,No,No,No,1,Yes,No,Fiber optic,No,No,Yes,No,Yes,No,Month-to-month,Yes,Credit card (automatic),85.55,85.55,1,New(0-12mo),3,1,85.55,21.3875,1,0
Male,No,Yes,No,70,Yes,Yes,DSL,Yes,No,Yes,Yes,No,Yes,Two year,Yes,Credit card (automatic),74.8,5315.8,0,VIP(4yr+),6,1,75.94,10.685714285714285,0,2
Male,No,Yes,No,22,Yes,No,DSL,Yes,No,No,No,Yes,No,One year,Yes,Bank transfer (automatic),59.75,1374.35,0,Established(1-2yr),3,1,62.470454545454544,14.9375,0,1
Male,No,No,No,53,No,No phone service,DSL,No,No,Yes,Yes,Yes,Yes,One year,No,Credit card (automatic),54.9,3045.75,0,VIP(4yr+),4,1,57.466981132075475,10.98,0,1
Female,No,No,No,41,Yes,Yes,No,No internet service,No internet service,No internet service,No internet service,No internet service,No internet service,One year,Yes,Mailed check,24.85,962.25,0,Loyal(2-4yr),2,0,23.46951219512195,8.283333333333333,0,1
Female,No,No,No,4,Yes,No,Fiber optic,No,No,No,No,No,No,Month-to-month,Yes,Credit card (automatic),70.05,266.9,1,New(0-12mo),1,1,66.725,35.025,1,0
Male,Yes,No,No,41,Yes,Yes,Fiber optic,No,No,Yes,No,Yes,Yes,Month-to-month,Yes,Electronic check,98.4,4187.75,1,Loyal(2-4yr),5,1,102.14024390243902,16.400000000000002,1,0
Male,No,Yes,No,72,Yes,No,No,No internet service,No internet service,No internet service,No internet service,No internet service,No internet service,Two year,No,Credit card (automatic),19.7,1421.9,0,VIP(4yr+),1,0,19.748611111111114,9.85,0,2
Female,No,Yes,Yes,1,Yes,No,No,No internet service,No internet service,No internet service,No internet service,No internet service,No internet service,Two year,No,Mailed check,20.35,20.35,0,New(0-12mo),1,0,20.35,10.175,0,2
Male,No,Yes,No,17,Yes,No,DSL,Yes,Yes,No,No,No,Yes,One year,No,Mailed check,64.8,1175.6,0,Established(1-2yr),4,1,69.15294117647058,12.959999999999999,0,1
Female,No,No,No,2,Yes,Yes,Fiber optic,No,No,No,No,No,Yes,Month-to-month,Yes,Electronic check,85.7,169.8,1,New(0-12mo),3,1,84.9,21.425,1,0
Female,No,No,No,8,Yes,No,No,No internet service,No internet service,No internet service,No internet service,No internet service,No internet service,One year,Yes,Bank transfer (automatic),20.2,140.95,0,New(0-12mo),1,0,17.61875,10.1,0,1
Female,No,No,No,15,Yes,No,DSL,Yes,No,Yes,Yes,No,No,Month-to-month,No,Electronic check,58.95,955.15,0,Established(1-2yr),4,1,63.67666666666666,11.790000000000001,1,0
Male,No,No,No,11,Yes,No,No,No internet service,No internet service,No internet service,No internet service,No internet service,No internet service,Two year,No,Credit card (automatic),19.55,223.15,0,New(0-12mo),1,0,20.286363636363635,9.775,0,2
Male,No,No,No,37,Yes,No,Fiber optic,No,Yes,No,No,Yes,Yes,Month-to-month,Yes,Credit card (automatic),96.1,3646.8,0,Loyal(2-4yr),4,1,98.56216216216217,19.22,1,0
Male,No,No,No,30,Yes,Yes,Fiber optic,Yes,Yes,Yes,No,No,No,One year,No,Bank transfer (automatic),90.4,2820.65,0,Loyal(2-4yr),5,1,94.02166666666668,15.066666666666668,0,1
Male,Yes,Yes,No,1,Yes,No,Fiber optic,No,No,No,No,No,No,Month-to-month,Yes,Electronic check,70.3,70.3,1,New(0-12mo),1,1,70.3,35.15,1,0
Female,No,No,No,3,No,No phone service,DSL,No,No,No,No,Yes,No,Month-to-month,Yes,Credit card (automatic),34.8,113.95,0,New(0-12mo),1,1,37.983333333333334,17.4,1,0
Male,No,Yes,Yes,51,Yes,Yes,No,No internet service,No internet service,No internet service,No internet service,No internet service,No internet service,One year,Yes,Mailed check,23.95,1216.35,0,VIP(4yr+),2,0,23.849999999999998,7.983333333333333,0,1
Male,No,Yes,Yes,23,Yes,No,No,No internet service,No internet service,No internet service,No internet service,No internet service,No internet service,One year,Yes,Credit card (automatic),20.0,445.3,0,Established(1-2yr),1,0,19.360869565217392,10.0,0,1
Female,Yes,No,No,56,Yes,Yes,DSL,Yes,No,Yes,Yes,No,Yes,Two year,No,Bank transfer (automatic),73.25,4054.2,0,VIP(4yr+),6,1,72.39642857142857,10.464285714285714,0,2
Male,No,Yes,Yes,31,Yes,Yes,DSL,Yes,Yes,No,Yes,No,Yes,One year,Yes,Bank transfer (automatic),75.25,2344.5,0,Loyal(2-4yr),6,1,75.62903225806451,10.75,0,1
Female,No,Yes,Yes,36,Yes,No,DSL,Yes,No,No,No,No,No,Month-to-month,No,Credit card (automatic),51.05,1815.0,0,Loyal(2-4yr),2,1,50.416666666666664,17.016666666666666,1,0
Male,No,No,No,11,Yes,No,DSL,No,No,Yes,No,Yes,Yes,Month-to-month,Yes,Electronic check,69.35,712.25,0,New(0-12mo),4,1,64.75,13.87,1,0
Male,No,Yes,No,28,Yes,No,DSL,Yes,Yes,No,Yes,No,No,Month-to-month,No,Mailed check,60.9,1785.65,0,Loyal(2-4yr),4,1,63.77321428571429,12.18,1,0
Male,No,No,No,54,No,No phone service,DSL,Yes,Yes,No,No,No,Yes,Two year,No,Bank transfer (automatic),46.2,2431.95,0,VIP(4yr+),3,1,45.036111111111104,11.55,0,2
Male,No,Yes,Yes,26,Yes,No,No,No internet service,No internet service,No internet service,No internet service,No internet service,No internet service,One year,Yes,Bank transfer (automatic),20.05,505.9,0,Loyal(2-4yr),1,0,19.457692307692305,10.025,0,1
Female,No,No,No,11,Yes,No,No,No internet service,No internet service,No internet service,No internet service,No internet service,No internet service,One year,No,Credit card (automatic),20.05,237.7,0,New(0-12mo),1,0,21.60909090909091,10.025,0,1
Female,No,Yes,Yes,41,Yes,No,DSL,Yes,No,No,Yes,Yes,Yes,One year,Yes,Credit card (automatic),74.7,3187.65,0,Loyal(2-4yr),5,1,77.74756097560976,12.450000000000001,0,1
Male,Yes,Yes,No,54,Yes,Yes,Fiber optic,No,Yes,Yes,Yes,Yes,Yes,Two year,Yes,Electronic check,110.45,6077.75,0,VIP(4yr+),7,1,112.55092592592592,13.80625,0,2
Male,No,Yes,No,2,Yes,No,DSL,No,Yes,No,Yes,No,Yes,Month-to-month,Yes,Mailed check,64.2,143.65,0,New(0-12mo),4,1,71.825,12.84,1,0
Male,Yes,No,No,1,Yes,No,DSL,No,No,No,No,No,No,Month-to-month,No,Bank transfer (automatic),45.25,45.25,0,New(0-12mo),1,1,45.25,22.625,1,0
Male,No,No,No,71,Yes,Yes,No,No internet service,No internet service,No internet service,No internet service,No internet service,No internet service,Two year,No,Bank transfer (automatic),25.55,1898.1,0,VIP(4yr+),2,0,26.733802816901406,8.516666666666667,0,2
Female,No,No,No,48,Yes,No,DSL,Yes,No,Yes,Yes,No,No,One year,Yes,Credit card (automatic),60.35,2896.4,1,Loyal(2-4yr),4,1,60.34166666666667,12.07,0,1
Male,No,No,No,18,Yes,Yes,DSL,Yes,No,No,No,No,No,Month-to-month,No,Mailed check,56.25,969.85,0,Established(1-2yr),3,1,53.88055555555556,14.0625,1,0
Male,No,Yes,No,33,Yes,No,Fiber optic,No,No,No,No,Yes,Yes,Month-to-month,No,Electronic check,91.25,2964.05,0,Loyal(2-4yr),3,1,89.81969696969698,22.8125,1,0
Female,No,No,No,68,No,No phone service,DSL,Yes,Yes,Yes,Yes,Yes,Yes,Two year,No,Credit card (automatic),64.35,4539.6,0,VIP(4yr+),6,1,66.75882352941177,9.192857142857141,0,2
Male,No,Yes,No,46,Yes,No,No,No internet service,No internet service,No internet service,No internet service,No internet service,No internet service,Month-to-month,No,Electronic check,19.6,851.2,0,Loyal(2-4yr),1,0,18.504347826086956,9.8,1,0
Female,No,No,No,12,No,No phone service,DSL,Yes,No,No,Yes,No,No,One year,Yes,Mailed check,33.6,435.45,0,New(0-12mo),2,1,36.2875,11.200000000000001,0,1
Female,No,Yes,No,18,Yes,No,No,No internet service,No internet service,No internet service,No internet service,No internet service,No internet service,Two year,No,Mailed check,20.1,370.5,0,Established(1-2yr),1,0,20.583333333333332,10.05,0,2
Female,No,Yes,Yes,58,No,No phone service,DSL,No,No,Yes,Yes,Yes,Yes,Two year,Yes,Credit card (automatic),55.5,3166.9,0,VIP(4yr+),4,1,54.601724137931036,11.1,0,2
Male,No,No,No,9,Yes,No,Fiber optic,No,No,Yes,No,Yes,Yes,Month-to-month,Yes,Electronic check,94.05,811.65,0,New(0-12mo),4,1,90.18333333333334,18.81,1,0
Male,No,Yes,No,1,Yes,No,Fiber optic,No,No,No,No,No,No,Month-to-month,Yes,Electronic check,69.15,69.15,1,New(0-12mo),1,1,69.15,34.575,1,0
Male,No,No,No,1,Yes,No,Fiber optic,No,No,No,No,Yes,Yes,Month-to-month,Yes,Electronic check,90.55,90.55,1,New(0-12mo),3,1,90.55,22.6375,1,0
Male,No,Yes,No,1,Yes,No,Fiber optic,No,No,Yes,No,No,No,Month-to-month,No,Electronic check,76.2,76.2,1,New(0-12mo),2,1,76.2,25.400000000000002,1,0
Female,No,No,No,1,Yes,No,No,No internet service,No internet service,No internet service,No internet service,No internet service,No internet service,Month-to-month,Yes,Mailed check,19.9,19.9,1,New(0-12mo),1,0,19.9,9.95,1,0
Female,No,No,No,1,Yes,No,Fiber optic,No,No,No,No,No,No,Month-to-month,No,Mailed check,70.75,70.75,1,New(0-12mo),1,1,70.75,35.375,1,0
Female,Yes,Yes,No,3,Yes,No,Fiber optic,No,No,No,No,Yes,No,Month-to-month,Yes,Electronic check,80.4,224.05,1,New(0-12mo),2,1,74.68333333333334,26.8,1,0
Male,No,No,No,72,Yes,Yes,Fiber optic,Yes,Yes,Yes,Yes,Yes,Yes,Two year,No,Bank transfer (automatic),113.4,8164.1,0,VIP(4yr+),8,1,113.39027777777778,12.600000000000001,0,2
Male,No,Yes,No,51,Yes,No,DSL,Yes,Yes,Yes,Yes,Yes,Yes,Two year,Yes,Credit card (automatic),83.25,4089.45,0,VIP(4yr+),7,1,80.18529411764706,10.40625,0,2
Female,No,Yes,Yes,67,Yes,Yes,Fiber optic,Yes,No,No,Yes,No,Yes,One year,Yes,Credit card (automatic),94.35,6341.45,1,VIP(4yr+),5,1,94.64850746268657,15.725,0,1
Male,Yes,No,Yes,11,Yes,No,DSL,No,Yes,No,Yes,No,No,Month-to-month,Yes,Electronic check,54.55,601.25,0,New(0-12mo),3,1,54.65909090909091,13.6375,1,0
Male,No,Yes,Yes,72,Yes,Yes,Fiber optic,Yes,Yes,Yes,Yes,Yes,Yes,Two year,Yes,Credit card (automatic),114.05,8289.2,0,VIP(4yr+),8,1,115.1277777777778,12.672222222222222,0,2
Male,No,Yes,No,51,Yes,Yes,DSL,No,No,No,Yes,Yes,Yes,Two year,Yes,Bank transfer (automatic),75.2,3901.25,0,VIP(4yr+),5,1,76.49509803921569,12.533333333333333,0,2
Male,Yes,No,No,19,Yes,Yes,Fiber optic,No,No,Yes,No,No,No,Month-to-month,Yes,Electronic check,79.85,1471.75,1,Established(1-2yr),3,1,77.46052631578948,19.9625,1,0
Female,No,Yes,Yes,17,Yes,Yes,DSL,No,No,Yes,Yes,No,No,One year,Yes,Mailed check,61.95,1070.7,0,Established(1-2yr),4,1,62.98235294117647,12.39,0,1
Female,No,No,No,1,Yes,No,Fiber optic,No,No,No,No,Yes,Yes,Month-to-month,No,Electronic check,90.6,90.6,1,New(0-12mo),3,1,90.6,22.65,1,0
Male,No,No,No,4,Yes,No,DSL,No,Yes,No,Yes,Yes,No,Month-to-month,Yes,Bank transfer (automatic),63.75,226.2,0,New(0-12mo),4,1,56.55,12.75,1,0
Male,No,Yes,Yes,56,Yes,Yes,No,No internet service,No internet service,No internet service,No internet service,No internet service,No internet service,Two year,No,Bank transfer (automatic),24.15,1402.25,0,VIP(4yr+),2,0,25.040178571428573,8.049999999999999,0,2
Female,No,No,No,4,Yes,No,DSL,No,No,No,No,No,No,Month-to-month,No,Mailed check,45.65,191.05,1,New(0-12mo),1,1,47.7625,22.825,1,0
Male,No,No,No,2,Yes,No,DSL,No,No,No,Yes,Yes,Yes,Month-to-month,No,Electronic check,70.3,132.4,0,New(0-12mo),4,1,66.2,14.059999999999999,1,0
Male,No,No,No,34,Yes,No,DSL,No,Yes,No,No,No,No,Month-to-month,Yes,Electronic check,49.8,1734.2,0,Loyal(2-4yr),2,1,51.00588235294118,16.599999999999998,1,0
Female,No,Yes,Yes,61,Yes,Yes,Fiber optic,No,Yes,No,No,Yes,Yes,Month-to-month,Yes,Electronic check,99.15,6010.05,1,VIP(4yr+),5,1,98.52540983606558,16.525000000000002,1,0
Male,No,No,No,17,Yes,Yes,Fiber optic,No,No,Yes,Yes,No,No,One year,No,Electronic check,86.75,1410.25,0,Established(1-2yr),4,1,82.95588235294117,17.35,0,1
Male,Yes,No,No,31,Yes,Yes,Fiber optic,No,Yes,No,No,Yes,No,Month-to-month,Yes,Electronic check,90.7,2845.15,0,Loyal(2-4yr),4,1,91.77903225806452,18.14,1,0
Male,No,Yes,No,18,Yes,No,Fiber optic,No,No,Yes,Yes,No,No,Month-to-month,No,Electronic check,78.2,1468.75,0,Established(1-2yr),3,1,81.59722222222223,19.55,1,0
Female,No,No,No,46,Yes,No,DSL,No,No,No,No,No,No,Month-to-month,No,Bank transfer (automatic),44.95,2168.9,0,Loyal(2-4yr),1,1,47.15,22.475,1,0
Female,No,Yes,Yes,65,Yes,Yes,Fiber optic,No,Yes,Yes,No,Yes,Yes,Month-to-month,Yes,Electronic check,105.5,6985.65,1,VIP(4yr+),6,1,107.47153846153846,15.071428571428571,1,0
Male,No,Yes,Yes,5,Yes,Yes,DSL,No,No,No,Yes,No,No,Month-to-month,Yes,Mailed check,55.7,259.4,0,New(0-12mo),3,1,51.879999999999995,13.925,1,0
Female,No,No,No,26,Yes,Yes,Fiber optic,No,No,Yes,No,No,No,Month-to-month,Yes,Electronic check,80.7,2193.0,0,Loyal(2-4yr),3,1,84.34615384615384,20.175,1,0
Male,No,Yes,No,9,Yes,No,Fiber optic,No,Yes,Yes,Yes,Yes,No,Month-to-month,Yes,Mailed check,94.85,890.6,1,New(0-12mo),5,1,98.95555555555556,15.808333333333332,1,0
Female,Yes,No,No,1,Yes,No,Fiber optic,No,No,No,No,No,No,Month-to-month,Yes,Mailed check,70.6,70.6,0,New(0-12mo),1,1,70.6,35.3,1,0
Female,No,No,No,25,Yes,Yes,Fiber optic,No,Yes,No,No,Yes,Yes,Month-to-month,Yes,Electronic check,100.25,2387.75,1,Loyal(2-4yr),5,1,95.51,16.708333333333332,1,0
Male,No,Yes,No,70,Yes,Yes,Fiber optic,No,Yes,Yes,No,Yes,No,One year,Yes,Bank transfer (automatic),95.0,6602.9,0,VIP(4yr+),5,1,94.32714285714285,15.833333333333334,0,1
Female,No,Yes,No,37,Yes,No,No,No internet service,No internet service,No internet service,No internet service,No internet service,No internet service,One year,Yes,Bank transfer (automatic),19.85,717.5,0,Loyal(2-4yr),1,0,19.39189189189189,9.925,0,1
Female,No,No,No,1,Yes,No,Fiber optic,No,No,Yes,No,No,No,Month-to-month,Yes,Mailed check,74.6,74.6,1,New(0-12mo),2,1,74.6,24.866666666666664,1,0
Male,No,Yes,Yes,72,Yes,Yes,DSL,Yes,Yes,Yes,Yes,Yes,Yes,Two year,No,Credit card (automatic),89.85,6562.9,0,VIP(4yr+),8,1,91.15138888888889,9.983333333333333,0,2
Female,No,No,No,19,No,No phone service,DSL,No,No,No,No,Yes,Yes,One year,Yes,Credit card (automatic),44.85,893.55,1,Established(1-2yr),2,1,47.02894736842105,14.950000000000001,0,1
Male,No,Yes,Yes,65,Yes,Yes,DSL,Yes,Yes,Yes,No,No,Yes,One year,No,Credit card (automatic),72.45,4653.85,1,VIP(4yr+),6,1,71.59769230769231,10.35,0,1
Female,No,Yes,No,10,Yes,Yes,Fiber optic,Yes,No,No,No,No,No,Month-to-month,Yes,Credit card (automatic),78.15,765.15,0,New(0-12mo),3,1,76.515,19.5375,1,0
Male,No,Yes,No,69,Yes,Yes,Fiber optic,Yes,Yes,Yes,Yes,Yes,Yes,Two year,Yes,Bank transfer (automatic),112.55,7806.5,0,VIP(4yr+),8,1,113.1376811594203,12.505555555555555,0,2
Male,No,No,No,40,Yes,No,Fiber optic,No,Yes,No,Yes,No,Yes,One year,Yes,Credit card (automatic),89.6,3488.15,0,Loyal(2-4yr),4,1,87.20375,17.919999999999998,0,1
Female,No,No,No,4,No,No phone service,DSL,Yes,No,No,No,No,No,Month-to-month,Yes,Mailed check,29.15,110.05,0,New(0-12mo),1,1,27.5125,14.575,1,0
Male,No,Yes,Yes,72,Yes,Yes,DSL,Yes,Yes,Yes,Yes,Yes,No,Two year,Yes,Bank transfer (automatic),80.85,5727.45,0,VIP(4yr+),7,1,79.54791666666667,10.10625,0,2
Male,No,Yes,Yes,69,Yes,No,Fiber optic,No,Yes,No,Yes,Yes,No,Two year,Yes,Mailed check,92.15,6480.9,0,VIP(4yr+),4,1,93.92608695652173,18.43,0,2
Female,No,Yes,No,71,No,No phone service,DSL,No,Yes,Yes,Yes,Yes,Yes,Two year,Yes,Credit card (automatic),61.4,4310.35,0,VIP(4yr+),5,1,60.70915492957747,10.233333333333333,0,2
Male,Yes,Yes,Yes,46,Yes,Yes,Fiber optic,Yes,Yes,Yes,No,Yes,No,Month-to-month,Yes,Electronic check,100.7,4541.2,1,Loyal(2-4yr),6,1,98.72173913043478,14.385714285714286,1,0
Male,No,No,No,72,No,No phone service,DSL,Yes,Yes,Yes,Yes,Yes,Yes,Two year,Yes,Bank transfer (automatic),65.55,4807.45,0,VIP(4yr+),6,1,66.77013888888888,9.364285714285714,0,2
Female,Yes,Yes,No,43,No,No phone service,DSL,No,Yes,Yes,No,Yes,Yes,Month-to-month,No,Credit card (automatic),55.55,2342.2,1,Loyal(2-4yr),4,1,54.46976744186046,11.11,1,0
Male,No,Yes,No,65,Yes,Yes,Fiber optic,No,Yes,No,No,Yes,No,Month-to-month,Yes,Bank transfer (automatic),91.85,5940.85,1,VIP(4yr+),4,1,91.39769230769231,18.369999999999997,1,0
Female,No,Yes,No,25,Yes,No,DSL,Yes,Yes,No,Yes,No,Yes,Month-to-month,Yes,Mailed check,71.05,1837.7,0,Loyal(2-4yr),5,1,73.508,11.841666666666667,1,0
Female,No,Yes,No,13,No,No phone service,DSL,No,No,Yes,No,Yes,Yes,Month-to-month,Yes,Bank transfer (automatic),48.75,633.4,1,Established(1-2yr),3,1,48.723076923076924,12.1875,1,0
Male,No,No,No,1,Yes,No,DSL,No,No,Yes,No,No,No,Month-to-month,Yes,Electronic check,50.5,50.5,1,New(0-12mo),2,1,50.5,16.833333333333332,1,0
Male,No,No,No,3,Yes,Yes,Fiber optic,No,Yes,Yes,No,Yes,Yes,Month-to-month,Yes,Bank transfer (automatic),105.35,323.25,1,New(0-12mo),6,1,107.75,15.049999999999999,1,0
Male,No,No,Yes,6,Yes,No,No,No internet service,No internet service,No internet service,No internet service,No internet service,No internet service,Month-to-month,No,Mailed check,19.55,128.6,0,New(0-12mo),1,0,21.433333333333334,9.775,1,0
Female,No,No,No,60,Yes,Yes,Fiber optic,No,Yes,Yes,No,Yes,Yes,Two year,No,Electronic check,104.7,6333.8,0,VIP(4yr+),6,1,105.56333333333333,14.957142857142857,0,2
Female,No,No,Yes,67,Yes,Yes,Fiber optic,No,Yes,No,Yes,Yes,Yes,One year,Yes,Bank transfer (automatic),106.6,7244.7,0,VIP(4yr+),6,1,108.12985074626866,15.228571428571428,0,1
Male,No,No,Yes,31,Yes,Yes,DSL,No,Yes,No,Yes,Yes,Yes,One year,Yes,Mailed check,79.45,2587.7,1,Loyal(2-4yr),6,1,83.47419354838709,11.35,0,1
Female,No,No,No,12,Yes,No,Fiber optic,No,Yes,No,No,No,Yes,Month-to-month,Yes,Electronic check,84.6,1017.35,0,New(0-12mo),3,1,84.77916666666667,21.15,1,0
Female,Yes,No,No,30,Yes,Yes,Fiber optic,No,Yes,Yes,No,Yes,Yes,Month-to-month,Yes,Electronic check,104.1,3121.1,0,Loyal(2-4yr),6,1,104.03666666666666,14.87142857142857,1,0
Female,No,No,No,4,Yes,No,DSL,Yes,No,No,No,No,No,Month-to-month,Yes,Bank transfer (automatic),50.55,235.65,0,New(0-12mo),2,1,58.9125,16.849999999999998,1,0
Male,Yes,Yes,No,66,Yes,Yes,Fiber optic,No,Yes,Yes,Yes,Yes,Yes,One year,Yes,Bank transfer (automatic),107.35,7051.95,0,VIP(4yr+),7,1,106.84772727272727,13.41875,0,1
Male,No,No,Yes,51,Yes,No,DSL,No,No,No,Yes,No,No,One year,No,Credit card (automatic),47.85,2356.75,0,VIP(4yr+),2,1,46.21078431372549,15.950000000000001,0,1
Male,No,No,No,27,Yes,No,No,No internet service,No internet service,No internet service,No internet service,No internet service,No internet service,One year,No,Bank transfer (automatic),20.1,562.6,0,Loyal(2-4yr),1,0,20.83703703703704,10.05,0,1
Female,No,No,Yes,28,Yes,No,No,No internet service,No internet service,No internet service,No internet service,No internet service,No internet service,Month-to-month,No,Mailed check,20.25,535.35,0,Loyal(2-4yr),1,0,19.119642857142857,10.125,1,0
Female,No,Yes,No,23,Yes,No,DSL,No,No,No,Yes,Yes,No,One year,No,Bank transfer (automatic),60.0,1347.15,0,Established(1-2yr),3,1,58.571739130434786,15.0,0,1
Female,Yes,No,No,3,Yes,No,DSL,No,No,No,No,No,No,Month-to-month,No,Electronic check,45.0,127.1,1,New(0-12mo),1,1,42.36666666666667,22.5,1,0
Female,No,Yes,No,68,No,No phone service,DSL,Yes,No,Yes,No,Yes,Yes,One year,Yes,Electronic check,54.4,3723.65,0,VIP(4yr+),4,1,54.75955882352941,10.879999999999999,0,1
Male,No,No,No,9,Yes,Yes,Fiber optic,No,No,No,No,No,No,Month-to-month,Yes,Electronic check,76.25,684.85,0,New(0-12mo),2,1,76.09444444444445,25.416666666666668,1,0
Female,No,Yes,Yes,52,Yes,Yes,Fiber optic,No,Yes,Yes,No,Yes,No,One year,Yes,Credit card (automatic),95.7,4976.15,0,VIP(4yr+),5,1,95.6951923076923,15.950000000000001,0,1
Female,Yes,Yes,No,48,Yes,Yes,Fiber optic,Yes,Yes,Yes,Yes,Yes,Yes,Month-to-month,No,Electronic check,117.45,5438.9,1,Loyal(2-4yr),8,1,113.31041666666665,13.05,1,0
Male,No,No,Yes,57,Yes,No,No,No internet service,No internet service,No internet service,No internet service,No internet service,No internet service,Two year,Yes,Mailed check,19.6,1170.55,0,VIP(4yr+),1,0,20.5359649122807,9.8,0,2
Male,No,Yes,Yes,69,Yes,No,Fiber optic,Yes,Yes,No,Yes,Yes,Yes,Two year,Yes,Credit card (automatic),106.35,7261.75,0,VIP(4yr+),6,1,105.2427536231884,15.192857142857141,0,2
Female,No,Yes,Yes,67,Yes,Yes,Fiber optic,Yes,No,Yes,Yes,Yes,Yes,Two year,Yes,Credit card (automatic),108.75,7156.2,1,VIP(4yr+),7,1,106.80895522388059,13.59375,0,2
Female,No,No,No,12,Yes,No,No,No internet service,No internet service,No internet service,No internet service,No internet service,No internet service,Month-to-month,No,Mailed check,20.1,223.6,0,New(0-12mo),1,0,18.633333333333333,10.05,1,0
Female,Yes,No,No,54,Yes,Yes,Fiber optic,No,Yes,No,No,No,No,Month-to-month,Yes,Electronic check,79.5,4370.25,1,VIP(4yr+),3,1,80.93055555555556,19.875,1,0
Male,No,No,No,70,No,No phone service,DSL,No,No,No,Yes,No,Yes,Two year,Yes,Mailed check,40.05,2799.75,0,VIP(4yr+),2,1,39.996428571428574,13.35,0,2
Male,No,No,No,1,Yes,No,DSL,No,No,No,No,No,No,Month-to-month,No,Electronic check,45.75,45.75,1,New(0-12mo),1,1,45.75,22.875,1,0
Male,No,Yes,Yes,26,Yes,No,Fiber optic,No,No,No,No,No,Yes,One year,No,Bank transfer (automatic),78.95,2034.25,0,Loyal(2-4yr),2,1,78.24038461538461,26.316666666666666,0,1
Male,No,No,No,5,Yes,Yes,Fiber optic,No,Yes,Yes,No,No,Yes,Month-to-month,No,Electronic check,96.55,500.1,0,New(0-12mo),5,1,100.02000000000001,16.091666666666665,1,0
Female,No,No,No,18,Yes,No,No,No internet service,No internet service,No internet service,No internet service,No internet service,No internet service,Month-to-month,No,Mailed check,19.65,391.7,0,Established(1-2yr),1,0,21.76111111111111,9.825,1,0
Female,No,No,No,58,Yes,No,Fiber optic,Yes,Yes,Yes,No,Yes,Yes,One year,Yes,Electronic check,106.45,6145.85,1,VIP(4yr+),6,1,105.96293103448276,15.207142857142857,0,1
Female,Yes,No,No,71,Yes,Yes,Fiber optic,Yes,Yes,No,Yes,Yes,No,One year,Yes,Credit card (automatic),99.65,7181.25,0,VIP(4yr+),6,1,101.1443661971831,14.235714285714286,0,1
Female,No,No,No,32,Yes,No,No,No internet service,No internet service,No internet service,No internet service,No internet service,No internet service,One year,No,Bank transfer (automatic),19.75,624.15,0,Loyal(2-4yr),1,0,19.5046875,9.875,0,1
